name,callsign,imonumber,flag,length,type,grosstonnage,mmsinumber,latitudedegrees,longitudedegrees,speedoverground,speedoverwater,courseoverground,courseoverwater,headingoverground,headingoverwater,timestamp,is_stopped,lat_tug_9386081,lon_tug_9386081,sog_tug_9386081,heading_tug_9386081
CSCL MERCURY,VRIQ7   ,9467275,HK,,CS,151993,477229400,1.20785735481,103.836541074,4.78433,9.2393,4.59196,263.234,4.66002910282,266.995,2023-05-14 18:25:18,False,1.23687881709,103.837316818,5.65889,166.998
CSCL MERCURY,VRIQ7   ,9467275,HK,,CS,151993,477229400,1.20782247696,103.836245087,4.78433,9.21999,4.5972,263.22,4.67748239534,267.995,2023-05-14 18:25:28,False,1.23669552669,103.836930523,5.81322,166.998
CSCL MERCURY,VRIQ7   ,9467275,HK,,CS,151993,477229400,1.20779421395,103.83593647,4.78433,9.22628,4.61116,263.953,4.69493568786,268.995,2023-05-14 18:25:38,False,1.23641506181,103.836247336,5.91611,166.998
CSCL MERCURY,VRIQ7   ,9467275,HK,,CS,151993,477229400,1.20773566956,103.835277454,4.78433,9.35201,4.62338,264.633,4.7298422729,272.999,2023-05-14 18:25:48,False,1.23626676347,103.836058198,5.50456,166.998
CSCL MERCURY,VRIQ7   ,9467275,HK,,CS,151993,477229400,1.20773862676,103.835018869,4.73289,9.25688,4.64607,265.906,4.76474885794,272.999,2023-05-14 18:25:58,False,1.23603116056,103.835669114,5.60744,166.998
CSCL MERCURY,VRIQ7   ,9467275,HK,,CS,151993,477229400,1.20772614405,103.834396998,4.73289,9.22046,4.68272,267.825,4.8171087355,275.999,2023-05-14 18:26:08,False,1.23569366088,103.835090549,5.76178,166.998
CSCL MERCURY,VRIQ7   ,9467275,HK,,CS,151993,477229400,1.20771741222,103.834103917,4.73289,9.20032,4.68272,267.942,4.8171087355,275.999,2023-05-14 18:26:18,False,1.23548468119,103.834742288,5.60744,166.998
CSCL MERCURY,VRIQ7   ,9467275,HK,,CS,151993,477229400,1.20773009101,103.833517488,4.68144,9.09721,4.72112,269.878,4.85201532054,277.998,2023-05-14 18:26:28,False,1.23508411361,103.834064879,5.76178,166.998
CSCL MERCURY,VRIQ7   ,9467275,HK,,CS,151993,477229400,1.20774920956,103.833181719,4.68144,9.07909,4.7438,270.981,4.86946861306,278.998,2023-05-14 18:26:38,False,1.2349350394,103.83375582,5.60744,166.998
CSCL MERCURY,VRIQ7   ,9467275,HK,,CS,151993,477229400,1.20775767292,103.832891931,4.68144,9.06,4.7438,271.106,4.86946861306,278.998,2023-05-14 18:26:48,False,1.2347981793,103.833434986,5.556,166.998
CSCL MERCURY,VRIQ7   ,9467275,HK,,CS,151993,477229400,1.20780301062,103.832239222,4.63,8.97227,4.77522,272.856,4.88692190558,279.998,2023-05-14 18:26:58,False,1.23455050089,103.832707538,5.40167,166.998
CSCL MERCURY,VRIQ7   ,9467275,HK,,CS,151993,477229400,1.20782309611,103.831908484,4.63,8.95385,4.77522,272.987,4.88692190558,279.998,2023-05-14 18:27:08,False,1.23450101946,103.832423405,5.29878,166.998
CSCL MERCURY,VRIQ7   ,9467275,HK,,CS,151993,477229400,1.20785346635,103.831619459,4.63,8.95944,4.78744,273.607,4.88692190558,279.998,2023-05-14 18:27:18,False,1.23445951676,103.832039647,5.29878,166.998
CSCL MERCURY,VRIQ7   ,9467275,HK,,CS,151993,477229400,1.20791558012,103.831048505,4.63,8.95777,4.81362,275.104,4.9043751981,280.997,2023-05-14 18:27:28,False,1.23445480451,103.831323324,5.35022,166.998
CSCL MERCURY,VRIQ7   ,9467275,HK,,CS,151993,477229400,1.20794724828,103.830725312,4.63,8.9438,4.81885,275.488,4.9043751981,280.997,2023-05-14 18:27:38,False,1.23450694881,103.830984314,5.45311,166.998
CSCL MERCURY,VRIQ7   ,9467275,HK,,CS,151993,477229400,1.20797863405,103.830437212,4.63,8.94568,4.81885,275.611,4.9043751981,280.997,2023-05-14 18:27:48,False,1.23457403977,103.830221081,5.65889,166.998
CSCL MERCURY,VRIQ7   ,9467275,HK,,CS,151993,477229400,1.20805174249,103.829794893,4.63,8.9557,4.82758,276.23,4.9043751981,280.997,2023-05-14 18:27:58,False,1.23463215527,103.829738732,5.81322,166.998
CSCL MERCURY,VRIQ7   ,9467275,HK,,CS,151993,477229400,1.20807906625,103.829595667,4.63,8.96001,4.82758,276.477,4.9043751981,280.997,2023-05-14 18:28:08,False,1.23463948738,103.829401485,5.81322,166.998
CSCL MERCURY,VRIQ7   ,9467275,HK,,CS,151993,477229400,1.20816924183,103.828964888,4.63,8.97149,4.8398,277.094,4.9043751981,280.997,2023-05-14 18:28:18,False,1.23472546238,103.828653445,6.019,166.998
CSCL MERCURY,VRIQ7   ,9467275,HK,,CS,151993,477229400,1.20820754261,103.828676087,4.63,8.97149,4.8398,277.094,4.9043751981,280.997,2023-05-14 18:28:28,False,1.23481745698,103.828294735,5.91611,166.998
CSCL MERCURY,VRIQ7   ,9467275,HK,,CS,151993,477229400,1.20824624967,103.828392118,4.63,8.97888,4.84678,277.463,4.9043751981,280.997,2023-05-14 18:28:38,False,1.2348456456,103.82751182,5.91611,166.998
CSCL MERCURY,VRIQ7   ,9467275,HK,,CS,151993,477229400,1.20833601968,103.827880225,4.63,8.97006,4.85551,277.972,4.9043751981,280.997,2023-05-14 18:28:48,False,1.23481326589,103.827193084,5.91611,166.998
CSCL MERCURY,VRIQ7   ,9467275,HK,,CS,151993,477229400,1.20838414089,103.827554261,4.63,8.97277,4.85551,278.095,4.9043751981,280.997,2023-05-14 18:28:58,False,1.23480262286,103.826842439,5.76178,166.998
CSCL MERCURY,VRIQ7   ,9467275,HK,,CS,151993,477229400,1.20843522071,103.827232687,4.63,8.97833,4.86074,278.341,4.9043751981,280.997,2023-05-14 18:29:08,False,1.23481853984,103.826105905,5.81322,166.998
CSCL MERCURY,VRIQ7   ,9467275,HK,,CS,151993,477229400,1.20853276561,103.82658283,4.63,8.96776,4.86772,278.727,4.88692190558,279.998,2023-05-14 18:29:18,False,1.2348223226,103.825686629,5.81322,166.998
CSCL MERCURY,VRIQ7   ,9467275,HK,,CS,151993,477229400,1.20857806528,103.826296498,4.63,8.96776,4.86772,278.727,4.88692190558,279.998,2023-05-14 18:29:28,False,1.23481976024,103.825322872,5.76178,166.998
CSCL MERCURY,VRIQ7   ,9467275,HK,,CS,151993,477229400,1.20868186359,103.825734608,4.63,8.9576,4.8747,279.115,4.88692190558,279.998,2023-05-14 18:29:38,False,1.23480742645,103.824589111,5.81322,166.998
CSCL MERCURY,VRIQ7   ,9467275,HK,,CS,151993,477229400,1.20872963162,103.825447639,4.63,8.9607,4.8747,279.238,4.88692190558,279.998,2023-05-14 18:29:48,False,1.23480075893,103.8241749,5.81322,166.998
CSCL MERCURY,VRIQ7   ,9467275,HK,,CS,151993,477229400,1.20878080868,103.825163303,4.63,8.9607,4.87645,279.238,4.88692190558,279.998,2023-05-14 18:29:58,False,1.2347910514,103.823798609,5.81322,166.998
CSCL MERCURY,VRIQ7   ,9467275,HK,,CS,151993,477229400,1.20889314217,103.824557979,4.63,8.95435,4.88518,279.749,4.88692190558,279.998,2023-05-14 18:30:08,False,1.23477517796,103.823071909,5.81322,166.998
CSCL MERCURY,VRIQ7   ,9467275,HK,,CS,151993,477229400,1.2089440895,103.824272871,4.63,8.95435,4.88518,279.749,4.88692190558,279.998,2023-05-14 18:30:18,False,1.2348141281,103.822659161,5.76178,166.998
CSCL MERCURY,VRIQ7   ,9467275,HK,,CS,151993,477229400,1.20906398258,103.823652819,4.57856,8.86193,4.88867,279.979,4.88692190558,279.998,2023-05-14 18:30:28,False,1.23486856715,103.821866833,5.91611,166.998
CSCL MERCURY,VRIQ7   ,9467275,HK,,CS,151993,477229400,1.20911610887,103.823369927,4.57856,8.86532,4.88867,280.103,4.88692190558,279.998,2023-05-14 18:30:38,False,1.23490495041,103.82155802,5.81322,166.998
CSCL MERCURY,VRIQ7   ,9467275,HK,,CS,151993,477229400,1.20916756389,103.823084365,4.57856,8.88107,4.88518,279.957,4.88692190558,279.998,2023-05-14 18:30:48,False,1.23496047121,103.820783204,5.81322,166.998
CSCL MERCURY,VRIQ7   ,9467275,HK,,CS,151993,477229400,1.20928332385,103.8225025,4.57856,8.88788,4.89216,280.204,4.88692190558,279.998,2023-05-14 18:30:58,False,1.23493636719,103.820375028,5.71033,166.998
CSCL MERCURY,VRIQ7   ,9467275,HK,,CS,151993,477229400,1.20935154496,103.822140013,4.57856,8.89485,4.89565,280.45,4.88692190558,279.998,2023-05-14 18:31:08,False,1.2349359078,103.819971459,5.71033,166.998
CSCL MERCURY,VRIQ7   ,9467275,HK,,CS,151993,477229400,1.20941407869,103.821805014,4.57856,8.89485,4.89565,280.45,4.88692190558,279.998,2023-05-14 18:31:18,False,1.23511739932,103.819228348,5.60744,166.998
CSCL MERCURY,VRIQ7   ,9467275,HK,,CS,151993,477229400,1.20953532258,103.821197155,4.57856,8.89839,4.89914,280.574,4.88692190558,279.998,2023-05-14 18:31:28,False,1.23513224745,103.818838342,5.50456,166.998
CSCL MERCURY,VRIQ7   ,9467275,HK,,CS,151993,477229400,1.2096030893,103.820892314,4.57856,8.90198,4.90088,280.697,4.88692190558,279.998,2023-05-14 18:31:38,False,1.23517357137,103.818503166,5.50456,166.998
CSCL MERCURY,VRIQ7   ,9467275,HK,,CS,151993,477229400,1.20965793543,103.820607653,4.57856,8.90198,4.90088,280.697,4.88692190558,279.998,2023-05-14 18:31:48,False,1.23524371778,103.817829558,5.45311,166.998
CSCL MERCURY,VRIQ7   ,9467275,HK,,CS,151993,477229400,1.20974668052,103.820189141,4.57856,8.90561,4.90263,280.819,4.88692190558,279.998,2023-05-14 18:31:58,False,1.23535254551,103.817585627,5.50456,166.998
CSCL MERCURY,VRIQ7   ,9467275,HK,,CS,151993,477229400,1.20980717445,103.819904832,4.57856,8.90928,4.90438,280.942,4.88692190558,279.998,2023-05-14 18:32:08,False,1.23535254551,103.817585627,5.50456,166.998
CSCL MERCURY,VRIQ7   ,9467275,HK,,CS,151993,477229400,1.20987342168,103.819573715,4.57856,8.89391,4.90438,281.089,4.88692190558,279.998,2023-05-14 18:32:18,False,1.23559571762,103.816551204,5.50456,166.998
CSCL MERCURY,VRIQ7   ,9467275,HK,,CS,151993,477229400,1.20998735193,103.818924671,4.57856,8.90561,4.90088,280.819,4.88692190558,279.998,2023-05-14 18:32:28,False,1.23567179348,103.816179397,5.29878,166.998
CSCL MERCURY,VRIQ7   ,9467275,HK,,CS,151993,477229400,1.21004486456,103.818599064,4.57856,8.89019,4.90438,280.966,4.88692190558,279.998,2023-05-14 18:32:38,False,1.23575804785,103.815810776,5.24733,166.998
CSCL MERCURY,VRIQ7   ,9467275,HK,,CS,151993,477229400,1.21013886708,103.818051992,4.57856,8.88652,4.90088,280.843,4.88692190558,279.998,2023-05-14 18:32:48,False,1.23594281174,103.815174483,5.24733,166.998
CSCL MERCURY,VRIQ7   ,9467275,HK,,CS,151993,477229400,1.21019339058,103.817769549,4.57856,8.88652,4.90088,280.843,4.88692190558,279.998,2023-05-14 18:32:58,False,1.23606082712,103.814819734,5.24733,166.998
CSCL MERCURY,VRIQ7   ,9467275,HK,,CS,151993,477229400,1.21024828936,103.817483129,4.57856,8.88288,4.90088,280.72,4.88692190558,279.998,2023-05-14 18:33:08,False,1.23625393018,103.814190417,5.24733,166.998
CSCL MERCURY,VRIQ7   ,9467275,HK,,CS,151993,477229400,1.21037238927,103.816872244,4.57856,8.88288,4.90088,280.72,4.88692190558,279.998,2023-05-14 18:33:18,False,1.23637799075,103.813837661,5.19589,166.998
CSCL MERCURY,VRIQ7   ,9467275,HK,,CS,151993,477229400,1.21044452705,103.8165566,4.57856,8.88652,4.90263,280.843,4.88692190558,279.998,2023-05-14 18:33:28,False,1.23648004112,103.813530625,5.19589,166.998
CSCL MERCURY,VRIQ7   ,9467275,HK,,CS,151993,477229400,1.21049630791,103.81625466,4.57856,8.80235,4.90263,281.335,4.88692190558,279.998,2023-05-14 18:33:38,False,1.2366073274,103.813180392,5.19589,166.998
CSCL MERCURY,VRIQ7   ,9467275,HK,,CS,151993,477229400,1.21060890001,103.815656346,4.52711,8.7874,4.90088,280.838,4.88692190558,279.998,2023-05-14 18:33:48,False,1.23680665833,103.812530807,5.093,166.998
CSCL MERCURY,VRIQ7   ,9467275,HK,,CS,151993,477229400,1.21066264613,103.815378396,4.52711,8.7874,4.90088,280.838,4.88692190558,279.998,2023-05-14 18:33:58,False,1.23690148226,103.812241541,4.99011,166.998
CSCL MERCURY,VRIQ7   ,9467275,HK,,CS,151993,477229400,1.21078750534,103.814786718,4.52711,8.79108,4.90438,280.962,4.9043751981,280.997,2023-05-14 18:34:08,False,1.23710406165,103.811649947,4.93867,166.998
CSCL MERCURY,VRIQ7   ,9467275,HK,,CS,151993,477229400,1.21084075266,103.814530425,4.52711,8.69944,4.90438,281.21,4.9043751981,280.997,2023-05-14 18:34:18,False,1.23719841277,103.811345194,4.99011,166.998
CSCL MERCURY,VRIQ7   ,9467275,HK,,CS,151993,477229400,1.21090999287,103.814177788,4.52711,8.77949,4.91136,281.235,4.92182849062,281.997,2023-05-14 18:34:28,False,1.23733853966,103.810970037,4.93867,166.998
CSCL MERCURY,VRIQ7   ,9467275,HK,,CS,151993,477229400,1.21102989251,103.813563456,4.57856,8.89805,4.92357,281.85,4.95673507566,283.997,2023-05-14 18:34:38,False,1.23753060678,103.810374674,4.93867,166.998
CSCL MERCURY,VRIQ7   ,9467275,HK,,CS,151993,477229400,1.21109536648,103.813254446,4.57856,8.86001,4.92357,281.902,4.95673507566,283.997,2023-05-14 18:34:48,False,1.23762843757,103.810078766,4.93867,166.998
CSCL MERCURY,VRIQ7   ,9467275,HK,,CS,151993,477229400,1.21116485496,103.812985527,4.57856,8.79626,4.92357,282.378,4.95673507566,283.997,2023-05-14 18:34:58,False,1.23776582559,103.809502989,5.04156,166.998
CSCL MERCURY,VRIQ7   ,9467275,HK,,CS,151993,477229400,1.21129404254,103.812492557,4.47567,8.76249,4.94277,282.556,4.95673507566,283.997,2023-05-14 18:35:08,False,1.23789078881,103.809167204,5.04156,166.998
CSCL MERCURY,VRIQ7   ,9467275,HK,,CS,151993,477229400,1.21136565036,103.812209924,4.47567,8.75207,4.94277,282.832,4.95673507566,283.997,2023-05-14 18:35:18,False,1.23800938427,103.808826737,5.04156,166.998
CSCL MERCURY,VRIQ7   ,9467275,HK,,CS,151993,477229400,1.21143290868,103.811936959,4.47567,8.73747,4.94277,282.985,4.97418836818,284.996,2023-05-14 18:35:28,False,1.23822500254,103.808214444,5.093,166.998
CSCL MERCURY,VRIQ7   ,9467275,HK,,CS,151993,477229400,1.21156898346,103.811351703,4.47567,8.69403,4.9515,283.446,4.97418836818,284.996,2023-05-14 18:35:38,False,1.23830794197,103.808002293,5.093,166.998
CSCL MERCURY,VRIQ7   ,9467275,HK,,CS,151993,477229400,1.21164141711,103.811082139,4.47567,8.69357,4.96023,283.974,4.9916416607,285.996,2023-05-14 18:35:48,False,1.23847198813,103.807572395,5.14444,166.998
CSCL MERCURY,VRIQ7   ,9467275,HK,,CS,151993,477229400,1.21180003098,103.810551254,4.47567,8.6488,4.98815,285.379,5.02654824574,287.996,2023-05-14 18:35:58,False,1.23866916108,103.806958355,5.14444,166.998
CSCL MERCURY,VRIQ7   ,9467275,HK,,CS,151993,477229400,1.21191343762,103.810176031,4.47567,8.66179,4.98815,286.157,5.02654824574,287.996,2023-05-14 18:36:08,False,1.23876091952,103.806652189,5.14444,166.998
CSCL MERCURY,VRIQ7   ,9467275,HK,,CS,151993,477229400,1.2119910862,103.809902426,4.47567,8.6564,5.00211,286.034,5.04400153826,288.995,2023-05-14 18:36:18,False,1.23899110683,103.806008907,5.093,166.998
CSCL MERCURY,VRIQ7   ,9467275,HK,,CS,151993,477229400,1.21215150634,103.809400352,4.42422,8.58506,5.01433,286.712,5.06145483078,289.995,2023-05-14 18:36:28,False,1.23913330457,103.805669185,5.093,166.998
CSCL MERCURY,VRIQ7   ,9467275,HK,,CS,151993,477229400,1.21226041867,103.809102879,4.42422,8.59404,5.01433,287.779,5.06145483078,289.995,2023-05-14 18:36:38,False,1.23923921415,103.805405624,5.14444,166.998
CSCL MERCURY,VRIQ7   ,9467275,HK,,CS,151993,477229400,1.21247021638,103.808583291,4.42422,8.58944,5.07018,289.706,5.13126800086,294.0,2023-05-14 18:36:48,False,1.23950680465,103.80471,5.19589,166.998
CSCL MERCURY,VRIQ7   ,9467275,HK,,CS,151993,477229400,1.21256747138,103.808324356,4.42422,8.59601,5.07018,289.828,5.13126800086,294.0,2023-05-14 18:36:58,False,1.2396159217,103.804414754,5.19589,166.998
CSCL MERCURY,VRIQ7   ,9467275,HK,,CS,151993,477229400,1.21277557798,103.807824997,4.37278,8.48668,5.09462,291.217,5.14872129338,294.999,2023-05-14 18:37:08,False,1.23989333081,103.803858862,5.19589,166.998
CSCL MERCURY,VRIQ7   ,9467275,HK,,CS,151993,477229400,1.2128792536,103.807569766,4.37278,8.49373,5.09462,291.339,5.14872129338,294.999,2023-05-14 18:37:18,False,1.23998680341,103.803495204,5.19589,166.998
CSCL MERCURY,VRIQ7   ,9467275,HK,,CS,151993,477229400,1.21299138948,103.807284424,4.32133,8.39961,5.10334,291.875,5.14872129338,294.999,2023-05-14 18:37:28,False,1.24009654501,103.803191796,5.19589,166.998
CSCL MERCURY,VRIQ7   ,9467275,HK,,CS,151993,477229400,1.21321802024,103.806778168,4.32133,8.40249,5.12778,293.303,5.18362787842,296.999,2023-05-14 18:37:38,False,1.24023384432,103.802557299,5.14444,166.998
CSCL MERCURY,VRIQ7   ,9467275,HK,,CS,151993,477229400,1.21334411014,103.806495204,4.32133,8.38464,5.12778,293.356,5.18362787842,296.999,2023-05-14 18:37:48,False,1.24027307565,103.802245026,5.093,166.998
CSCL MERCURY,VRIQ7   ,9467275,HK,,CS,151993,477229400,1.21354306429,103.806114556,4.32133,8.33064,5.15745,295.13,5.21853446346,298.998,2023-05-14 18:37:58,False,1.24034657375,103.801563335,5.093,166.998
CSCL MERCURY,VRIQ7   ,9467275,HK,,CS,151993,477229400,1.21366760473,103.80586629,4.32133,8.39068,5.16268,295.378,5.23598775598,299.998,2023-05-14 18:38:08,False,1.2403199951,103.801341324,4.99011,166.998
CSCL MERCURY,VRIQ7   ,9467275,HK,,CS,151993,477229400,1.21378069959,103.805637602,4.32133,8.31211,5.16268,295.486,5.23598775598,299.998,2023-05-14 18:38:18,False,1.24031112759,103.800722102,4.99011,166.998
CSCL MERCURY,VRIQ7   ,9467275,HK,,CS,151993,477229400,1.21403666946,103.805164161,4.26989,8.23277,5.17839,297.11,5.2534410485,300.998,2023-05-14 18:38:28,False,1.24029301425,103.800393768,5.04156,166.998
CSCL MERCURY,VRIQ7   ,9467275,HK,,CS,151993,477229400,1.21417390525,103.804909627,4.26989,8.31129,5.1941,297.284,5.27089434102,301.998,2023-05-14 18:38:38,False,1.24025494814,103.800079443,5.04156,166.998
CSCL MERCURY,VRIQ7   ,9467275,HK,,CS,151993,477229400,1.2143123115,103.804671658,4.26989,8.31284,5.1941,297.883,5.27089434102,302.997,2023-05-14 18:38:48,False,1.2401708143,103.799450517,4.99011,166.998
CSCL MERCURY,VRIQ7   ,9467275,HK,,CS,151993,477229400,1.21463899955,103.804115916,4.21844,8.22432,5.2325,299.291,5.32325421858,304.997,2023-05-14 18:38:58,False,1.24013650062,103.799088156,5.04156,166.998
CSCL MERCURY,VRIQ7   ,9467275,HK,,CS,151993,477229400,1.21475739819,103.803916805,4.21844,8.21692,5.2325,299.476,5.32325421858,304.997,2023-05-14 18:39:08,False,1.24008353352,103.798456847,5.04156,166.998
CSCL MERCURY,VRIQ7   ,9467275,HK,,CS,151993,477229400,1.215067369,103.803436989,4.21844,8.20758,5.26566,301.243,5.35816080362,306.996,2023-05-14 18:39:18,False,1.24004656216,103.798134932,5.093,166.998
CSCL MERCURY,VRIQ7   ,9467275,HK,,CS,151993,477229400,1.21520752839,103.80320966,4.21844,8.21768,5.26566,301.359,5.35816080362,306.996,2023-05-14 18:39:28,False,1.23998662113,103.797781714,5.04156,166.998
CSCL MERCURY,VRIQ7   ,9467275,HK,,CS,151993,477229400,1.21549847661,103.80278687,4.167,8.10909,5.29707,302.966,5.41052068118,309.996,2023-05-14 18:39:38,False,1.23987867628,103.797141281,5.14444,166.998
CSCL MERCURY,VRIQ7   ,9467275,HK,,CS,151993,477229400,1.21565180427,103.802575352,4.167,8.10853,5.31453,303.957,5.4279739737,310.995,2023-05-14 18:39:48,False,1.23984341213,103.796851284,4.83578,166.998
CSCL MERCURY,VRIQ7   ,9467275,HK,,CS,151993,477229400,1.21582318323,103.802327235,4.167,8.10853,5.31453,303.957,5.4279739737,310.995,2023-05-14 18:39:58,False,1.23980246452,103.796549358,4.83578,166.998
CSCL MERCURY,VRIQ7   ,9467275,HK,,CS,151993,477229400,1.21615139659,103.801902777,4.167,8.10329,5.34769,305.825,5.46288055874,312.995,2023-05-14 18:40:08,False,1.2397628631,103.79600251,4.83578,166.998
CSCL MERCURY,VRIQ7   ,9467275,HK,,CS,151993,477229400,1.216305859,103.801688481,4.167,8.11468,5.34769,305.937,5.46288055874,312.995,2023-05-14 18:40:18,False,1.23973224908,103.795730312,4.32133,166.998
CSCL MERCURY,VRIQ7   ,9467275,HK,,CS,151993,477229400,1.21664808831,103.801273714,4.06411,7.93958,5.38085,307.74,5.49778714378,315.0,2023-05-14 18:40:28,False,1.23969316669,103.795199487,4.32133,166.998
CSCL MERCURY,VRIQ7   ,9467275,HK,,CS,151993,477229400,1.21681203182,103.801077955,4.06411,7.93855,5.39656,308.638,5.5152404363,316.0,2023-05-14 18:40:38,False,1.23968757012,103.794906786,4.06411,166.998
CSCL MERCURY,VRIQ7   ,9467275,HK,,CS,151993,477229400,1.21697573241,103.800880301,4.06411,7.93855,5.39656,308.638,5.5152404363,316.0,2023-05-14 18:40:48,False,1.23966419832,103.794651015,4.11556,166.998
CSCL MERCURY,VRIQ7   ,9467275,HK,,CS,151993,477229400,1.21736793963,103.80043877,4.01267,7.95716,5.42623,310.343,5.55014702134,317.999,2023-05-14 18:40:58,False,1.23962972194,103.794143828,4.06411,166.998
CSCL MERCURY,VRIQ7   ,9467275,HK,,CS,151993,477229400,1.21753779153,103.800246279,4.06411,7.92757,5.43146,310.525,5.55014702134,317.999,2023-05-14 18:41:08,False,1.23963092507,103.793927506,4.01267,166.998
CSCL MERCURY,VRIQ7   ,9467275,HK,,CS,151993,477229400,1.2176727105,103.800098105,4.06411,7.99301,5.43146,310.858,5.55014702134,317.999,2023-05-14 18:41:18,False,1.2395937855,103.793509237,4.01267,166.998
CSCL MERCURY,VRIQ7   ,9467275,HK,,CS,151993,477229400,1.2180301612,103.799695815,4.01267,7.86152,5.44368,311.692,5.55014702134,317.999,2023-05-14 18:41:28,False,1.239563085,103.793334184,3.08667,166.998
CSCL MERCURY,VRIQ7   ,9467275,HK,,CS,151993,477229400,1.21821904952,103.799490569,4.01267,7.81957,5.44543,311.775,5.55014702134,317.999,2023-05-14 18:41:38,False,1.23953527233,103.793153637,2.72656,166.998
CSCL MERCURY,VRIQ7   ,9467275,HK,,CS,151993,477229400,1.21838241926,103.79931769,3.96122,7.72127,5.44892,312.041,5.55014702134,317.999,2023-05-14 18:41:48,False,1.23949282237,103.792826629,2.41789,166.998
CSCL MERCURY,VRIQ7   ,9467275,HK,,CS,151993,477229400,1.21871285909,103.798966687,3.90978,7.60878,5.4559,312.412,5.55014702134,317.999,2023-05-14 18:41:58,False,1.23946100103,103.792689693,2.21211,166.998
CSCL MERCURY,VRIQ7   ,9467275,HK,,CS,151993,477229400,1.21889634248,103.798768075,3.85833,7.51205,5.4559,312.483,5.56760031386,318.999,2023-05-14 18:42:08,False,1.2394309836,103.792554687,2.21211,166.998
CSCL MERCURY,VRIQ7   ,9467275,HK,,CS,151993,477229400,1.21919173416,103.798442897,3.80689,7.39898,5.46812,313.084,5.58505360638,319.999,2023-05-14 18:42:18,False,1.23939429747,103.792284266,1.90344,166.998
CSCL MERCURY,VRIQ7   ,9467275,HK,,CS,151993,477229400,1.21935601349,103.798269556,3.80689,7.38479,5.46812,313.187,5.58505360638,319.999,2023-05-14 18:42:28,False,1.23937418751,103.792174175,1.90344,166.998
CSCL MERCURY,VRIQ7   ,9467275,HK,,CS,151993,477229400,1.2197304657,103.797908883,3.75544,7.28618,5.48208,313.919,5.6025068989,320.999,2023-05-14 18:42:38,False,1.23930616479,103.791725187,3.29244,166.998
CSCL MERCURY,VRIQ7   ,9467275,HK,,CS,151993,477229400,1.21989444481,103.797740807,3.75544,7.28618,5.4943,313.919,5.58505360638,319.999,2023-05-14 18:42:48,False,1.23926878697,103.791430566,4.06411,166.998
CSCL MERCURY,VRIQ7   ,9467275,HK,,CS,151993,477229400,1.22006996268,103.797581251,3.75544,7.28509,5.4943,314.568,5.58505360638,319.999,2023-05-14 18:42:58,False,1.2392163149,103.791097714,4.57856,166.998
CSCL MERCURY,VRIQ7   ,9467275,HK,,CS,151993,477229400,1.22044777512,103.797214339,3.75544,7.27146,5.49255,314.458,5.58505360638,319.999,2023-05-14 18:43:08,False,1.23913345668,103.79053835,4.57856,166.998
CSCL MERCURY,VRIQ7   ,9467275,HK,,CS,151993,477229400,1.22061464215,103.797046505,3.75544,7.27146,5.49255,314.458,5.58505360638,319.999,2023-05-14 18:43:18,False,1.23912200415,103.790049704,5.19589,166.998
CSCL MERCURY,VRIQ7   ,9467275,HK,,CS,151993,477229400,1.22093059794,103.7967084,3.75544,7.28535,5.48732,314.351,5.55014702134,317.999,2023-05-14 18:43:28,False,1.23909118939,103.789427152,5.24733,166.998
CSCL MERCURY,VRIQ7   ,9467275,HK,,CS,151993,477229400,1.22109783145,103.796540364,3.75544,7.29895,5.48732,314.461,5.55014702134,317.999,2023-05-14 18:43:38,False,1.2390916761,103.789086341,5.29878,166.998
CSCL MERCURY,VRIQ7   ,9467275,HK,,CS,151993,477229400,1.22128388064,103.796361653,3.75544,7.28535,5.48732,314.351,5.55014702134,317.999,2023-05-14 18:43:48,False,1.23909070105,103.788742524,5.29878,166.998
CSCL MERCURY,VRIQ7   ,9467275,HK,,CS,151993,477229400,1.22166008948,103.795971623,3.75544,7.31423,5.47335,313.708,5.53269372882,317.0,2023-05-14 18:43:58,False,1.23906365058,103.78802998,5.24733,166.998
CSCL MERCURY,VRIQ7   ,9467275,HK,,CS,151993,477229400,1.22176669897,103.795860662,3.75544,7.37063,5.46288,313.29,5.5152404363,316.0,2023-05-14 18:44:08,False,1.2390433566,103.787708021,5.24733,166.998
CSCL MERCURY,VRIQ7   ,9467275,HK,,CS,151993,477229400,1.22195541931,103.795662809,3.75544,7.37063,5.46288,313.29,5.5152404363,316.0,2023-05-14 18:44:18,False,1.23904415641,103.787451665,5.40167,166.998
CSCL MERCURY,VRIQ7   ,9467275,HK,,CS,151993,477229400,1.22230753122,103.795294743,3.75544,7.35824,5.45415,312.966,5.5152404363,316.0,2023-05-14 18:44:28,False,1.23900775042,103.78673007,5.40167,166.998
CSCL MERCURY,VRIQ7   ,9467275,HK,,CS,151993,477229400,1.22247107727,103.795120748,3.75544,7.34501,5.45415,312.855,5.5152404363,316.0,2023-05-14 18:44:38,False,1.238970115,103.786397258,5.40167,166.998
CSCL MERCURY,VRIQ7   ,9467275,HK,,CS,151993,477229400,1.22278884748,103.794771926,3.75544,7.25179,5.45066,312.284,5.49778714378,315.0,2023-05-14 18:44:48,False,1.23892673616,103.785678221,5.35022,166.998
CSCL MERCURY,VRIQ7   ,9467275,HK,,CS,151993,477229400,1.22295630542,103.794572827,3.704,7.24165,5.43146,311.736,5.48033385126,313.995,2023-05-14 18:44:58,False,1.2389071666,103.785287113,5.45311,166.998
CSCL MERCURY,VRIQ7   ,9467275,HK,,CS,151993,477229400,1.22311302008,103.79439745,3.704,7.22872,5.43146,311.621,5.48033385126,313.995,2023-05-14 18:45:08,False,1.2388272056,103.784972983,5.40167,166.998
CSCL MERCURY,VRIQ7   ,9467275,HK,,CS,151993,477229400,1.22343103617,103.793986744,3.65256,7.11166,5.41576,310.788,5.46288055874,312.995,2023-05-14 18:45:18,False,1.23873350048,103.784312834,5.35022,166.998
CSCL MERCURY,VRIQ7   ,9467275,HK,,CS,151993,477229400,1.22356148124,103.793825842,3.60111,7.05891,5.41227,310.533,5.46288055874,312.995,2023-05-14 18:45:28,False,1.23867586856,103.783929537,5.29878,166.998
CSCL MERCURY,VRIQ7   ,9467275,HK,,CS,151993,477229400,1.2237019368,103.793654546,3.60111,6.96409,5.41227,310.358,5.46288055874,312.995,2023-05-14 18:45:38,False,1.23848787627,103.783275884,5.19589,166.998
CSCL MERCURY,VRIQ7   ,9467275,HK,,CS,151993,477229400,1.22398552425,103.793329415,3.54967,6.85924,5.40005,309.826,5.46288055874,312.995,2023-05-14 18:45:48,False,1.23830665157,103.782986426,5.24733,166.998
CSCL MERCURY,VRIQ7   ,9467275,HK,,CS,151993,477229400,1.22412888976,103.793155267,3.54967,6.86177,5.40005,309.598,5.46288055874,312.995,2023-05-14 18:45:58,False,1.2378742189,103.782459099,5.093,166.998
CSCL MERCURY,VRIQ7   ,9467275,HK,,CS,151993,477229400,1.22442083586,103.792807725,3.60111,6.96428,5.38958,309.109,5.48033385126,313.995,2023-05-14 18:46:08,False,1.23756075484,103.782332611,4.99011,166.998
CSCL MERCURY,VRIQ7   ,9467275,HK,,CS,151993,477229400,1.22456226272,103.792631612,3.60111,6.95204,5.38958,308.985,5.48033385126,313.995,2023-05-14 18:46:18,False,1.23731066014,103.782198405,4.63,166.998
CSCL MERCURY,VRIQ7   ,9467275,HK,,CS,151993,477229400,1.22477067204,103.792387349,3.60111,6.96151,5.3983,309.334,5.49778714378,315.0,2023-05-14 18:46:28,False,1.23684787286,103.781843119,4.37278,166.998
CSCL MERCURY,VRIQ7   ,9467275,HK,,CS,151993,477229400,1.22506214124,103.79204501,3.65256,7.17071,5.40354,310.382,5.5152404363,316.0,2023-05-14 18:46:38,False,1.23662293881,103.781678069,4.37278,166.998
CSCL MERCURY,VRIQ7   ,9467275,HK,,CS,151993,477229400,1.22521290751,103.791866773,3.704,7.15813,5.42099,310.264,5.53269372882,317.0,2023-05-14 18:46:48,False,1.23639970044,103.781513419,4.37278,166.998
CSCL MERCURY,VRIQ7   ,9467275,HK,,CS,151993,477229400,1.22556717782,103.79148149,3.704,7.2304,5.42797,311.403,5.55014702134,317.999,2023-05-14 18:46:58,False,1.23601948208,103.781388224,4.37278,166.998
CSCL MERCURY,VRIQ7   ,9467275,HK,,CS,151993,477229400,1.22572406444,103.791304381,3.75544,7.2304,5.44368,311.403,5.55014702134,317.999,2023-05-14 18:47:08,False,1.23590429649,103.781367282,4.37278,166.998
CSCL MERCURY,VRIQ7   ,9467275,HK,,CS,151993,477229400,1.22582165203,103.791188176,3.80689,7.31446,5.44194,311.229,5.56760031386,318.999,2023-05-14 18:47:18,False,1.23572024429,103.781372279,1.95489,166.998
CSCL MERCURY,VRIQ7   ,9467275,HK,,CS,151993,477229400,1.22617367045,103.790816867,3.85833,7.40219,5.46288,312.446,5.58505360638,319.999,2023-05-14 18:47:28,False,1.23561989267,103.781395912,1.74911,166.998
CSCL MERCURY,VRIQ7   ,9467275,HK,,CS,151993,477229400,1.22633771954,103.790640639,3.85833,7.40219,5.46288,312.446,5.58505360638,319.999,2023-05-14 18:47:38,False,1.23549516989,103.781414811,1.74911,166.998
CSCL MERCURY,VRIQ7   ,9467275,HK,,CS,151993,477229400,1.22668737988,103.790271751,3.90978,7.47913,5.48732,313.736,5.58505360638,319.999,2023-05-14 18:47:48,False,1.23533155814,103.781486087,1.74911,166.998
CSCL MERCURY,VRIQ7   ,9467275,HK,,CS,151993,477229400,1.2268579291,103.790097672,3.90978,7.49258,5.48732,313.844,5.58505360638,319.999,2023-05-14 18:47:58,False,1.23523024388,103.781510378,1.54333,166.998
CSCL MERCURY,VRIQ7   ,9467275,HK,,CS,151993,477229400,1.22705228329,103.789886841,3.96122,7.56383,5.47161,313.126,5.58505360638,319.999,2023-05-14 18:48:08,False,1.23501090376,103.781564914,1.59478,166.998
CSCL MERCURY,VRIQ7   ,9467275,HK,,CS,151993,477229400,1.22737808583,103.789567148,3.96122,7.58807,5.48906,314.17,5.6025068989,320.999,2023-05-14 18:48:18,False,1.23492059825,103.781591183,1.54333,166.998
CSCL MERCURY,VRIQ7   ,9467275,HK,,CS,151993,477229400,1.22755276376,103.789390849,3.96122,7.58807,5.48906,314.17,5.6025068989,320.999,2023-05-14 18:48:28,False,1.23482624139,103.78162488,1.54333,166.998
CSCL MERCURY,VRIQ7   ,9467275,HK,,CS,151993,477229400,1.22792881783,103.789040673,3.85833,7.43619,5.50826,315.318,5.61996019142,321.998,2023-05-14 18:48:38,False,1.23463524487,103.781699574,1.49189,166.998
CSCL MERCURY,VRIQ7   ,9467275,HK,,CS,151993,477229400,1.22810292183,103.78887138,3.85833,7.43619,5.50826,315.318,5.61996019142,321.998,2023-05-14 18:48:48,False,1.23454002008,103.781724747,1.49189,166.998
CSCL MERCURY,VRIQ7   ,9467275,HK,,CS,151993,477229400,1.22846954389,103.788534664,3.80689,7.27333,5.51699,316.408,5.61996019142,322.998,2023-05-14 18:48:58,False,1.23438857912,103.781824799,1.389,166.998
CSCL MERCURY,VRIQ7   ,9467275,HK,,CS,151993,477229400,1.22866274196,103.788365283,3.80689,7.28742,5.51699,316.513,5.61996019142,322.998,2023-05-14 18:49:08,False,1.234309628,103.78190003,1.389,166.998
CSCL MERCURY,VRIQ7   ,9467275,HK,,CS,151993,477229400,1.22883768948,103.788202435,3.80689,7.27406,5.51699,316.624,5.61996019142,323.998,2023-05-14 18:49:18,False,1.23422371798,103.781993763,1.95489,166.998
CSCL MERCURY,VRIQ7   ,9467275,HK,,CS,151993,477229400,1.22917919514,103.787908838,3.65256,7.12758,5.55015,317.653,5.67232006898,324.998,2023-05-14 18:49:28,False,1.23403422148,103.782187441,2.21211,166.998
CSCL MERCURY,VRIQ7   ,9467275,HK,,CS,151993,477229400,1.22937581087,103.787732973,3.65256,7.1145,5.55015,317.768,5.67232006898,324.998,2023-05-14 18:49:38,False,1.23391544474,103.782297333,2.41789,166.998
CSCL MERCURY,VRIQ7   ,9467275,HK,,CS,151993,477229400,1.22972207663,103.787434509,3.65256,7.11166,5.57633,319.212,5.6897733615,325.997,2023-05-14 18:49:48,False,1.23368753395,103.782544296,2.62367,166.998
CSCL MERCURY,VRIQ7   ,9467275,HK,,CS,151993,477229400,1.22989463991,103.787287535,3.65256,7.11373,5.57982,319.433,5.67232006898,324.998,2023-05-14 18:49:58,False,1.23350291519,103.782757502,3.18956,166.998
CSCL MERCURY,VRIQ7   ,9467275,HK,,CS,151993,477229400,1.23007168966,103.787140126,3.65256,7.11373,5.57982,319.433,5.67232006898,324.998,2023-05-14 18:50:08,False,1.23336624071,103.782942339,3.39533,166.998
CSCL MERCURY,VRIQ7   ,9467275,HK,,CS,151993,477229400,1.23040161259,103.786853245,3.65256,7.11373,5.57633,319.433,5.6897733615,325.997,2023-05-14 18:50:18,False,1.23313374118,103.783252602,3.49822,166.998
CSCL MERCURY,VRIQ7   ,9467275,HK,,CS,151993,477229400,1.23057829578,103.786704678,3.65256,7.11373,5.57633,319.433,5.6897733615,325.997,2023-05-14 18:50:28,False,1.23299455622,103.783435873,3.54967,166.998
CSCL MERCURY,VRIQ7   ,9467275,HK,,CS,151993,477229400,1.23075567245,103.786565057,3.65256,7.10812,5.57633,320.214,5.6897733615,325.997,2023-05-14 18:50:38,False,1.23285865432,103.783615435,3.54967,166.998
CSCL MERCURY,VRIQ7   ,9467275,HK,,CS,151993,477229400,1.23114068024,103.786257089,3.60111,7.01623,5.59727,320.621,5.6897733615,325.997,2023-05-14 18:50:48,False,1.23257183084,103.784007751,3.60111,166.998
CSCL MERCURY,VRIQ7   ,9467275,HK,,CS,151993,477229400,1.23131808548,103.786112993,3.60111,7.01623,5.59727,320.621,5.6897733615,325.997,2023-05-14 18:50:58,False,1.23244068004,103.784174784,3.34389,166.998
CSCL MERCURY,VRIQ7   ,9467275,HK,,CS,151993,477229400,1.23166013896,103.785840976,3.54967,6.85491,5.59727,320.985,5.70722665402,326.997,2023-05-14 18:51:08,False,1.232202462,103.784491628,2.82944,166.998
CSCL MERCURY,VRIQ7   ,9467275,HK,,CS,151993,477229400,1.23183115241,103.78570357,3.49822,6.83982,5.60251,320.882,5.70722665402,326.997,2023-05-14 18:51:18,False,1.23217798504,103.784583538,2.82944,166.998
CSCL MERCURY,VRIQ7   ,9467275,HK,,CS,151993,477229400,1.2320040427,103.785571003,3.49822,6.84876,5.61472,321.569,5.72467994654,327.997,2023-05-14 18:51:28,False,1.23216663404,103.784759439,1.23467,166.998
CSCL MERCURY,VRIQ7   ,9467275,HK,,CS,151993,477229400,1.23234473613,103.785302882,3.44678,6.73954,5.63741,321.676,5.74213323906,328.997,2023-05-14 18:51:38,False,1.23230285071,103.784806126,1.54333,166.998
CSCL MERCURY,VRIQ7   ,9467275,HK,,CS,151993,477229400,1.23254303523,103.785173224,3.44678,6.74141,5.63741,322.734,5.74213323906,328.997,2023-05-14 18:51:48,False,1.2323755854,103.784860215,3.08667,166.998
CSCL MERCURY,VRIQ7   ,9467275,HK,,CS,151993,477229400,1.23291042244,103.78490733,3.39533,6.65582,5.64963,323.431,5.75958653158,329.996,2023-05-14 18:51:58,False,1.23312397229,103.78444678,3.08667,166.998
CSCL MERCURY,VRIQ7   ,9467275,HK,,CS,151993,477229400,1.23308102784,103.784788882,3.39533,6.56692,5.64963,323.91,5.75958653158,330.996,2023-05-14 18:52:08,False,1.23339643992,103.784320261,4.47567,166.998
CSCL MERCURY,VRIQ7   ,9467275,HK,,CS,151993,477229400,1.23342247718,103.784556903,3.29244,6.47181,5.67407,324.782,5.79449311662,331.996,2023-05-14 18:52:18,False,1.23384529588,103.784092843,4.47567,166.998
CSCL MERCURY,VRIQ7   ,9467275,HK,,CS,151993,477229400,1.23359320839,103.784438069,3.29244,6.46062,5.67407,324.923,5.79449311662,331.996,2023-05-14 18:52:28,False,1.23407150123,103.783979386,4.47567,166.998
CSCL MERCURY,VRIQ7   ,9467275,HK,,CS,151993,477229400,1.23376396194,103.784329439,3.29244,6.45432,5.68105,325.305,5.81194640914,332.996,2023-05-14 18:52:38,False,1.2340691276,103.78388655,3.29244,166.998
CSCL MERCURY,VRIQ7   ,9467275,HK,,CS,151993,477229400,1.23412525836,103.784102277,3.13811,6.18928,5.70548,326.659,5.84685299418,334.995,2023-05-14 18:52:48,False,1.23445780923,103.783675177,3.39533,166.998
CSCL MERCURY,VRIQ7   ,9467275,HK,,CS,151993,477229400,1.23429388344,103.783993507,3.13811,6.17861,5.71072,326.81,5.84685299418,334.995,2023-05-14 18:52:58,False,1.23465661495,103.783589383,3.18956,166.998
CSCL MERCURY,VRIQ7   ,9467275,HK,,CS,151993,477229400,1.23464659333,103.783770711,3.13811,6.08873,5.71072,327.781,5.84685299418,334.995,2023-05-14 18:53:08,False,1.23500478151,103.783391037,3.18956,166.998
CSCL MERCURY,VRIQ7   ,9467275,HK,,CS,151993,477229400,1.23481398871,103.783666846,3.08667,6.08873,5.72643,327.781,5.8643062867,335.995,2023-05-14 18:53:18,False,1.23517748927,103.783292406,3.18956,166.998
CSCL MERCURY,VRIQ7   ,9467275,HK,,CS,151993,477229400,1.23492435008,103.783603885,3.08667,6.07438,5.7369,328.344,5.89921287174,338.0,2023-05-14 18:53:28,False,1.23372211085,103.783889033,3.18956,166.998
CSCL MERCURY,VRIQ7   ,9467275,HK,,CS,151993,477229400,1.23527831923,103.783411984,2.98378,5.97747,5.77879,329.516,5.93411945678,339.999,2023-05-14 18:53:38,False,1.23562437702,103.783031806,2.98378,166.998
CSCL MERCURY,VRIQ7   ,9467275,HK,,CS,151993,477229400,1.23543780429,103.783335254,2.98378,5.86619,5.77879,330.632,5.93411945678,339.999,2023-05-14 18:53:48,False,1.23581564225,103.78292987,3.03522,166.998
CSCL MERCURY,VRIQ7   ,9467275,HK,,CS,151993,477229400,1.23582566509,103.783146744,2.98378,5.76523,5.78751,332.053,5.9515727493,340.999,2023-05-14 18:53:58,False,1.23615380567,103.782771159,2.98378,166.998
CSCL MERCURY,VRIQ7   ,9467275,HK,,CS,151993,477229400,1.23601826226,103.783066574,2.88089,5.66847,5.81718,332.644,6.00393262686,343.998,2023-05-14 18:54:08,False,1.23627249971,103.782708317,2.98378,166.998
CSCL MERCURY,VRIQ7   ,9467275,HK,,CS,151993,477229400,1.23618185393,103.782985545,2.88089,5.65956,5.81718,332.819,6.00393262686,343.998,2023-05-14 18:54:18,False,1.23640115133,103.782639393,2.98378,166.998
CSCL MERCURY,VRIQ7   ,9467275,HK,,CS,151993,477229400,1.23648965251,103.782854413,2.88089,5.64378,5.85558,334.935,6.05629250442,346.998,2023-05-14 18:54:28,False,1.23582722269,103.782665464,2.98378,166.998
CSCL MERCURY,VRIQ7   ,9467275,HK,,CS,151993,477229400,1.23665691831,103.782779496,2.88089,5.65321,5.85558,335.197,6.05629250442,346.998,2023-05-14 18:54:38,False,1.23690679109,103.782437805,2.67511,166.998
CSCL MERCURY,VRIQ7   ,9467275,HK,,CS,151993,477229400,1.23697252191,103.782649342,2.82944,5.54456,5.90096,337.751,6.10865238198,349.997,2023-05-14 18:54:48,False,1.23723596291,103.78232986,2.778,166.998
CSCL MERCURY,VRIQ7   ,9467275,HK,,CS,151993,477229400,1.23717451619,103.782577938,2.778,5.46521,5.92016,338.728,6.14355896702,351.996,2023-05-14 18:54:58,False,1.23743591985,103.782281116,2.62367,166.998
CSCL MERCURY,VRIQ7   ,9467275,HK,,CS,151993,477229400,1.23734011315,103.782516889,2.778,5.45819,5.92016,338.919,6.14355896702,351.996,2023-05-14 18:55:08,False,1.23756368438,103.782232155,2.05778,166.998
CSCL MERCURY,VRIQ7   ,9467275,HK,,CS,151993,477229400,1.23765496197,103.782400683,2.72656,5.32443,5.94459,340.374,6.16101225954,352.996,2023-05-14 18:55:18,False,1.23775138005,103.782156912,2.05778,166.998
CSCL MERCURY,VRIQ7   ,9467275,HK,,CS,151993,477229400,1.23783425914,103.782341919,2.67511,5.22493,5.96554,341.565,6.19591884458,354.996,2023-05-14 18:55:28,False,1.23781263368,103.782128182,2.05778,166.998
CSCL MERCURY,VRIQ7   ,9467275,HK,,CS,151993,477229400,1.23810108685,103.78227211,2.57222,5.01214,5.9987,343.322,6.23082542962,356.995,2023-05-14 18:55:38,False,1.23815768239,103.782096256,2.52078,166.998
CSCL MERCURY,VRIQ7   ,9467275,HK,,CS,151993,477229400,1.23825377234,103.782228904,2.57222,5.00112,5.9987,343.749,6.23082542962,356.995,2023-05-14 18:55:48,False,1.23815768239,103.782096256,2.52078,166.998
CSCL MERCURY,VRIQ7   ,9467275,HK,,CS,151993,477229400,1.23825377234,103.782228904,2.57222,5.00112,5.9987,343.749,6.23082542962,356.995,2023-05-14 18:55:48,False,1.23815768239,103.782096256,2.52078,166.998
CSCL MERCURY,VRIQ7   ,9467275,HK,,CS,151993,477229400,1.26374169256,103.78084556,0.0,0.0,0.925025,0.0,0.541052068118,30.9979,2023-05-14 19:55:18,True,1.26429880859,103.781007083,0.0514444,166.998
