Timestamp,LatitudeDegrees,LongitudeDegrees,SpeedKnots,CourseDegrees,HeadingDegrees
2023-12-15 20:45:38,1.38841836091,104.000200568,0.0,6.28319,2.56563400043
2023-12-15 20:45:48,1.38841669173,104.000200568,0.0,6.28319,2.56563400043
2023-12-15 20:45:58,1.38841336219,104.000200568,0.0,6.28319,2.56563400043
2023-12-15 20:46:08,1.38841336219,104.000200568,0.0,6.28319,2.56563400043
2023-12-15 20:46:18,1.38841169301,104.000200568,0.0,6.28319,2.56563400043
2023-12-15 20:46:28,1.38841169301,104.000200568,0.0,6.28319,2.56563400043
2023-12-15 20:46:38,1.38841169301,104.000200568,0.0,6.28319,2.56563400043
2023-12-15 20:46:48,1.38841336219,104.000200568,0.0,6.28319,2.56563400043
2023-12-15 20:46:58,1.38841336219,104.000200568,0.0,6.28319,2.56563400043
2023-12-15 20:47:08,1.38841502254,104.000200568,0.0,6.28319,2.56563400043
2023-12-15 20:47:18,1.388416693,104.000180561,0.0,6.28319,2.56563400043
2023-12-15 20:47:28,1.38842003009,104.000200568,0.0,6.28319,2.56563400043
2023-12-15 20:47:38,1.38842169044,104.000200551,0.0,6.28319,2.56563400043
2023-12-15 20:47:48,1.38842003009,104.000200568,0.0,6.28319,2.56563400043
2023-12-15 20:47:58,1.38841836091,104.000200568,0.0,6.28319,2.56563400043
2023-12-15 20:48:08,1.38841836091,104.000200568,0.0,6.28319,2.56563400043
2023-12-15 20:48:18,1.38841836091,104.000200568,0.0,6.28319,2.56563400043
2023-12-15 20:48:28,1.38841669173,104.000200568,0.0,6.28319,2.56563400043
2023-12-15 20:48:38,1.38841669173,104.000200568,0.0,6.28319,2.56563400043
2023-12-15 20:48:48,1.38841669173,104.000200568,0.0,6.28319,2.56563400043
2023-12-15 20:48:58,1.38841669173,104.000200568,0.0,6.28319,2.56563400043
2023-12-15 20:49:08,1.38841669173,104.000200568,0.0,6.28319,2.56563400043
2023-12-15 20:49:18,1.38841502382,104.000180561,0.0,6.28319,2.56563400043
2023-12-15 20:49:28,1.38841502382,104.000180561,0.0,6.28319,2.56563400043
2023-12-15 20:49:38,1.388416693,104.000180561,0.0,6.28319,2.56563400043
2023-12-15 20:49:48,1.38841836219,104.000180561,0.0,6.28319,2.56563400043
2023-12-15 20:49:58,1.38841836219,104.000180561,0.0,6.28319,2.56563400043
2023-12-15 20:50:08,1.38842169044,104.000200551,0.0,6.28319,2.56563400043
2023-12-15 20:50:18,1.38842335962,104.000200551,0.0,6.28319,2.56563400043
2023-12-15 20:50:28,1.38842335962,104.000200551,0.0,6.28319,2.56563400043
2023-12-15 20:50:38,1.38842335962,104.000200551,0.0,6.28319,2.56563400043
2023-12-15 20:50:48,1.38842502881,104.000200551,0.0,6.28319,2.56563400043
2023-12-15 20:50:58,1.38842502881,104.000200551,0.0,6.28319,2.56563400043
2023-12-15 20:51:08,1.38842335962,104.000200551,0.0,6.28319,2.56563400043
2023-12-15 20:51:18,1.38842169044,104.000200551,0.0,6.28319,2.56563400043
2023-12-15 20:51:28,1.38842003009,104.000200568,0.0,6.28319,2.56563400043
2023-12-15 20:51:38,1.38842003009,104.000200568,0.0,6.28319,2.56563400043
2023-12-15 20:51:48,1.38842003009,104.000200568,0.0,6.28319,2.56563400043
2023-12-15 20:51:58,1.38842003009,104.000200568,0.0,6.28319,2.56563400043
2023-12-15 20:52:08,1.38842169044,104.000200551,0.0,6.28319,2.56563400043
2023-12-15 20:52:18,1.38842169044,104.000200551,0.0,6.28319,2.56563400043
2023-12-15 20:52:28,1.38842503008,104.000180561,0.0,6.28319,2.56563400043
2023-12-15 20:52:38,1.38842503008,104.000180561,0.0,6.28319,2.56563400043
2023-12-15 20:52:48,1.38842668916,104.000200551,0.0,6.28319,2.56563400043
2023-12-15 20:52:58,1.38842668916,104.000200551,0.0,6.28319,2.56563400043
2023-12-15 20:53:08,1.38843002752,104.000200551,0.0,6.28319,2.56563400043
2023-12-15 20:53:18,1.38843002752,104.000200551,0.0,6.28319,2.56563400043
2023-12-15 20:53:28,1.38843002752,104.000200551,0.0,6.28319,2.56563400043
2023-12-15 20:53:38,1.38842835834,104.000200551,0.0,6.28319,2.56563400043
2023-12-15 20:53:48,1.38842668916,104.000200551,0.0,6.28319,2.56563400043
2023-12-15 20:53:58,1.38842668916,104.000200551,0.0,6.28319,2.56563400043
2023-12-15 20:54:08,1.38842668916,104.000200551,0.0,6.28319,2.56563400043
2023-12-15 20:54:18,1.38842502881,104.000200551,0.0,6.28319,2.56563400043
2023-12-15 20:54:28,1.38842502881,104.000200551,0.0,6.28319,2.56563400043
2023-12-15 20:54:38,1.38842502881,104.000200551,0.0,6.28319,2.56563400043
2023-12-15 20:54:48,1.38842503008,104.000180561,0.0,6.28319,2.56563400043
2023-12-15 20:54:58,1.38842502881,104.000200551,0.0,6.28319,2.56563400043
2023-12-15 20:55:08,1.38842502881,104.000200551,0.0,6.28319,2.56563400043
2023-12-15 20:55:18,1.38842502881,104.000200551,0.0,6.28319,2.56563400043
2023-12-15 20:55:28,1.38842668916,104.000200551,0.0,6.28319,2.56563400043
2023-12-15 20:55:38,1.38842668916,104.000200551,0.0,6.28319,2.56563400043
2023-12-15 20:55:48,1.38842668916,104.000200551,0.0,6.28319,2.56563400043
2023-12-15 20:55:58,1.38842668916,104.000200551,0.0,6.28319,2.56563400043
2023-12-15 20:56:08,1.38842835834,104.000200551,0.0,6.28319,2.56563400043
2023-12-15 20:56:18,1.38842668916,104.000200551,0.0,6.28319,2.56563400043
2023-12-15 20:56:28,1.38842668916,104.000200551,0.0,6.28319,2.56563400043
2023-12-15 20:56:38,1.38842668916,104.000200551,0.0,6.28319,2.56563400043
2023-12-15 20:56:48,1.38842502881,104.000200551,0.0,6.28319,2.56563400043
2023-12-15 20:56:58,1.38842502881,104.000200551,0.0,6.28319,2.56563400043
2023-12-15 20:57:08,1.38842502881,104.000200551,0.0,6.28319,2.56563400043
2023-12-15 20:57:18,1.38842502881,104.000200551,0.0,6.28319,2.56563400043
2023-12-15 20:57:28,1.38842668916,104.000200551,0.0,6.28319,2.56563400043
2023-12-15 20:57:38,1.38842668916,104.000200551,0.0,6.28319,2.56563400043
2023-12-15 20:57:48,1.38842835834,104.000200551,0.0,6.28319,2.56563400043
2023-12-15 20:57:58,1.38842835834,104.000200551,0.0,6.28319,2.56563400043
2023-12-15 20:58:08,1.38842835834,104.000200551,0.0,6.28319,2.56563400043
2023-12-15 20:58:18,1.38843002752,104.000200551,0.0,6.28319,2.56563400043
2023-12-15 20:58:28,1.38843002752,104.000200551,0.0,6.28319,2.56563400043
2023-12-15 20:58:38,1.38843002752,104.000200551,0.0,6.28319,2.56563400043
2023-12-15 20:58:48,1.38842835834,104.000200551,0.0,6.28319,2.56563400043
2023-12-15 20:58:58,1.38842668916,104.000200551,0.0,6.28319,2.56563400043
2023-12-15 20:59:08,1.38842668916,104.000200551,0.0,6.28319,2.56563400043
2023-12-15 20:59:18,1.38842668916,104.000200551,0.0,6.28319,2.56563400043
2023-12-15 20:59:28,1.38842502881,104.000200551,0.0,6.28319,2.56563400043
2023-12-15 20:59:38,1.38842169044,104.000200551,0.0,6.28319,2.56563400043
2023-12-15 20:59:48,1.38842169044,104.000200551,0.0,6.28319,2.56563400043
2023-12-15 20:59:58,1.38842335962,104.000200551,0.0,6.28319,2.56563400043
2023-12-15 21:00:08,1.38842335962,104.000200551,0.0,6.28319,2.56563400043
2023-12-15 21:00:18,1.38842335962,104.000200551,0.0,6.28319,2.56563400043
2023-12-15 21:00:28,1.38842335962,104.000200551,0.0,6.28319,2.56563400043
2023-12-15 21:00:38,1.38842169044,104.000200551,0.0,6.28319,2.56563400043
2023-12-15 21:00:48,1.38842169044,104.000200551,0.0,6.28319,2.56563400043
2023-12-15 21:00:58,1.38842335962,104.000200551,0.0,6.28319,2.56563400043
2023-12-15 21:01:08,1.38842502881,104.000200551,0.0,6.28319,2.56563400043
2023-12-15 21:01:18,1.38842502881,104.000200551,0.0,6.28319,2.56563400043
2023-12-15 21:01:28,1.38842502881,104.000200551,0.0,6.28319,2.56563400043
2023-12-15 21:01:38,1.38842835834,104.000200551,0.0,6.28319,2.56563400043
2023-12-15 21:01:48,1.38843002752,104.000200551,0.0,6.28319,2.56563400043
2023-12-15 21:01:58,1.38843002752,104.000200551,0.0,6.28319,2.56563400043
2023-12-15 21:02:08,1.38842835834,104.000200551,0.0,6.28319,2.56563400043
2023-12-15 21:02:18,1.38842835834,104.000200551,0.0,6.28319,2.56563400043
2023-12-15 21:02:28,1.38842668916,104.000200551,0.0,6.28319,2.56563400043
2023-12-15 21:02:38,1.38842502881,104.000200551,0.0,6.28319,2.56563400043
2023-12-15 21:02:48,1.38842169044,104.000200551,0.0,6.28319,2.56563400043
2023-12-15 21:02:58,1.38842003009,104.000200568,0.0,6.28319,2.56563400043
2023-12-15 21:03:08,1.38842003009,104.000200568,0.0,6.28319,2.56563400043
2023-12-15 21:03:18,1.38842003009,104.000200568,0.0,6.28319,2.56563400043
2023-12-15 21:03:28,1.38841836091,104.000200568,0.0,6.28319,2.56563400043
2023-12-15 21:03:38,1.38842169044,104.000200551,0.0,6.28319,2.56563400043
2023-12-15 21:03:48,1.38842335962,104.000200551,0.0,6.28319,2.56563400043
2023-12-15 21:03:58,1.38842335962,104.000200551,0.0,6.28319,2.56563400043
2023-12-15 21:04:08,1.38842502881,104.000200551,0.0,6.28319,2.56563400043
2023-12-15 21:04:18,1.38842502881,104.000200551,0.0,6.28319,2.56563400043
2023-12-15 21:04:28,1.38842502881,104.000200551,0.0,6.28319,2.56563400043
2023-12-15 21:04:38,1.38842502881,104.000200551,0.0,6.28319,2.56563400043
2023-12-15 21:04:48,1.38842502881,104.000200551,0.0,6.28319,2.56563400043
2023-12-15 21:04:58,1.38842668916,104.000200551,0.0,6.28319,2.56563400043
2023-12-15 21:05:08,1.38842668916,104.000200551,0.0,6.28319,2.56563400043
2023-12-15 21:05:18,1.38842668916,104.000200551,0.0,6.28319,2.56563400043
2023-12-15 21:05:28,1.3884266883,104.000213889,0.0,6.28319,2.56563400043
2023-12-15 21:05:38,1.3884266883,104.000213889,0.0,6.28319,2.56563400043
2023-12-15 21:05:48,1.38842835748,104.000213889,0.0,6.28319,2.56563400043
2023-12-15 21:05:58,1.38843002667,104.00021389,0.0,6.28319,2.56563400043
2023-12-15 21:06:08,1.38843002752,104.000200551,0.0,6.28319,2.56563400043
2023-12-15 21:06:18,1.38843002752,104.000200551,0.0,6.28319,2.56563400043
2023-12-15 21:06:28,1.38843002752,104.000200551,0.0,6.28319,2.56563400043
2023-12-15 21:06:38,1.38842835834,104.000200551,0.0,6.28319,2.56563400043
2023-12-15 21:06:48,1.38842835834,104.000200551,0.0,6.28319,2.56563400043
2023-12-15 21:06:58,1.38842835834,104.000200551,0.0,6.28319,2.56563400043
2023-12-15 21:07:08,1.38842668916,104.000200551,0.0,6.28319,2.56563400043
2023-12-15 21:07:18,1.38842668916,104.000200551,0.0,6.28319,2.56563400043
2023-12-15 21:07:28,1.38842502881,104.000200551,0.0,6.28319,2.56563400043
2023-12-15 21:07:38,1.38842502881,104.000200551,0.0,6.28319,2.56563400043
2023-12-15 21:07:48,1.38842668916,104.000200551,0.0,6.28319,2.56563400043
2023-12-15 21:07:58,1.38842668916,104.000200551,0.0,6.28319,2.56563400043
2023-12-15 21:08:08,1.38842668916,104.000200551,0.0,6.28319,2.56563400043
2023-12-15 21:08:18,1.38842668916,104.000200551,0.0,6.28319,2.56563400043
2023-12-15 21:08:28,1.38842668916,104.000200551,0.0,6.28319,2.56563400043
2023-12-15 21:08:38,1.38842668916,104.000200551,0.0,6.28319,2.56563400043
2023-12-15 21:08:48,1.38842668916,104.000200551,0.0,6.28319,2.56563400043
2023-12-15 21:08:58,1.38842668916,104.000200551,0.0,6.28319,2.56563400043
2023-12-15 21:09:08,1.38842668916,104.000200551,0.0,6.28319,2.56563400043
2023-12-15 21:09:18,1.38842502881,104.000200551,0.0,6.28319,2.56563400043
2023-12-15 21:09:28,1.38842502881,104.000200551,0.0,6.28319,2.56563400043
2023-12-15 21:09:38,1.38842668916,104.000200551,0.0,6.28319,2.56563400043
2023-12-15 21:09:48,1.38842668916,104.000200551,0.0,6.28319,2.56563400043
2023-12-15 21:09:58,1.38842835834,104.000200551,0.0,6.28319,2.56563400043
2023-12-15 21:10:08,1.38843002752,104.000200551,0.0,6.28319,2.56563400043
2023-12-15 21:10:18,1.38843002752,104.000200551,0.0,6.28319,2.56563400043
2023-12-15 21:10:28,1.38842835834,104.000200551,0.0,6.28319,2.56563400043
2023-12-15 21:10:38,1.38842835834,104.000200551,0.0,6.28319,2.56563400043
2023-12-15 21:10:48,1.38842668916,104.000200551,0.0,6.28319,2.56563400043
2023-12-15 21:10:58,1.38842668916,104.000200551,0.0,6.28319,2.56563400043
2023-12-15 21:11:08,1.38842668916,104.000200551,0.0,6.28319,2.56563400043
2023-12-15 21:11:18,1.38842668916,104.000200551,0.0,6.28319,2.56563400043
2023-12-15 21:11:28,1.38842835834,104.000200551,0.0,6.28319,2.56563400043
2023-12-15 21:11:38,1.38843002752,104.000200551,0.0,6.28319,2.56563400043
2023-12-15 21:11:48,1.3884316967,104.000200551,0.0,6.28319,2.56563400043
2023-12-15 21:11:58,1.3884316967,104.000200551,0.0,6.28319,2.56563400043
2023-12-15 21:12:08,1.38843002752,104.000200551,0.0,6.28319,2.56563400043
2023-12-15 21:12:18,1.38843002752,104.000200551,0.0,6.28319,2.56563400043
2023-12-15 21:12:28,1.38843002752,104.000200551,0.0,6.28319,2.56563400043
2023-12-15 21:12:38,1.38842835834,104.000200551,0.0,6.28319,2.56563400043
2023-12-15 21:12:48,1.38842502881,104.000200551,0.0,6.28319,2.56563400043
2023-12-15 21:12:58,1.38842502881,104.000200551,0.0,6.28319,2.56563400043
2023-12-15 21:13:08,1.38842335962,104.000200551,0.0,6.28319,2.56563400043
2023-12-15 21:13:18,1.38842335962,104.000200551,0.0,6.28319,2.56563400043
2023-12-15 21:13:28,1.38842335962,104.000200551,0.0,6.28319,2.56563400043
2023-12-15 21:13:38,1.38842335962,104.000200551,0.0,6.28319,2.56563400043
2023-12-15 21:13:48,1.38842668916,104.000200551,0.0,6.28319,2.56563400043
2023-12-15 21:13:58,1.38842668916,104.000200551,0.0,6.28319,2.56563400043
2023-12-15 21:14:08,1.38842502881,104.000200551,0.0,6.28319,2.56563400043
2023-12-15 21:14:18,1.38842502881,104.000200551,0.0,6.28319,2.56563400043
2023-12-15 21:14:28,1.38842335962,104.000200551,0.0,6.28319,2.56563400043
2023-12-15 21:14:38,1.38842335962,104.000200551,0.0,6.28319,2.56563400043
2023-12-15 21:14:48,1.38842335962,104.000200551,0.0,6.28319,2.56563400043
2023-12-15 21:14:58,1.38842335962,104.000200551,0.0,6.28319,2.56563400043
2023-12-15 21:15:08,1.38842502881,104.000200551,0.0,6.28319,2.56563400043
2023-12-15 21:15:18,1.38842668916,104.000200551,0.0,6.28319,2.56563400043
2023-12-15 21:15:28,1.38842835834,104.000200551,0.0,6.28319,2.56563400043
2023-12-15 21:15:38,1.38842835834,104.000200551,0.0514444,6.28319,2.56563400043
2023-12-15 21:15:48,1.38842835834,104.000200551,0.0514444,6.28319,2.56563400043
2023-12-15 21:15:58,1.38842668916,104.000200551,0.0514444,6.28319,2.56563400043
2023-12-15 21:16:08,1.38842668916,104.000200551,0.0514444,6.28319,2.56563400043
2023-12-15 21:16:18,1.3884266883,104.000213889,0.0,6.28319,2.56563400043
2023-12-15 21:16:28,1.3884266883,104.000213889,0.0,6.28319,2.56563400043
2023-12-15 21:16:38,1.3884266883,104.000213889,0.0514444,6.28319,2.56563400043
2023-12-15 21:16:48,1.38842835748,104.000213889,0.0514444,6.28319,2.56563400043
2023-12-15 21:16:58,1.38842835748,104.000213889,0.0514444,6.28319,2.56563400043
2023-12-15 21:17:08,1.3884266883,104.000213889,0.0,6.28319,2.56563400043
2023-12-15 21:17:18,1.38842502795,104.000213889,0.0,6.28319,2.56563400043
2023-12-15 21:17:28,1.38842502795,104.000213889,0.0,6.28319,2.56563400043
2023-12-15 21:17:38,1.38842502795,104.000213889,0.0,6.28319,2.56563400043
2023-12-15 21:17:48,1.38842335877,104.000213889,0.0,6.28319,2.56563400043
2023-12-15 21:17:58,1.38842335877,104.000213889,0.0,6.28319,2.56563400043
2023-12-15 21:18:08,1.38842335877,104.000213889,0.0,6.28319,2.56563400043
2023-12-15 21:18:18,1.38842335877,104.000213889,0.0514444,6.28319,2.56563400043
2023-12-15 21:18:28,1.38842335877,104.000213889,0.0514444,6.28319,2.56563400043
2023-12-15 21:18:38,1.38842168959,104.000213889,0.0,6.28319,2.56563400043
2023-12-15 21:18:48,1.38842002924,104.000213889,0.0,6.28319,2.56563400043
2023-12-15 21:18:58,1.38842002924,104.000213889,0.0,6.28319,2.56563400043
2023-12-15 21:19:08,1.38841836006,104.000213889,0.0,6.28319,2.56563400043
2023-12-15 21:19:18,1.38842002924,104.000213889,0.0,6.28319,2.56563400043
2023-12-15 21:19:28,1.38842002924,104.000213889,0.0514444,6.28319,2.56563400043
2023-12-15 21:19:38,1.38842002924,104.000213889,0.0514444,6.28319,2.56563400043
2023-12-15 21:19:48,1.38842168959,104.000213889,0.0,6.28319,2.56563400043
2023-12-15 21:19:58,1.38842168959,104.000213889,0.0,6.28319,2.56563400043
2023-12-15 21:20:08,1.38842168959,104.000213889,0.0,6.28319,2.56563400043
2023-12-15 21:20:18,1.38842002924,104.000213889,0.0,6.28319,2.56563400043
2023-12-15 21:20:28,1.38842002924,104.000213889,0.0,6.28319,2.56563400043
2023-12-15 21:20:38,1.38842002924,104.000213889,0.0,6.28319,2.56563400043
2023-12-15 21:20:48,1.38842168959,104.000213889,0.0,6.28319,2.56563400043
2023-12-15 21:20:58,1.38842168959,104.000213889,0.0,6.28319,2.56563400043
2023-12-15 21:21:08,1.38842168959,104.000213889,0.0,6.28319,2.56563400043
2023-12-15 21:21:18,1.38842335877,104.000213889,0.0,6.28319,2.56563400043
2023-12-15 21:21:28,1.38842502795,104.000213889,0.0,6.28319,2.56563400043
2023-12-15 21:21:38,1.38842335877,104.000213889,0.0,6.28319,2.56563400043
2023-12-15 21:21:48,1.38842335877,104.000213889,0.0,6.28319,2.56563400043
2023-12-15 21:21:58,1.38842335962,104.000200551,0.0,6.28319,2.56563400043
2023-12-15 21:22:08,1.38842335962,104.000200551,0.0,6.28319,2.56563400043
2023-12-15 21:22:18,1.38842335962,104.000200551,0.0,6.28319,2.56563400043
2023-12-15 21:22:28,1.38842335962,104.000200551,0.0,6.28319,2.56563400043
2023-12-15 21:22:38,1.38842502881,104.000200551,0.0,6.28319,2.56563400043
2023-12-15 21:22:48,1.3884266883,104.000213889,0.0,6.28319,2.56563400043
2023-12-15 21:22:58,1.3884266883,104.000213889,0.0,6.28319,2.56563400043
2023-12-15 21:23:08,1.3884266883,104.000213889,0.0,6.28319,2.56563400043
2023-12-15 21:23:18,1.3884266883,104.000213889,0.0,6.28319,2.56563400043
2023-12-15 21:23:28,1.38842668916,104.000200551,0.0,6.28319,2.54818070791
2023-12-15 21:23:38,1.38842502881,104.000200551,0.0,6.28319,2.56563400043
2023-12-15 21:23:48,1.38842502881,104.000200551,0.0,6.28319,2.56563400043
2023-12-15 21:23:58,1.38842502881,104.000200551,0.0,6.28319,2.56563400043
2023-12-15 21:24:08,1.38842502881,104.000200551,0.0,6.28319,2.56563400043
2023-12-15 21:24:18,1.38842502881,104.000200551,0.0,6.28319,2.56563400043
2023-12-15 21:24:28,1.38842502881,104.000200551,0.0,6.28319,2.56563400043
2023-12-15 21:24:38,1.38842502881,104.000200551,0.0,6.28319,2.54818070791
2023-12-15 21:24:48,1.38842668916,104.000200551,0.0,6.28319,2.56563400043
2023-12-15 21:24:58,1.38842668916,104.000200551,0.0,6.28319,2.56563400043
2023-12-15 21:25:08,1.38842835834,104.000200551,0.0,6.28319,2.56563400043
2023-12-15 21:25:18,1.38843002667,104.00021389,0.0,6.28319,2.56563400043
2023-12-15 21:25:28,1.38843002752,104.000200551,0.0,6.28319,2.56563400043
2023-12-15 21:25:38,1.38843002667,104.00021389,0.0,6.28319,2.54818070791
2023-12-15 21:25:48,1.38843002667,104.00021389,0.0,6.28319,2.56563400043
2023-12-15 21:25:58,1.38843002667,104.00021389,0.0,6.28319,2.54818070791
2023-12-15 21:26:08,1.38843002667,104.00021389,0.0,6.28319,2.54818070791
2023-12-15 21:26:18,1.38842835748,104.000213889,0.0,6.28319,2.56563400043
2023-12-15 21:26:28,1.3884266883,104.000213889,0.0,6.28319,2.54818070791
2023-12-15 21:26:38,1.3884266883,104.000213889,0.0,6.28319,2.54818070791
2023-12-15 21:26:48,1.38842668916,104.000200551,0.0,6.28319,2.54818070791
2023-12-15 21:26:58,1.38842502881,104.000200551,0.0,6.28319,2.56563400043
2023-12-15 21:27:08,1.38842668916,104.000200551,0.0,6.28319,2.54818070791
2023-12-15 21:27:18,1.38842668916,104.000200551,0.0,6.28319,2.54818070791
2023-12-15 21:27:28,1.38842668916,104.000200551,0.0,6.28319,2.56563400043
2023-12-15 21:27:38,1.38842668916,104.000200551,0.0,6.28319,2.56563400043
2023-12-15 21:27:48,1.38842668916,104.000200551,0.0,6.28319,2.56563400043
2023-12-15 21:27:58,1.38842668916,104.000200551,0.0,6.28319,2.56563400043
2023-12-15 21:28:08,1.38842668916,104.000200551,0.0,6.28319,2.56563400043
2023-12-15 21:28:18,1.38842668916,104.000200551,0.0,6.28319,2.56563400043
2023-12-15 21:28:28,1.38842668916,104.000200551,0.0,6.28319,2.56563400043
2023-12-15 21:28:38,1.38842502881,104.000200551,0.0,6.28319,2.56563400043
2023-12-15 21:28:48,1.38842502881,104.000200551,0.0514444,6.28319,2.56563400043
2023-12-15 21:28:58,1.38842668916,104.000200551,0.0,6.28319,2.56563400043
2023-12-15 21:29:08,1.38842835834,104.000200551,0.0,6.28319,2.56563400043
2023-12-15 21:29:18,1.38842835834,104.000200551,0.0,6.28319,2.56563400043
2023-12-15 21:29:28,1.38842835834,104.000200551,0.0,6.28319,2.56563400043
2023-12-15 21:29:38,1.38842835834,104.000200551,0.0,6.28319,2.54818070791
2023-12-15 21:29:48,1.38842668916,104.000200551,0.0,6.28319,2.56563400043
2023-12-15 21:29:58,1.38842835834,104.000200551,0.0,6.28319,2.56563400043
2023-12-15 21:30:08,1.38842835834,104.000200551,0.0,6.28319,2.56563400043
2023-12-15 21:30:18,1.38842835834,104.000200551,0.0,6.28319,2.56563400043
2023-12-15 21:30:28,1.38842835834,104.000200551,0.0,6.28319,2.56563400043
2023-12-15 21:30:38,1.38842668916,104.000200551,0.0,6.28319,2.56563400043
2023-12-15 21:30:48,1.38842335962,104.000200551,0.0514444,6.28319,2.56563400043
2023-12-15 21:30:58,1.38842502881,104.000200551,0.0,6.28319,2.56563400043
2023-12-15 21:31:08,1.38842502881,104.000200551,0.0,6.28319,2.56563400043
2023-12-15 21:31:18,1.38842502881,104.000200551,0.0,6.28319,2.56563400043
2023-12-15 21:31:28,1.38842835834,104.000200551,0.0,6.28319,2.56563400043
2023-12-15 21:31:38,1.38842835834,104.000200551,0.0,6.28319,2.56563400043
2023-12-15 21:31:48,1.38842835834,104.000200551,0.0,6.28319,2.58308729295
2023-12-15 21:31:58,1.38842668916,104.000200551,0.0,6.28319,2.58308729295
2023-12-15 21:32:08,1.38842835834,104.000200551,0.0,6.28319,2.56563400043
2023-12-15 21:32:18,1.38842835834,104.000200551,0.0,6.28319,2.56563400043
2023-12-15 21:32:28,1.38842835834,104.000200551,0.0,6.28319,2.56563400043
2023-12-15 21:32:38,1.38843002752,104.000200551,0.0,6.28319,2.56563400043
2023-12-15 21:32:48,1.38843002752,104.000200551,0.0,6.28319,2.56563400043
2023-12-15 21:32:58,1.38843002752,104.000200551,0.0,6.28319,2.56563400043
2023-12-15 21:33:08,1.38843002752,104.000200551,0.0,6.28319,2.56563400043
2023-12-15 21:33:18,1.38843002752,104.000200551,0.0,6.28319,2.56563400043
2023-12-15 21:33:28,1.38843002752,104.000200551,0.0,6.28319,2.56563400043
2023-12-15 21:33:38,1.38843002752,104.000200551,0.0,6.28319,2.56563400043
2023-12-15 21:33:48,1.38843002752,104.000200551,0.0,6.28319,2.56563400043
2023-12-15 21:33:58,1.38842835834,104.000200551,0.0,6.28319,2.56563400043
2023-12-15 21:34:08,1.38842835834,104.000200551,0.0,6.28319,2.56563400043
2023-12-15 21:34:18,1.38842668916,104.000200551,0.0,6.28319,2.56563400043
2023-12-15 21:34:28,1.38842835834,104.000200551,0.0,6.28319,2.56563400043
2023-12-15 21:34:38,1.38842835834,104.000200551,0.0,6.28319,2.56563400043
2023-12-15 21:34:48,1.38843002752,104.000200551,0.0,6.28319,2.56563400043
2023-12-15 21:34:58,1.38843002752,104.000200551,0.0,6.28319,2.56563400043
2023-12-15 21:35:08,1.38843002752,104.000200551,0.0,6.28319,2.56563400043
2023-12-15 21:35:18,1.38843002752,104.000200551,0.0,6.28319,2.56563400043
2023-12-15 21:35:28,1.38843335705,104.000200552,0.0,6.28319,2.58308729295
2023-12-15 21:35:38,1.38843335705,104.000200552,0.0,6.28319,2.56563400043
2023-12-15 21:35:48,1.38843335705,104.000200552,0.0,6.28319,2.56563400043
2023-12-15 21:35:58,1.38843335705,104.000200552,0.0,6.28319,2.56563400043
2023-12-15 21:36:08,1.38843002752,104.000200551,0.0,6.28319,2.56563400043
2023-12-15 21:36:18,1.38843002752,104.000200551,0.0,6.28319,2.56563400043
2023-12-15 21:36:28,1.38842835834,104.000200551,0.0,6.28319,2.54818070791
2023-12-15 21:36:38,1.38843002752,104.000200551,0.0,6.28319,2.54818070791
2023-12-15 21:36:48,1.38843002752,104.000200551,0.0,6.28319,2.56563400043
2023-12-15 21:36:58,1.38843002752,104.000200551,0.0,6.28319,2.56563400043
2023-12-15 21:37:08,1.3884316967,104.000200551,0.0,6.28319,2.56563400043
2023-12-15 21:37:18,1.3884316967,104.000200551,0.0,6.28319,2.56563400043
2023-12-15 21:37:28,1.38843002752,104.000200551,0.0,6.28319,2.56563400043
2023-12-15 21:37:38,1.38843002752,104.000200551,0.0,6.28319,2.56563400043
2023-12-15 21:37:48,1.38843002752,104.000200551,0.0,6.28319,2.56563400043
2023-12-15 21:37:58,1.38843002752,104.000200551,0.0,6.28319,2.56563400043
2023-12-15 21:38:08,1.38843002752,104.000200551,0.0,6.28319,2.56563400043
2023-12-15 21:38:18,1.38843002752,104.000200551,0.0,6.28319,2.56563400043
2023-12-15 21:38:28,1.38842835834,104.000200551,0.0,6.28319,2.56563400043
2023-12-15 21:38:38,1.38842835834,104.000200551,0.0,6.28319,2.54818070791
2023-12-15 21:38:48,1.38842835834,104.000200551,0.0,6.28319,2.56563400043
2023-12-15 21:38:58,1.38842835834,104.000200551,0.0,6.28319,2.56563400043
2023-12-15 21:39:08,1.38843002752,104.000200551,0.0,6.28319,2.56563400043
2023-12-15 21:39:18,1.38843002752,104.000200551,0.0,6.28319,2.56563400043
2023-12-15 21:39:28,1.38843002752,104.000200551,0.0,6.28319,2.56563400043
2023-12-15 21:39:38,1.38843002752,104.000200551,0.0,6.28319,2.56563400043
2023-12-15 21:39:48,1.38843002752,104.000200551,0.0,6.28319,2.54818070791
2023-12-15 21:39:58,1.38843002752,104.000200551,0.0,6.28319,2.54818070791
2023-12-15 21:40:08,1.38843002752,104.000200551,0.0,6.28319,2.54818070791
2023-12-15 21:40:18,1.38842835834,104.000200551,0.0,6.28319,2.54818070791
2023-12-15 21:40:28,1.38842835834,104.000200551,0.0,6.28319,2.58308729295
2023-12-15 21:40:38,1.38843002752,104.000200551,0.0,6.28319,2.58308729295
2023-12-15 21:40:48,1.38842835834,104.000200551,0.0,6.28319,2.56563400043
2023-12-15 21:40:58,1.38842835834,104.000200551,0.0,6.28319,2.56563400043
2023-12-15 21:41:08,1.38843002752,104.000200551,0.0,6.28319,2.56563400043
2023-12-15 21:41:18,1.38843002752,104.000200551,0.0,6.28319,2.56563400043
2023-12-15 21:41:28,1.38843002752,104.000200551,0.0,6.28319,2.56563400043
2023-12-15 21:41:38,1.38843002752,104.000200551,0.0,6.28319,2.56563400043
2023-12-15 21:41:48,1.38843002752,104.000200551,0.0,6.28319,2.56563400043
2023-12-15 21:41:58,1.38842835834,104.000200551,0.0,6.28319,2.56563400043
2023-12-15 21:42:08,1.38842835834,104.000200551,0.0,6.28319,2.56563400043
2023-12-15 21:42:18,1.38842668916,104.000200551,0.0,6.28319,2.54818070791
2023-12-15 21:42:28,1.38842835834,104.000200551,0.0,6.28319,2.54818070791
2023-12-15 21:42:38,1.38842835834,104.000200551,0.0,6.28319,2.54818070791
2023-12-15 21:42:48,1.38842835834,104.000200551,0.0,6.28319,2.56563400043
2023-12-15 21:42:58,1.3884316967,104.000200551,0.0,6.28319,2.56563400043
2023-12-15 21:43:08,1.3884316967,104.000200551,0.0,6.28319,2.56563400043
2023-12-15 21:43:18,1.38842835834,104.000200551,0.0,6.28319,2.54818070791
2023-12-15 21:43:28,1.38842835834,104.000200551,0.0,6.28319,2.56563400043
2023-12-15 21:43:38,1.38842835834,104.000200551,0.0,6.28319,2.56563400043
2023-12-15 21:43:48,1.38842835834,104.000200551,0.0,6.28319,2.56563400043
2023-12-15 21:43:58,1.38842835834,104.000200551,0.0,6.28319,2.56563400043
2023-12-15 21:44:08,1.38842835834,104.000200551,0.0,6.28319,2.56563400043
2023-12-15 21:44:18,1.38842835834,104.000200551,0.0,6.28319,2.54818070791
2023-12-15 21:44:28,1.38842835834,104.000200551,0.0,6.28319,2.54818070791
2023-12-15 21:44:38,1.38842835834,104.000200551,0.0,6.28319,2.54818070791
2023-12-15 21:44:48,1.38842835834,104.000200551,0.0,6.28319,2.54818070791
2023-12-15 21:44:58,1.38842835834,104.000200551,0.0,6.28319,2.54818070791
2023-12-15 21:45:08,1.38842835834,104.000200551,0.0,6.28319,2.54818070791
2023-12-15 21:45:18,1.38842835834,104.000200551,0.0,6.28319,2.54818070791
2023-12-15 21:45:28,1.38843002752,104.000200551,0.0,6.28319,2.54818070791
2023-12-15 21:45:38,1.38843002752,104.000200551,0.0,6.28319,2.54818070791
2023-12-15 21:45:48,1.38843002667,104.00021389,0.0,6.28319,2.54818070791
2023-12-15 21:45:58,1.38843169585,104.00021389,0.0,6.28319,2.54818070791
2023-12-15 21:46:08,1.38843002667,104.00021389,0.0,6.28319,2.54818070791
2023-12-15 21:46:18,1.38843002667,104.00021389,0.0,6.28319,2.54818070791
2023-12-15 21:46:28,1.38843002667,104.00021389,0.0,6.28319,2.54818070791
2023-12-15 21:46:38,1.38843002667,104.00021389,0.0,6.28319,2.54818070791
2023-12-15 21:46:48,1.38843002667,104.00021389,0.0,6.28319,2.54818070791
2023-12-15 21:46:58,1.38843002667,104.00021389,0.0,6.28319,2.54818070791
2023-12-15 21:47:08,1.38843002667,104.00021389,0.0,6.28319,2.54818070791
2023-12-15 21:47:18,1.38843002667,104.00021389,0.0,6.28319,2.54818070791
2023-12-15 21:47:28,1.38843002667,104.00021389,0.0,6.28319,2.54818070791
2023-12-15 21:47:38,1.38843002667,104.00021389,0.0,6.28319,2.54818070791
2023-12-15 21:47:48,1.38842835748,104.000213889,0.0,6.28319,2.54818070791
2023-12-15 21:47:58,1.38842835748,104.000213889,0.0514444,6.28319,2.54818070791
2023-12-15 21:48:08,1.38842835748,104.000213889,0.0514444,6.28319,2.54818070791
2023-12-15 21:48:18,1.38842835748,104.000213889,0.0,6.28319,2.54818070791
2023-12-15 21:48:28,1.38842835748,104.000213889,0.0,6.28319,2.54818070791
2023-12-15 21:48:38,1.38842835748,104.000213889,0.0514444,6.28319,2.54818070791
2023-12-15 21:48:48,1.38842835748,104.000213889,0.0,6.28319,2.54818070791
2023-12-15 21:48:58,1.38842835748,104.000213889,0.0514444,6.28319,2.54818070791
2023-12-15 21:49:08,1.38842835748,104.000213889,0.0514444,6.28319,2.54818070791
2023-12-15 21:49:18,1.38842835748,104.000213889,0.0,6.28319,2.54818070791
2023-12-15 21:49:28,1.38842835748,104.000213889,0.0514444,6.28319,2.54818070791
2023-12-15 21:49:38,1.38842835748,104.000213889,0.0,6.28319,2.54818070791
2023-12-15 21:49:48,1.38842835748,104.000213889,0.0,6.28319,2.54818070791
2023-12-15 21:49:58,1.38842835748,104.000213889,0.0,6.28319,2.54818070791
2023-12-15 21:50:08,1.38843002667,104.00021389,0.0,6.28319,2.54818070791
2023-12-15 21:50:18,1.38843002667,104.00021389,0.0,6.28319,2.54818070791
2023-12-15 21:50:28,1.38842835834,104.000200551,0.0,6.28319,2.54818070791
2023-12-15 21:50:38,1.38842835834,104.000200551,0.0,6.28319,2.54818070791
2023-12-15 21:50:48,1.38842835834,104.000200551,0.0,6.28319,2.54818070791
2023-12-15 21:50:58,1.38842835834,104.000200551,0.0,6.28319,2.54818070791
2023-12-15 21:51:08,1.38842835748,104.000213889,0.0,6.28319,2.54818070791
2023-12-15 21:51:18,1.38842835748,104.000213889,0.0,6.28319,2.54818070791
2023-12-15 21:51:28,1.38843002667,104.00021389,0.0,6.28319,2.54818070791
2023-12-15 21:51:38,1.38843002667,104.00021389,0.0,6.28319,2.54818070791
2023-12-15 21:51:48,1.38843002667,104.00021389,0.0,6.28319,2.54818070791
2023-12-15 21:51:58,1.38843002752,104.000200551,0.0514444,6.28319,2.54818070791
2023-12-15 21:52:08,1.38843002752,104.000200551,0.0,6.28319,2.54818070791
2023-12-15 21:52:18,1.38843002752,104.000200551,0.0,6.28319,2.54818070791
2023-12-15 21:52:28,1.38843002667,104.00021389,0.0,6.28319,2.54818070791
2023-12-15 21:52:38,1.3884316967,104.000200551,0.0,6.28319,2.54818070791
2023-12-15 21:52:48,1.3884316967,104.000200551,0.0,6.28319,2.54818070791
2023-12-15 21:52:58,1.38843002752,104.000200551,0.0,6.28319,2.54818070791
2023-12-15 21:53:08,1.38843002752,104.000200551,0.0,6.28319,2.54818070791
2023-12-15 21:53:18,1.38843002752,104.000200551,0.0,6.28319,2.54818070791
2023-12-15 21:53:28,1.38843002752,104.000200551,0.0,6.28319,2.54818070791
2023-12-15 21:53:38,1.38843002752,104.000200551,0.0,6.28319,2.54818070791
2023-12-15 21:53:48,1.38843002752,104.000200551,0.0514444,6.28319,2.54818070791
2023-12-15 21:53:58,1.38842835834,104.000200551,0.0,6.28319,2.54818070791
2023-12-15 21:54:08,1.38842835834,104.000200551,0.0514444,6.28319,2.54818070791
2023-12-15 21:54:18,1.38843002752,104.000200551,0.0514444,6.28319,2.54818070791
2023-12-15 21:54:28,1.38843002752,104.000200551,0.0514444,6.28319,2.54818070791
2023-12-15 21:54:38,1.38843002752,104.000200551,0.0514444,6.28319,2.54818070791
2023-12-15 21:54:48,1.38843002752,104.000200551,0.0,6.28319,2.54818070791
2023-12-15 21:54:58,1.38843002752,104.000200551,0.0,6.28319,2.54818070791
2023-12-15 21:55:08,1.38843002752,104.000200551,0.0,6.28319,2.54818070791
2023-12-15 21:55:18,1.3884316967,104.000200551,0.0,6.28319,2.54818070791
2023-12-15 21:55:28,1.3884316967,104.000200551,0.0,6.28319,2.54818070791
2023-12-15 21:55:38,1.3884316967,104.000200551,0.0,6.28319,2.54818070791
2023-12-15 21:55:48,1.3884316967,104.000200551,0.0,6.28319,2.54818070791
2023-12-15 21:55:58,1.3884316967,104.000200551,0.0,6.28319,2.54818070791
2023-12-15 21:56:08,1.3884316967,104.000200551,0.0,6.28319,2.54818070791
2023-12-15 21:56:18,1.3884316967,104.000200551,0.0,6.28319,2.54818070791
2023-12-15 21:56:28,1.3884316967,104.000200551,0.0,6.28319,2.54818070791
2023-12-15 21:56:38,1.3884316967,104.000200551,0.0,6.28319,2.54818070791
2023-12-15 21:56:48,1.3884316967,104.000200551,0.0,6.28319,2.54818070791
2023-12-15 21:56:58,1.3884316967,104.000200551,0.0,6.28319,2.54818070791
2023-12-15 21:57:08,1.3884316967,104.000200551,0.0,6.28319,2.54818070791
2023-12-15 21:57:18,1.3884316967,104.000200551,0.0,6.28319,2.54818070791
2023-12-15 21:57:28,1.3884316967,104.000200551,0.0,6.28319,2.54818070791
2023-12-15 21:57:38,1.3884316967,104.000200551,0.0,6.28319,2.54818070791
2023-12-15 21:57:48,1.3884316967,104.000200551,0.0,6.28319,2.54818070791
2023-12-15 21:57:58,1.3884316967,104.000200551,0.0,6.28319,2.54818070791
2023-12-15 21:58:08,1.38843002752,104.000200551,0.0,6.28319,2.54818070791
2023-12-15 21:58:18,1.38843002752,104.000200551,0.0,6.28319,2.54818070791
2023-12-15 21:58:28,1.3884316967,104.000200551,0.0,6.28319,2.54818070791
2023-12-15 21:58:38,1.3884316967,104.000200551,0.0,6.28319,2.54818070791
2023-12-15 21:58:48,1.3884316967,104.000200551,0.0,6.28319,2.54818070791
2023-12-15 21:58:58,1.38843002752,104.000200551,0.0,6.28319,2.54818070791
2023-12-15 21:59:08,1.38843002752,104.000200551,0.0,6.28319,2.54818070791
2023-12-15 21:59:18,1.3884316967,104.000200551,0.0,6.28319,2.54818070791
2023-12-15 21:59:28,1.3884316967,104.000200551,0.0,6.28319,2.54818070791
2023-12-15 21:59:38,1.3884316967,104.000200551,0.0,6.28319,2.54818070791
2023-12-15 21:59:48,1.3884316967,104.000200551,0.0,6.28319,2.54818070791
2023-12-15 21:59:58,1.3884316967,104.000200551,0.0,6.28319,2.54818070791
2023-12-15 22:00:08,1.38843002752,104.000200551,0.0,6.28319,2.54818070791
2023-12-15 22:00:18,1.38843002752,104.000200551,0.0,6.28319,2.54818070791
2023-12-15 22:00:28,1.3884316967,104.000200551,0.0514444,6.28319,2.54818070791
2023-12-15 22:00:38,1.3884316967,104.000200551,0.0514444,6.28319,2.54818070791
2023-12-15 22:00:48,1.3884316967,104.000200551,0.0,6.28319,2.54818070791
2023-12-15 22:00:58,1.3884316967,104.000200551,0.0,6.28319,2.54818070791
2023-12-15 22:01:08,1.3884316967,104.000200551,0.0,6.28319,2.54818070791
2023-12-15 22:01:18,1.3884316967,104.000200551,0.0,6.28319,2.54818070791
2023-12-15 22:01:28,1.3884316967,104.000200551,0.0,6.28319,2.54818070791
2023-12-15 22:01:38,1.3884316967,104.000200551,0.0514444,6.28319,2.54818070791
2023-12-15 22:01:48,1.38843335705,104.000200552,0.0514444,6.28319,2.54818070791
2023-12-15 22:01:58,1.38843335705,104.000200552,0.0514444,6.28319,2.54818070791
2023-12-15 22:02:08,1.38843335705,104.000200552,0.0,6.28319,2.54818070791
2023-12-15 22:02:18,1.3884316967,104.000200551,0.0,6.28319,2.54818070791
2023-12-15 22:02:28,1.38843002752,104.000200551,0.0,6.28319,2.54818070791
2023-12-15 22:02:38,1.38843002752,104.000200551,0.0,6.28319,2.54818070791
2023-12-15 22:02:48,1.38843002752,104.000200551,0.0,6.28319,2.54818070791
2023-12-15 22:02:58,1.38843002752,104.000200551,0.0,6.28319,2.54818070791
2023-12-15 22:03:08,1.3884316967,104.000200551,0.0,6.28319,2.54818070791
2023-12-15 22:03:18,1.3884316967,104.000200551,0.0,6.28319,2.54818070791
2023-12-15 22:03:28,1.3884316967,104.000200551,0.0,6.28319,2.54818070791
2023-12-15 22:03:38,1.38843002752,104.000200551,0.0,6.28319,2.54818070791
2023-12-15 22:03:48,1.3884316967,104.000200551,0.0,6.28319,2.53072741539
2023-12-15 22:03:58,1.3884316967,104.000200551,0.0,6.28319,2.54818070791
2023-12-15 22:04:08,1.3884316967,104.000200551,0.0,6.28319,2.54818070791
2023-12-15 22:04:18,1.38843002752,104.000200551,0.0,6.28319,2.54818070791
2023-12-15 22:04:28,1.3884316967,104.000200551,0.0,6.28319,2.54818070791
2023-12-15 22:04:38,1.3884316967,104.000200551,0.0,6.28319,2.54818070791
2023-12-15 22:04:48,1.3884316967,104.000200551,0.0,6.28319,2.54818070791
2023-12-15 22:04:58,1.38843002752,104.000200551,0.0,6.28319,2.54818070791
2023-12-15 22:05:08,1.3884316967,104.000200551,0.0,6.28319,2.54818070791
2023-12-15 22:05:18,1.3884316967,104.000200551,0.0,6.28319,2.54818070791
2023-12-15 22:05:28,1.3884316967,104.000200551,0.0,6.28319,2.54818070791
2023-12-15 22:05:38,1.38843335705,104.000200552,0.0,6.28319,2.54818070791
2023-12-15 22:05:48,1.38843502623,104.000200552,0.0,6.28319,2.54818070791
2023-12-15 22:05:58,1.38843335705,104.000200552,0.0,6.28319,2.54818070791
2023-12-15 22:06:08,1.38843335705,104.000200552,0.0,6.28319,2.54818070791
2023-12-15 22:06:18,1.38843335705,104.000200552,0.0,6.28319,2.54818070791
2023-12-15 22:06:28,1.38843335705,104.000200552,0.0,6.28319,2.54818070791
2023-12-15 22:06:38,1.38843502623,104.000200552,0.0,6.28319,2.54818070791
2023-12-15 22:06:48,1.38843502623,104.000200552,0.0,6.28319,2.54818070791
2023-12-15 22:06:58,1.38843502623,104.000200552,0.0,6.28319,2.54818070791
2023-12-15 22:07:08,1.38843502623,104.000200552,0.0,6.28319,2.54818070791
2023-12-15 22:07:18,1.38843502623,104.000200552,0.0,6.28319,2.54818070791
2023-12-15 22:07:28,1.38843335705,104.000200552,0.0,6.28319,2.54818070791
2023-12-15 22:07:38,1.38843335705,104.000200552,0.0,6.28319,2.54818070791
2023-12-15 22:07:48,1.38843335705,104.000200552,0.0,6.28319,2.54818070791
2023-12-15 22:07:58,1.38843335705,104.000200552,0.0,6.28319,2.53072741539
2023-12-15 22:08:08,1.38843335705,104.000200552,0.0,6.28319,2.53072741539
2023-12-15 22:08:18,1.38843335705,104.000200552,0.0,6.28319,2.53072741539
2023-12-15 22:08:28,1.38843335705,104.000200552,0.0,6.28319,2.54818070791
2023-12-15 22:08:38,1.38843335705,104.000200552,0.0,6.28319,2.54818070791
2023-12-15 22:08:48,1.3884316967,104.000200551,0.0,6.28319,2.54818070791
2023-12-15 22:08:58,1.3884316967,104.000200551,0.0,6.28319,2.54818070791
2023-12-15 22:09:08,1.38843002752,104.000200551,0.0,6.28319,2.53072741539
2023-12-15 22:09:18,1.38843002752,104.000200551,0.0,6.28319,2.54818070791
2023-12-15 22:09:28,1.3884316967,104.000200551,0.0,6.28319,2.54818070791
2023-12-15 22:09:38,1.38843335705,104.000200552,0.0,6.28319,2.54818070791
2023-12-15 22:09:48,1.38843335705,104.000200552,0.0,6.28319,2.54818070791
2023-12-15 22:09:58,1.38843335705,104.000200552,0.0,6.28319,2.54818070791
2023-12-15 22:10:08,1.38843502623,104.000200552,0.0,6.28319,2.54818070791
2023-12-15 22:10:18,1.38843502623,104.000200552,0.0,6.28319,2.54818070791
2023-12-15 22:10:28,1.38843335705,104.000200552,0.0,6.28319,2.54818070791
2023-12-15 22:10:38,1.38843335705,104.000200552,0.0,6.28319,2.53072741539
2023-12-15 22:10:48,1.38843335705,104.000200552,0.0,6.28319,2.53072741539
2023-12-15 22:10:58,1.38843335705,104.000200552,0.0,6.28319,2.54818070791
2023-12-15 22:11:08,1.38843335705,104.000200552,0.0,6.28319,2.53072741539
2023-12-15 22:11:18,1.38843502623,104.000200552,0.0,6.28319,2.53072741539
2023-12-15 22:11:28,1.38843335705,104.000200552,0.0,6.28319,2.53072741539
2023-12-15 22:11:38,1.3884316967,104.000200551,0.0,6.28319,2.53072741539
2023-12-15 22:11:48,1.3884316967,104.000200551,0.0,6.28319,2.53072741539
2023-12-15 22:11:58,1.3884316967,104.000200551,0.0,6.28319,2.53072741539
2023-12-15 22:12:08,1.38843335705,104.000200552,0.0,6.28319,2.53072741539
2023-12-15 22:12:18,1.38843335705,104.000200552,0.0,6.28319,2.53072741539
2023-12-15 22:12:28,1.38843502623,104.000200552,0.0,6.28319,2.53072741539
2023-12-15 22:12:38,1.38843669542,104.000200552,0.0,6.28319,2.54818070791
2023-12-15 22:12:48,1.38843502623,104.000200552,0.0,6.28319,2.53072741539
2023-12-15 22:12:58,1.38843502623,104.000200552,0.0,6.28319,2.53072741539
2023-12-15 22:13:08,1.38843502623,104.000200552,0.0,6.28319,2.53072741539
2023-12-15 22:13:18,1.38843502623,104.000200552,0.0,6.28319,2.54818070791
2023-12-15 22:13:28,1.38843502623,104.000200552,0.0,6.28319,2.54818070791
2023-12-15 22:13:38,1.38843502623,104.000200552,0.0,6.28319,2.53072741539
2023-12-15 22:13:48,1.38843669542,104.000200552,0.0,6.28319,2.54818070791
2023-12-15 22:13:58,1.38843669542,104.000200552,0.0,6.28319,2.54818070791
2023-12-15 22:14:08,1.38843669542,104.000200552,0.0,6.28319,2.53072741539
2023-12-15 22:14:18,1.38843835577,104.000200552,0.0,6.28319,2.54818070791
2023-12-15 22:14:28,1.38843835577,104.000200552,0.0,6.28319,2.53072741539
2023-12-15 22:14:38,1.38843835577,104.000200552,0.0,6.28319,2.53072741539
2023-12-15 22:14:48,1.38843502623,104.000200552,0.0,6.28319,2.53072741539
2023-12-15 22:14:58,1.38843502623,104.000200552,0.0,6.28319,2.53072741539
2023-12-15 22:15:08,1.38843502623,104.000200552,0.0,6.28319,2.53072741539
2023-12-15 22:15:18,1.38843502623,104.000200552,0.0,6.28319,2.53072741539
2023-12-15 22:15:28,1.38843502623,104.000200552,0.0,6.28319,2.54818070791
2023-12-15 22:15:38,1.38843502623,104.000200552,0.0,6.28319,2.54818070791
2023-12-15 22:15:48,1.38843502623,104.000200552,0.0,6.28319,2.54818070791
2023-12-15 22:15:58,1.38843335705,104.000200552,0.0,6.28319,2.54818070791
2023-12-15 22:16:08,1.38843335705,104.000200552,0.0,6.28319,2.53072741539
2023-12-15 22:16:18,1.38843335705,104.000200552,0.0,6.28319,2.53072741539
2023-12-15 22:16:28,1.38843002752,104.000200551,0.0,6.28319,2.53072741539
2023-12-15 22:16:38,1.38843002752,104.000200551,0.0,6.28319,2.53072741539
2023-12-15 22:16:48,1.38843002752,104.000200551,0.0,6.28319,2.53072741539
2023-12-15 22:16:58,1.38843002752,104.000200551,0.0,6.28319,2.53072741539
2023-12-15 22:17:08,1.38843002752,104.000200551,0.0,6.28319,2.54818070791
2023-12-15 22:17:18,1.38843002752,104.000200551,0.0514444,6.28319,2.53072741539
2023-12-15 22:17:28,1.38843002752,104.000200551,0.0514444,6.28319,2.53072741539
2023-12-15 22:17:38,1.3884316967,104.000200551,0.0,6.28319,2.54818070791
2023-12-15 22:17:48,1.3884316967,104.000200551,0.0514444,6.28319,2.53072741539
2023-12-15 22:17:58,1.3884316967,104.000200551,0.0,6.28319,2.54818070791
2023-12-15 22:18:08,1.38843002752,104.000200551,0.0,6.28319,2.54818070791
2023-12-15 22:18:18,1.38843002752,104.000200551,0.0514444,6.28319,2.53072741539
2023-12-15 22:18:28,1.3884316967,104.000200551,0.0,6.28319,2.53072741539
2023-12-15 22:18:38,1.3884316967,104.000200551,0.0,6.28319,2.53072741539
2023-12-15 22:18:48,1.3884316967,104.000200551,0.0514444,6.28319,2.53072741539
2023-12-15 22:18:58,1.3884316967,104.000200551,0.0,6.28319,2.53072741539
2023-12-15 22:19:08,1.3884316967,104.000200551,0.0,6.28319,2.53072741539
2023-12-15 22:19:18,1.3884316967,104.000200551,0.0,6.28319,2.53072741539
2023-12-15 22:19:28,1.3884316967,104.000200551,0.0514444,6.28319,2.53072741539
2023-12-15 22:19:38,1.3884316967,104.000200551,0.0,6.28319,2.53072741539
2023-12-15 22:19:48,1.3884316967,104.000200551,0.0,6.28319,2.53072741539
2023-12-15 22:19:58,1.3884316967,104.000200551,0.0,6.28319,2.53072741539
2023-12-15 22:20:08,1.3884316967,104.000200551,0.0,6.28319,2.53072741539
2023-12-15 22:20:18,1.38843335705,104.000200552,0.0,6.28319,2.53072741539
2023-12-15 22:20:28,1.38843335705,104.000200552,0.0,6.28319,2.53072741539
2023-12-15 22:20:38,1.38843502623,104.000200552,0.0,6.28319,2.53072741539
2023-12-15 22:20:48,1.38843502623,104.000200552,0.0,6.28319,2.53072741539
2023-12-15 22:20:58,1.38843502623,104.000200552,0.0,6.28319,2.53072741539
2023-12-15 22:21:08,1.38843502623,104.000200552,0.0,6.28319,2.53072741539
2023-12-15 22:21:18,1.38843502623,104.000200552,0.0,6.28319,2.53072741539
2023-12-15 22:21:28,1.38843335705,104.000200552,0.0,6.28319,2.53072741539
2023-12-15 22:21:38,1.38843335705,104.000200552,0.0,6.28319,2.53072741539
2023-12-15 22:21:48,1.38843335705,104.000200552,0.0,6.28319,2.53072741539
2023-12-15 22:21:58,1.38843502623,104.000200552,0.0,6.28319,2.54818070791
2023-12-15 22:22:08,1.38843502623,104.000200552,0.0,6.28319,2.54818070791
2023-12-15 22:22:18,1.38843502623,104.000200552,0.0,6.28319,2.54818070791
2023-12-15 22:22:28,1.38843502623,104.000200552,0.0,6.28319,2.53072741539
2023-12-15 22:22:38,1.38843502623,104.000200552,0.0,6.28319,2.53072741539
2023-12-15 22:22:48,1.38843335705,104.000200552,0.0,6.28319,2.53072741539
2023-12-15 22:22:58,1.38843335705,104.000200552,0.0,6.28319,2.53072741539
2023-12-15 22:23:08,1.3884316967,104.000200551,0.0,6.28319,2.53072741539
2023-12-15 22:23:18,1.38843335705,104.000200552,0.0,6.28319,2.53072741539
2023-12-15 22:23:28,1.38843335705,104.000200552,0.0,6.28319,2.53072741539
2023-12-15 22:23:38,1.38843335705,104.000200552,0.0,6.28319,2.53072741539
2023-12-15 22:23:48,1.38843335705,104.000200552,0.0,6.28319,2.53072741539
2023-12-15 22:23:58,1.38843502623,104.000200552,0.0,6.28319,2.53072741539
2023-12-15 22:24:08,1.38843502623,104.000200552,0.0,6.28319,2.53072741539
2023-12-15 22:24:18,1.38843669542,104.000200552,0.0,6.28319,2.53072741539
2023-12-15 22:24:28,1.38843669542,104.000200552,0.0,6.28319,2.53072741539
2023-12-15 22:24:38,1.38843669542,104.000200552,0.0,6.28319,2.53072741539
2023-12-15 22:24:48,1.38843502623,104.000200552,0.0,6.28319,2.53072741539
2023-12-15 22:24:58,1.38843502623,104.000200552,0.0,6.28319,2.53072741539
2023-12-15 22:25:08,1.38843502623,104.000200552,0.0,6.28319,2.53072741539
2023-12-15 22:25:18,1.38843502623,104.000200552,0.0,6.28319,2.53072741539
2023-12-15 22:25:28,1.38843502538,104.00021389,0.0,6.28319,2.53072741539
2023-12-15 22:25:38,1.3884333562,104.00021389,0.0,6.28319,2.53072741539
2023-12-15 22:25:48,1.3884333562,104.00021389,0.0,6.28319,2.53072741539
2023-12-15 22:25:58,1.3884333562,104.00021389,0.0,6.28319,2.53072741539
2023-12-15 22:26:08,1.3884333562,104.00021389,0.0,6.28319,2.53072741539
2023-12-15 22:26:18,1.3884333562,104.00021389,0.0,6.28319,2.53072741539
2023-12-15 22:26:28,1.38843335705,104.000200552,0.0,6.28319,2.53072741539
2023-12-15 22:26:38,1.3884316967,104.000200551,0.0,6.28319,2.53072741539
2023-12-15 22:26:48,1.3884316967,104.000200551,0.0,6.28319,2.53072741539
2023-12-15 22:26:58,1.38843002667,104.00021389,0.0,6.28319,2.53072741539
2023-12-15 22:27:08,1.38843002667,104.00021389,0.0,6.28319,2.53072741539
2023-12-15 22:27:18,1.38843002667,104.00021389,0.0,6.28319,2.53072741539
2023-12-15 22:27:28,1.38843002667,104.00021389,0.0,6.28319,2.53072741539
2023-12-15 22:27:38,1.38842835748,104.000213889,0.0,6.28319,2.53072741539
2023-12-15 22:27:48,1.38842835748,104.000213889,0.0,6.28319,2.53072741539
2023-12-15 22:27:58,1.38842835834,104.000200551,0.0,6.28319,2.53072741539
2023-12-15 22:28:08,1.38842835834,104.000200551,0.0,6.28319,2.53072741539
2023-12-15 22:28:18,1.38842835834,104.000200551,0.0,6.28319,2.53072741539
2023-12-15 22:28:28,1.38842668916,104.000200551,0.0,6.28319,2.53072741539
2023-12-15 22:28:38,1.38842668916,104.000200551,0.0,6.28319,2.53072741539
2023-12-15 22:28:48,1.38842668916,104.000200551,0.0,6.28319,2.53072741539
2023-12-15 22:28:58,1.38842502881,104.000200551,0.0,6.28319,2.53072741539
2023-12-15 22:29:08,1.38842668916,104.000200551,0.0,6.28319,2.53072741539
2023-12-15 22:29:18,1.38842835834,104.000200551,0.0,6.28319,2.53072741539
2023-12-15 22:29:28,1.38842835834,104.000200551,0.0,6.28319,2.53072741539
2023-12-15 22:29:38,1.38842835834,104.000200551,0.0,6.28319,2.53072741539
2023-12-15 22:29:48,1.38842835834,104.000200551,0.0,6.28319,2.53072741539
2023-12-15 22:29:58,1.38842835834,104.000200551,0.0,6.28319,2.53072741539
2023-12-15 22:30:08,1.38842668916,104.000200551,0.0,6.28319,2.53072741539
2023-12-15 22:30:18,1.38842502881,104.000200551,0.0,6.28319,2.53072741539
2023-12-15 22:30:28,1.38842502881,104.000200551,0.0,6.28319,2.53072741539
2023-12-15 22:30:38,1.38842335962,104.000200551,0.0,6.28319,2.53072741539
2023-12-15 22:30:48,1.38842335962,104.000200551,0.0,6.28319,2.53072741539
2023-12-15 22:30:58,1.38842335962,104.000200551,0.0,6.28319,2.53072741539
2023-12-15 22:31:08,1.38842335962,104.000200551,0.0,6.28319,2.53072741539
2023-12-15 22:31:18,1.38842668916,104.000200551,0.0,6.28319,2.54818070791
2023-12-15 22:31:28,1.38842668916,104.000200551,0.0,6.28319,2.54818070791
2023-12-15 22:31:38,1.38842668916,104.000200551,0.0,6.28319,2.53072741539
2023-12-15 22:31:48,1.38842668916,104.000200551,0.0,6.28319,2.53072741539
2023-12-15 22:31:58,1.38842835834,104.000200551,0.0,6.28319,2.53072741539
2023-12-15 22:32:08,1.38842835834,104.000200551,0.0,6.28319,2.53072741539
2023-12-15 22:32:18,1.38842835834,104.000200551,0.0,6.28319,2.53072741539
2023-12-15 22:32:28,1.38842835834,104.000200551,0.0,6.28319,2.53072741539
2023-12-15 22:32:38,1.38842835834,104.000200551,0.0,6.28319,2.53072741539
2023-12-15 22:32:48,1.38842835834,104.000200551,0.0,6.28319,2.53072741539
2023-12-15 22:32:58,1.38842668916,104.000200551,0.0,6.28319,2.53072741539
2023-12-15 22:33:08,1.38842668916,104.000200551,0.0,6.28319,2.53072741539
2023-12-15 22:33:18,1.38842668916,104.000200551,0.0,6.28319,2.53072741539
2023-12-15 22:33:28,1.38842668916,104.000200551,0.0,6.28319,2.53072741539
2023-12-15 22:33:38,1.38842835834,104.000200551,0.0,6.28319,2.53072741539
2023-12-15 22:33:48,1.38842835834,104.000200551,0.0,6.28319,2.54818070791
2023-12-15 22:33:58,1.38843002752,104.000200551,0.0,6.28319,2.53072741539
2023-12-15 22:34:08,1.38842835834,104.000200551,0.0,6.28319,2.53072741539
2023-12-15 22:34:18,1.38842835834,104.000200551,0.0,6.28319,2.53072741539
2023-12-15 22:34:28,1.38842835834,104.000200551,0.0,6.28319,2.53072741539
2023-12-15 22:34:38,1.38842835834,104.000200551,0.0,6.28319,2.53072741539
2023-12-15 22:34:48,1.38842835834,104.000200551,0.0,6.28319,2.53072741539
2023-12-15 22:34:58,1.38842835834,104.000200551,0.0,6.28319,2.53072741539
2023-12-15 22:35:08,1.38842835834,104.000200551,0.0,6.28319,2.53072741539
2023-12-15 22:35:18,1.3884316967,104.000200551,0.0,6.28319,2.53072741539
2023-12-15 22:35:28,1.3884316967,104.000200551,0.0,6.28319,2.53072741539
2023-12-15 22:35:38,1.38843335705,104.000200552,0.0,6.28319,2.53072741539
2023-12-15 22:35:48,1.38843335705,104.000200552,0.0,6.28319,2.53072741539
2023-12-15 22:35:58,1.38843335705,104.000200552,0.0,6.28319,2.53072741539
2023-12-15 22:36:08,1.38843002752,104.000200551,0.0,6.28319,2.53072741539
2023-12-15 22:36:18,1.38843002752,104.000200551,0.0,6.28319,2.53072741539
2023-12-15 22:36:28,1.38843002752,104.000200551,0.0,6.28319,2.53072741539
2023-12-15 22:36:38,1.38843002752,104.000200551,0.0,6.28319,2.53072741539
2023-12-15 22:36:48,1.38843002752,104.000200551,0.0,6.28319,2.53072741539
2023-12-15 22:36:58,1.38843002752,104.000200551,0.0,6.28319,2.53072741539
2023-12-15 22:37:08,1.38843002752,104.000200551,0.0,6.28319,2.53072741539
2023-12-15 22:37:18,1.38843002752,104.000200551,0.0,6.28319,2.53072741539
2023-12-15 22:37:28,1.38843335705,104.000200552,0.0,6.28319,2.53072741539
2023-12-15 22:37:38,1.38843335705,104.000200552,0.0,6.28319,2.53072741539
2023-12-15 22:37:48,1.38843335705,104.000200552,0.0,6.28319,2.53072741539
2023-12-15 22:37:58,1.38843335705,104.000200552,0.0,6.28319,2.53072741539
2023-12-15 22:38:08,1.38843002752,104.000200551,0.0,6.28319,2.53072741539
2023-12-15 22:38:18,1.38843002752,104.000200551,0.0,6.28319,2.53072741539
2023-12-15 22:38:28,1.38842835834,104.000200551,0.0,6.28319,2.53072741539
2023-12-15 22:38:38,1.38842668916,104.000200551,0.0,6.28319,2.53072741539
2023-12-15 22:38:48,1.38842835962,104.000180561,0.0,6.28319,2.53072741539
2023-12-15 22:38:58,1.38842835962,104.000180561,0.0,6.28319,2.53072741539
2023-12-15 22:39:08,1.38843168915,104.000180562,0.0,6.28319,2.53072741539
2023-12-15 22:39:18,1.38843335833,104.000180562,0.0,6.28319,2.53072741539
2023-12-15 22:39:28,1.38843335833,104.000180562,0.0,6.28319,2.53072741539
2023-12-15 22:39:38,1.38843168915,104.000180562,0.0,6.28319,2.53072741539
2023-12-15 22:39:48,1.38843168915,104.000180562,0.0,6.28319,2.53072741539
2023-12-15 22:39:58,1.38843168915,104.000180562,0.0,6.28319,2.53072741539
2023-12-15 22:40:08,1.38843002752,104.000200551,0.0,6.28319,2.53072741539
2023-12-15 22:40:18,1.38842835834,104.000200551,0.0,6.28319,2.53072741539
2023-12-15 22:40:28,1.38842835834,104.000200551,0.0,6.28319,2.53072741539
2023-12-15 22:40:38,1.38842835834,104.000200551,0.0,6.28319,2.53072741539
2023-12-15 22:40:48,1.38842835834,104.000200551,0.0,6.28319,2.53072741539
2023-12-15 22:40:58,1.38842835834,104.000200551,0.0,6.28319,2.54818070791
2023-12-15 22:41:08,1.3884316967,104.000200551,0.0,6.28319,2.53072741539
2023-12-15 22:41:18,1.3884316967,104.000200551,0.0,6.28319,2.53072741539
2023-12-15 22:41:28,1.38843002752,104.000200551,0.0,6.28319,2.53072741539
2023-12-15 22:41:38,1.38843002752,104.000200551,0.0,6.28319,2.53072741539
2023-12-15 22:41:48,1.38842835834,104.000200551,0.0,6.28319,2.53072741539
2023-12-15 22:41:58,1.38842668916,104.000200551,0.0,6.28319,2.53072741539
2023-12-15 22:42:08,1.38842835834,104.000200551,0.0,6.28319,2.53072741539
2023-12-15 22:42:18,1.38843002752,104.000200551,0.0,6.28319,2.53072741539
2023-12-15 22:42:28,1.38843002752,104.000200551,0.0,6.28319,2.53072741539
2023-12-15 22:42:38,1.38843002752,104.000200551,0.0,6.28319,2.53072741539
2023-12-15 22:42:48,1.38843002752,104.000200551,0.0,6.28319,2.53072741539
2023-12-15 22:42:58,1.38842668916,104.000200551,0.0,6.28319,2.53072741539
2023-12-15 22:43:08,1.38842668916,104.000200551,0.0,6.28319,2.53072741539
2023-12-15 22:43:18,1.38842835834,104.000200551,0.0,6.28319,2.53072741539
2023-12-15 22:43:28,1.38842668916,104.000200551,0.0,6.28319,2.56563400043
2023-12-15 22:43:38,1.38842668916,104.000200551,0.0,6.28319,2.54818070791
2023-12-15 22:43:48,1.38842835834,104.000200551,0.0,6.28319,2.56563400043
2023-12-15 22:43:58,1.38842835834,104.000200551,0.0,6.28319,2.56563400043
2023-12-15 22:44:08,1.38842835834,104.000200551,0.0,6.28319,2.54818070791
2023-12-15 22:44:18,1.38842668916,104.000200551,0.0,6.28319,2.54818070791
2023-12-15 22:44:28,1.38842668916,104.000200551,0.0,6.28319,2.54818070791
2023-12-15 22:44:38,1.38842502881,104.000200551,0.0,6.28319,2.53072741539
2023-12-15 22:44:48,1.38842502881,104.000200551,0.0,6.28319,2.53072741539
2023-12-15 22:44:58,1.38842668916,104.000200551,0.0,6.28319,2.53072741539
2023-12-15 22:45:08,1.38842668916,104.000200551,0.0,6.28319,2.53072741539
2023-12-15 22:45:18,1.38842668916,104.000200551,0.0,6.28319,2.53072741539
2023-12-15 22:45:28,1.38842835834,104.000200551,0.0,6.28319,2.53072741539
2023-12-15 22:45:38,1.38842668916,104.000200551,0.0,6.28319,2.53072741539
