name,callsign,imonumber,flag,length,type,grosstonnage,mmsinumber,latitudedegrees,longitudedegrees,speedoverground,speedoverwater,courseoverground,courseoverwater,headingoverground,headingoverwater,timestamp,is_stopped,lat_tug_9678446,lon_tug_9678446,sog_tug_9678446,heading_tug_9678446,lat_tug_9727687,lon_tug_9727687,sog_tug_9727687,heading_tug_9727687
PSA AGILITY,9V7546  ,9085596,SG,,CS,7869,563075510,1.25842835897,103.787713891,0.0,0.0,0.0401426,0.0,0.523598775598,29.9982,2023-05-20 11:32:43,True,1.25689514389,103.782132669,0.102889,0.0,1.25719310996,103.779056277,5.19589,139.999
PSA AGILITY,9V7546  ,9085596,SG,,CS,7869,563075510,1.25842835897,103.787713891,0.0,0.0,0.0401426,0.0,0.523598775598,29.9982,2023-05-20 11:32:53,True,1.25689718272,103.782125557,0.102889,0.0,1.256945089,103.779269921,5.19589,139.999
PSA AGILITY,9V7546  ,9085596,SG,,CS,7869,563075510,1.25842835897,103.787713891,0.0,0.0,0.0401426,0.0,0.523598775598,29.9982,2023-05-20 11:33:03,True,1.25689896766,103.782119335,0.102889,0.0,1.25634977366,103.779830597,5.24733,130.995
PSA AGILITY,9V7546  ,9085596,SG,,CS,7869,563075510,1.25842835897,103.787713891,0.0,0.0,0.0401426,0.0,0.523598775598,29.9982,2023-05-20 11:33:13,True,1.25690330031,103.782104221,0.102889,0.0,1.25607271635,103.780088953,5.24733,130.995
PSA AGILITY,9V7546  ,9085596,SG,,CS,7869,563075510,1.25842835897,103.787713891,0.0,0.0,0.0401426,0.0,0.523598775598,29.9982,2023-05-20 11:33:23,True,1.25688524201,103.78215733,0.102889,0.0,1.25600706435,103.780520034,5.093,124.997
PSA AGILITY,9V7546  ,9085596,SG,,CS,7869,563075510,1.25842835897,103.787713891,0.0,0.0,0.0401426,0.0,0.523598775598,29.9982,2023-05-20 11:33:33,True,1.25686521074,103.782161126,0.0514444,0.0,1.25582198831,103.780836937,5.093,124.997
PSA AGILITY,9V7546  ,9085596,SG,,CS,7869,563075510,1.25842835897,103.787713891,0.0,0.0,0.0401426,0.0,0.523598775598,29.9982,2023-05-20 11:33:43,True,1.25686542593,103.782157897,0.0514444,0.0,1.2554098952,103.78145781,5.093,124.997
PSA AGILITY,9V7546  ,9085596,SG,,CS,7869,563075510,1.25842835897,103.787713891,0.0,0.0,0.0401426,0.0,0.523598775598,29.9982,2023-05-20 11:33:53,True,1.25683724789,103.782178926,0.0514444,0.0,1.25524036063,103.781734213,5.14444,119.998
PSA AGILITY,9V7546  ,9085596,SG,,CS,7869,563075510,1.25842835897,103.787713891,0.0,0.0,0.0401426,0.0,0.523598775598,29.9982,2023-05-20 11:34:03,True,1.25686687778,103.782121126,0.0514444,0.0,1.25517601038,103.782140909,5.24733,111.995
PSA AGILITY,9V7546  ,9085596,SG,,CS,7869,563075510,1.25844169262,103.787760559,0.0,0.0,0.0401426,0.0,0.523598775598,29.9982,2023-05-20 11:34:13,True,1.25686715477,103.782116976,0.0514444,0.0,1.25488969429,103.782839983,5.24733,111.995
PSA AGILITY,9V7546  ,9085596,SG,,CS,7869,563075510,1.25844169262,103.787760559,0.0,0.0,0.0401426,0.0,0.523598775598,29.9982,2023-05-20 11:34:23,True,1.25687348263,103.782115379,0.0514444,0.0,1.25491738051,103.783182336,4.93867,97.998
PSA AGILITY,9V7546  ,9085596,SG,,CS,7869,563075510,1.25844169262,103.787760559,0.0,0.0,0.0401426,0.0,0.523598775598,29.9982,2023-05-20 11:34:33,True,1.25690363622,103.782158076,0.0514444,0.0,1.25482983648,103.783528513,4.93867,97.998
PSA AGILITY,9V7546  ,9085596,SG,,CS,7869,563075510,1.25844169262,103.787760559,0.0,0.0,0.0401426,0.0,0.523598775598,29.9982,2023-05-20 11:34:43,True,1.25690357596,103.782175665,0.0514444,0.0,1.25495931093,103.783864817,4.93867,97.998
PSA AGILITY,9V7546  ,9085596,SG,,CS,7869,563075510,1.25844169262,103.787760559,0.0,0.0,0.0401426,0.0,0.523598775598,29.9982,2023-05-20 11:34:53,True,1.25690382205,103.782171975,0.0514444,0.0,1.25494875904,103.784465783,4.47567,100.997
PSA AGILITY,9V7546  ,9085596,SG,,CS,7869,563075510,1.25844169262,103.787760559,0.0,0.0,0.0401426,0.0,0.523598775598,29.9982,2023-05-20 11:35:03,True,1.25692369777,103.78217272,0.0514444,0.0,1.2548257445,103.78472059,4.47567,100.997
PSA AGILITY,9V7546  ,9085596,SG,,CS,7869,563075510,1.25844169262,103.787760559,0.0,0.0,0.0401426,0.0,0.523598775598,29.9982,2023-05-20 11:35:13,True,1.25692700186,103.782170162,0.0514444,0.0,1.25478016174,103.785020085,4.21844,101.997
PSA AGILITY,9V7546  ,9085596,SG,,CS,7869,563075510,1.25844169262,103.787760559,0.0,0.0,0.0401426,0.0,0.523598775598,29.9982,2023-05-20 11:35:23,True,1.25690348141,103.782190753,0.0514444,0.0,1.25470428607,103.785489283,4.11556,93.999
PSA AGILITY,9V7546  ,9085596,SG,,CS,7869,563075510,1.25844169262,103.787760559,0.0,0.0,0.0401426,0.0,0.523598775598,29.9982,2023-05-20 11:35:33,True,1.25694570001,103.782268776,0.154333,0.0,1.25466599032,103.785782551,4.11556,93.999
PSA AGILITY,9V7546  ,9085596,SG,,CS,7869,563075510,1.25844169262,103.787760559,0.0,0.0,0.0401426,0.0,0.523598775598,29.9982,2023-05-20 11:35:43,True,1.25692641119,103.782210504,0.154333,0.0,1.25470627917,103.786088406,3.90978,74.9982
PSA AGILITY,9V7546  ,9085596,SG,,CS,7869,563075510,1.25844169262,103.787760559,0.0,0.0,0.0401426,0.0,0.523598775598,29.9982,2023-05-20 11:35:53,True,1.25689652716,103.782175015,0.102889,0.0,1.25470928597,103.786613518,3.90978,74.9982
PSA AGILITY,9V7546  ,9085596,SG,,CS,7869,563075510,1.25844169262,103.787760559,0.0,0.0,0.0401426,0.0,0.523598775598,29.9982,2023-05-20 11:36:03,True,1.25687344225,103.782175643,0.257222,0.0,1.25499011811,103.786659329,3.90978,45.0
PSA AGILITY,9V7546  ,9085596,SG,,CS,7869,563075510,1.25844002595,103.787727228,0.0,0.0,0.0401426,0.0,0.523598775598,29.9982,2023-05-20 11:36:13,True,1.25680831701,103.782118079,0.308667,0.0,1.25507360229,103.786860021,3.03522,45.0
PSA AGILITY,9V7546  ,9085596,SG,,CS,7869,563075510,1.25844002595,103.787727228,0.0,0.0,0.0401426,0.0,0.523598775598,29.9982,2023-05-20 11:36:23,True,1.25676603719,103.782147137,0.411556,0.0,1.25534720805,103.786911685,2.93233,45.9998
PSA AGILITY,9V7546  ,9085596,SG,,CS,7869,563075510,1.25844002595,103.787727228,0.0,0.0,0.0401426,0.0,0.523598775598,29.9982,2023-05-20 11:36:33,True,1.25664211025,103.782118644,0.977444,0.0,1.25562306043,103.787193802,2.93233,45.9998
PSA AGILITY,9V7546  ,9085596,SG,,CS,7869,563075510,1.25844002595,103.787727228,0.0,0.0,0.0401426,0.0,0.523598775598,29.9982,2023-05-20 11:36:43,True,1.25639387482,103.781993484,1.69767,0.0,1.25574837158,103.787217329,2.315,39.9957
PSA AGILITY,9V7546  ,9085596,SG,,CS,7869,563075510,1.25844002595,103.787727228,0.0,0.0,0.0401426,0.0,0.523598775598,29.9982,2023-05-20 11:36:53,True,1.25640093458,103.781906439,1.23467,0.0,1.25588841274,103.787327057,2.315,39.9957
PSA AGILITY,9V7546  ,9085596,SG,,CS,7869,563075510,1.25844002595,103.787727228,0.0,0.0,0.0401426,0.0,0.523598775598,29.9982,2023-05-20 11:37:03,True,1.25640987486,103.782006492,0.617333,0.0,1.25603475447,103.787402139,1.69767,26.9989
PSA AGILITY,9V7546  ,9085596,SG,,CS,7869,563075510,1.25844002595,103.787727228,0.0,0.0,0.0401426,0.0,0.523598775598,29.9982,2023-05-20 11:37:13,True,1.25636522852,103.782007731,0.617333,0.0,1.25616191712,103.787478392,1.69767,26.9989
PSA AGILITY,9V7546  ,9085596,SG,,CS,7869,563075510,1.25844002595,103.787727228,0.0,0.0,0.0401426,0.0,0.523598775598,29.9982,2023-05-20 11:37:23,True,1.25614022312,103.78249317,2.16067,0.0,1.25617638073,103.787412538,1.33756,32.9974
PSA AGILITY,9V7546  ,9085596,SG,,CS,7869,563075510,1.25844002595,103.787727228,0.0,0.0,0.0401426,0.0,0.523598775598,29.9982,2023-05-20 11:37:33,True,1.2560315108,103.782713392,2.778,0.0,1.25626555624,103.787449249,1.33756,32.9974
PSA AGILITY,9V7546  ,9085596,SG,,CS,7869,563075510,1.25844002595,103.787727228,0.0,0.0,0.0401426,0.0,0.523598775598,29.9982,2023-05-20 11:37:43,True,1.25580498306,103.78290523,3.18956,0.0,1.25633265876,103.787514685,0.926,45.0
PSA AGILITY,9V7546  ,9085596,SG,,CS,7869,563075510,1.25844002595,103.787727228,0.0,0.0,0.0401426,0.0,0.523598775598,29.9982,2023-05-20 11:37:53,True,1.25536650464,103.783305486,3.60111,0.0,1.25639219278,103.787545215,0.926,45.0
PSA AGILITY,9V7546  ,9085596,SG,,CS,7869,563075510,1.25844002595,103.787727228,0.0,0.0,0.0401426,0.0,0.523598775598,29.9982,2023-05-20 11:38:03,True,1.25512983413,103.783515808,4.01267,0.0,1.25642427068,103.78764178,0.977444,56.9971
PSA AGILITY,9V7546  ,9085596,SG,,CS,7869,563075510,1.25844002595,103.787727228,0.0,0.0,0.0401426,0.0,0.523598775598,29.9982,2023-05-20 11:38:13,True,1.25493928263,103.783638404,4.21844,0.0,1.25647674195,103.787688881,0.977444,56.9971
PSA AGILITY,9V7546  ,9085596,SG,,CS,7869,563075510,1.25844002595,103.787727228,0.0,0.0,0.0401426,0.0,0.523598775598,29.9982,2023-05-20 11:38:23,True,1.25471808397,103.783930673,4.32133,0.0,1.25655040438,103.787854353,1.33756,58.9966
PSA AGILITY,9V7546  ,9085596,SG,,CS,7869,563075510,1.25844002595,103.787727228,0.0,0.0,0.0401426,0.0,0.523598775598,29.9982,2023-05-20 11:38:33,True,1.25433539339,103.784437092,4.37278,0.0,1.25660111125,103.787936241,1.33756,58.9966
PSA AGILITY,9V7546  ,9085596,SG,,CS,7869,563075510,1.25844002595,103.787727228,0.0,0.0,0.0401426,0.0,0.523598775598,29.9982,2023-05-20 11:38:43,True,1.25424407311,103.784762135,4.42422,0.0,1.25663969619,103.787999405,1.13178,42.995
PSA AGILITY,9V7546  ,9085596,SG,,CS,7869,563075510,1.25844002595,103.787727228,0.0,0.0,0.0401426,0.0,0.523598775598,29.9982,2023-05-20 11:38:53,True,1.25417493801,103.785088165,4.42422,0.0,1.2567291909,103.788135108,1.13178,42.995
PSA AGILITY,9V7546  ,9085596,SG,,CS,7869,563075510,1.25844002595,103.787727228,0.0,0.0,0.0401426,0.0,0.523598775598,29.9982,2023-05-20 11:39:03,True,1.25417493801,103.785088165,4.42422,0.0,1.25676748965,103.788095125,0.771667,21.9946
PSA AGILITY,9V7546  ,9085596,SG,,CS,7869,563075510,1.25844002595,103.787727228,0.0,0.0,0.0401426,0.0,0.523598775598,29.9982,2023-05-20 11:39:13,True,1.25425122851,103.785942094,4.01267,0.0,1.25680662158,103.78813469,0.771667,21.9946
PSA AGILITY,9V7546  ,9085596,SG,,CS,7869,563075510,1.25844002595,103.787727228,0.0,0.0,0.0401426,0.0,0.523598775598,29.9982,2023-05-20 11:39:23,True,1.25435060813,103.786255454,4.01267,0.0,1.25687658785,103.788111716,0.668778,21.9946
PSA AGILITY,9V7546  ,9085596,SG,,CS,7869,563075510,1.25844002595,103.787727228,0.0,0.0,0.0401426,0.0,0.523598775598,29.9982,2023-05-20 11:39:33,True,1.25445272069,103.786506548,4.06411,0.0,1.25695965955,103.788147949,0.668778,21.9946
PSA AGILITY,9V7546  ,9085596,SG,,CS,7869,563075510,1.25844002595,103.787727228,0.0,0.0,0.0401426,0.0,0.523598775598,29.9982,2023-05-20 11:39:43,True,1.25453160117,103.786789911,4.06411,0.0,1.25701693582,103.788079992,0.668778,21.9946
PSA AGILITY,9V7546  ,9085596,SG,,CS,7869,563075510,1.25844002595,103.787727228,0.0,0.0,0.0401426,0.0,0.523598775598,29.9982,2023-05-20 11:39:53,True,1.25485177979,103.787300657,4.167,0.0,1.25706900519,103.788078003,0.668778,21.9946
PSA AGILITY,9V7546  ,9085596,SG,,CS,7869,563075510,1.25843669254,103.787727228,0.0,0.0,0.0401426,0.0,0.523598775598,29.9982,2023-05-20 11:40:03,True,1.25504444219,103.787541816,4.167,0.0,1.25711679141,103.78803935,0.617333,345.998
PSA AGILITY,9V7546  ,9085596,SG,,CS,7869,563075510,1.25843669254,103.787727228,0.0,0.0,0.0401426,0.0,0.523598775598,29.9982,2023-05-20 11:40:13,True,1.25520847371,103.787752045,4.167,0.0,1.25719708632,103.788015717,0.617333,345.998
PSA AGILITY,9V7546  ,9085596,SG,,CS,7869,563075510,1.25843669254,103.787727228,0.0,0.0,0.0401426,0.0,0.523598775598,29.9982,2023-05-20 11:40:23,True,1.25537941744,103.787976112,3.90978,0.0,1.25723920883,103.787960839,0.668778,356.995
PSA AGILITY,9V7546  ,9085596,SG,,CS,7869,563075510,1.25843669254,103.787727228,0.0,0.0,0.0401426,0.0,0.523598775598,29.9982,2023-05-20 11:40:33,True,1.25583113538,103.78822507,3.54967,0.0,1.25727616674,103.787940319,0.668778,356.995
PSA AGILITY,9V7546  ,9085596,SG,,CS,7869,563075510,1.25843669254,103.787727228,0.0,0.0,0.0401426,0.0,0.523598775598,29.9982,2023-05-20 11:40:43,True,1.25602518956,103.788316616,3.44678,0.0,1.25729942491,103.787937418,0.514444,6.99829
PSA AGILITY,9V7546  ,9085596,SG,,CS,7869,563075510,1.25843669254,103.787727228,0.0,0.0,0.0401426,0.0,0.523598775598,29.9982,2023-05-20 11:40:53,True,1.25628458889,103.788481079,3.39533,0.0,1.25736683531,103.787906047,0.514444,6.99829
PSA AGILITY,9V7546  ,9085596,SG,,CS,7869,563075510,1.25843669254,103.787727228,0.0,0.0,0.0401426,0.0,0.523598775598,29.9982,2023-05-20 11:41:03,True,1.25668689796,103.78873182,3.39533,0.0,1.25740271076,103.787907885,0.463,15.9961
PSA AGILITY,9V7546  ,9085596,SG,,CS,7869,563075510,1.25843669254,103.787727228,0.0,0.0,0.0401426,0.0,0.523598775598,29.9982,2023-05-20 11:41:13,True,1.25682894308,103.788808446,3.39533,0.0,1.25743072577,103.78789932,0.463,15.9961
PSA AGILITY,9V7546  ,9085596,SG,,CS,7869,563075510,1.25843669254,103.787727228,0.0,0.0,0.0401426,0.0,0.523598775598,29.9982,2023-05-20 11:41:23,True,1.25702003452,103.788913277,3.241,0.0,1.25742988299,103.787903242,0.360111,24.9994
PSA AGILITY,9V7546  ,9085596,SG,,CS,7869,563075510,1.25843669254,103.787727228,0.0,0.0,0.0401426,0.0,0.523598775598,29.9982,2023-05-20 11:41:33,True,1.25724796678,103.789041426,3.241,0.0,1.25748411589,103.78789218,0.360111,24.9994
PSA AGILITY,9V7546  ,9085596,SG,,CS,7869,563075510,1.25843669254,103.787727228,0.0,0.0,0.0401426,0.0,0.523598775598,29.9982,2023-05-20 11:41:43,True,1.25750474849,103.789013977,2.315,0.0,1.25750763156,103.787900691,0.360111,33.9972
PSA AGILITY,9V7546  ,9085596,SG,,CS,7869,563075510,1.25843669254,103.787727228,0.0,0.0,0.0401426,0.0,0.523598775598,29.9982,2023-05-20 11:41:53,True,1.25760489529,103.789009895,1.74911,0.0,1.2575333278,103.787896417,0.360111,33.9972
PSA AGILITY,9V7546  ,9085596,SG,,CS,7869,563075510,1.25843669254,103.787727228,0.0,0.0,0.0401426,0.0,0.523598775598,29.9982,2023-05-20 11:42:03,True,1.25767717882,103.788988575,1.28611,0.0,1.25756161653,103.787908412,0.257222,46.9995
PSA AGILITY,9V7546  ,9085596,SG,,CS,7869,563075510,1.25841669256,103.787747226,0.0,0.0,0.0401426,0.0,0.523598775598,29.9982,2023-05-20 11:42:13,True,1.25781660668,103.788981548,1.08033,0.0,1.25757789663,103.787908073,0.257222,46.9995
PSA AGILITY,9V7546  ,9085596,SG,,CS,7869,563075510,1.25841669256,103.787747226,0.0,0.0,0.0401426,0.0,0.523598775598,29.9982,2023-05-20 11:42:23,True,1.25786691666,103.788993506,0.926,0.0,1.25758726556,103.787915075,0.308667,56.9971
PSA AGILITY,9V7546  ,9085596,SG,,CS,7869,563075510,1.25841669256,103.787747226,0.0,0.0,0.0401426,0.0,0.523598775598,29.9982,2023-05-20 11:42:33,True,1.25794216859,103.788989328,0.926,0.0,1.25761229681,103.787917207,0.308667,56.9971
PSA AGILITY,9V7546  ,9085596,SG,,CS,7869,563075510,1.25841669256,103.787747226,0.0,0.0,0.0401426,0.0,0.523598775598,29.9982,2023-05-20 11:42:45,True,1.2579585604,103.788974397,0.617333,0.0,1.25763685624,103.787924125,0.205778,69.9994
PSA AGILITY,9V7546  ,9085596,SG,,CS,7869,563075510,1.25841669256,103.787747226,0.0,0.0,0.0401426,0.0,0.523598775598,29.9982,2023-05-20 11:42:53,True,1.25798562706,103.788963744,0.411556,0.0,1.25763685624,103.787924125,0.205778,69.9994
PSA AGILITY,9V7546  ,9085596,SG,,CS,7869,563075510,1.25841669256,103.787747226,0.0,0.0,0.0401426,0.0,0.523598775598,29.9982,2023-05-20 11:43:03,True,1.25802923309,103.788945992,0.360111,0.0,1.25763682815,103.787996065,0.411556,66.9946
PSA AGILITY,9V7546  ,9085596,SG,,CS,7869,563075510,1.25841669256,103.787747226,0.0,0.0,0.0401426,0.0,0.523598775598,29.9982,2023-05-20 11:43:13,True,1.25804224346,103.788931048,0.308667,0.0,1.25765304482,103.788020879,0.411556,66.9946
PSA AGILITY,9V7546  ,9085596,SG,,CS,7869,563075510,1.25841669256,103.787747226,0.0,0.0,0.0401426,0.0,0.523598775598,29.9982,2023-05-20 11:43:23,True,1.25805235886,103.78892262,0.257222,0.0,1.25766666247,103.788079437,0.411556,59.9963
PSA AGILITY,9V7546  ,9085596,SG,,CS,7869,563075510,1.25841669256,103.787747226,0.0,0.0,0.0401426,0.0,0.523598775598,29.9982,2023-05-20 11:43:33,True,1.25806729198,103.788916166,0.257222,0.0,1.25767996593,103.788109981,0.411556,59.9963
PSA AGILITY,9V7546  ,9085596,SG,,CS,7869,563075510,1.25841669256,103.787747226,0.0,0.0,0.0401426,0.0,0.523598775598,29.9982,2023-05-20 11:43:44,True,1.25810280544,103.788875472,0.205778,0.0,1.25769913919,103.788119396,0.360111,55.9973
PSA AGILITY,9V7546  ,9085596,SG,,CS,7869,563075510,1.25841669256,103.787747226,0.0,0.0,0.0401426,0.0,0.523598775598,29.9982,2023-05-20 11:43:53,True,1.25811787068,103.788853913,0.205778,0.0,1.25770977136,103.788139433,0.360111,55.9973
PSA AGILITY,9V7546  ,9085596,SG,,CS,7869,563075510,1.25841669256,103.787747226,0.0,0.0,0.0401426,0.0,0.523598775598,29.9982,2023-05-20 11:44:03,True,1.25812485139,103.788846103,0.154333,0.0,1.25774473796,103.788175176,0.360111,54.9976
PSA AGILITY,9V7546  ,9085596,SG,,CS,7869,563075510,1.25841669256,103.787747226,0.0,0.0,0.0401426,0.0,0.523598775598,29.9982,2023-05-20 11:44:13,True,1.2581228072,103.788837482,0.102889,0.0,1.25776077844,103.788195572,0.360111,54.9976
PSA AGILITY,9V7546  ,9085596,SG,,CS,7869,563075510,1.25841669256,103.787747226,0.0,0.0,0.0401426,0.0,0.523598775598,29.9982,2023-05-20 11:44:23,True,1.25811060649,103.788824961,0.102889,0.0,1.25775697753,103.78819645,0.308667,56.9971
PSA AGILITY,9V7546  ,9085596,SG,,CS,7869,563075510,1.25841669256,103.787747226,0.0,0.0,0.0401426,0.0,0.523598775598,29.9982,2023-05-20 11:44:33,True,1.2581092055,103.788845945,0.0514444,0.0,1.25778592473,103.788230241,0.308667,56.9971
PSA AGILITY,9V7546  ,9085596,SG,,CS,7869,563075510,1.25841669256,103.787747226,0.0,0.0,0.0401426,0.0,0.523598775598,29.9982,2023-05-20 11:44:43,True,1.25811460937,103.788868597,0.102889,0.0,1.25780815206,103.788238168,0.308667,59.9963
PSA AGILITY,9V7546  ,9085596,SG,,CS,7869,563075510,1.25841669256,103.787747226,0.0,0.0,0.0401426,0.0,0.523598775598,29.9982,2023-05-20 11:44:53,True,1.25811117145,103.788884076,0.102889,0.0,1.25782440438,103.788253387,0.308667,59.9963
PSA AGILITY,9V7546  ,9085596,SG,,CS,7869,563075510,1.25841669256,103.787747226,0.0,0.0,0.0401426,0.0,0.523598775598,29.9982,2023-05-20 11:45:03,True,1.25810745699,103.78889937,0.102889,0.0,1.2578406567,103.788268602,0.308667,63.9954
PSA AGILITY,9V7546  ,9085596,SG,,CS,7869,563075510,1.25841669256,103.787747226,0.0,0.0,0.0401426,0.0,0.523598775598,29.9982,2023-05-20 11:45:13,True,1.2581074567,103.788887178,0.102889,0.0,1.2578705359,103.788289573,0.308667,63.9954
PSA AGILITY,9V7546  ,9085596,SG,,CS,7869,563075510,1.25841669256,103.787747226,0.0,0.0,0.0401426,0.0,0.523598775598,29.9982,2023-05-20 11:45:23,True,1.25809563815,103.788882975,0.102889,0.0,1.25786418313,103.788288573,0.205778,65.9949
PSA AGILITY,9V7546  ,9085596,SG,,CS,7869,563075510,1.25841669256,103.787747226,0.0,0.0,0.0401426,0.0,0.523598775598,29.9982,2023-05-20 11:45:33,True,1.25809002944,103.788904701,0.102889,0.0,1.25787639369,103.788297036,0.205778,65.9949
PSA AGILITY,9V7546  ,9085596,SG,,CS,7869,563075510,1.25841669256,103.787747226,0.0,0.0,0.0401426,0.0,0.523598775598,29.9982,2023-05-20 11:45:43,True,1.25808797431,103.78892369,0.102889,0.0,1.2578901305,103.788306556,0.205778,65.9949
PSA AGILITY,9V7546  ,9085596,SG,,CS,7869,563075510,1.25841669256,103.787747226,0.0,0.0,0.0401426,0.0,0.523598775598,29.9982,2023-05-20 11:45:53,True,1.25807966095,103.788924309,0.102889,0.0,1.25788780011,103.788309706,0.154333,52.998
PSA AGILITY,9V7546  ,9085596,SG,,CS,7869,563075510,1.25840835939,103.787727225,0.0,0.0,0.0401426,0.0,0.523598775598,29.9982,2023-05-20 11:46:03,True,1.25806256162,103.788920676,0.102889,0.0,1.25789409126,103.788295847,0.154333,41.9952
PSA AGILITY,9V7546  ,9085596,SG,,CS,7869,563075510,1.25840835939,103.787727225,0.0,0.0,0.0401426,0.0,0.523598775598,29.9982,2023-05-20 11:46:13,True,1.25805964865,103.788913718,0.102889,0.0,1.25790445147,103.788299984,0.154333,41.9952
PSA AGILITY,9V7546  ,9085596,SG,,CS,7869,563075510,1.25840835939,103.787727225,0.0,0.0,0.0401426,0.0,0.523598775598,29.9982,2023-05-20 11:46:23,True,1.25805572766,103.78892566,0.102889,0.0,1.25792388234,103.788302225,0.154333,33.9972
PSA AGILITY,9V7546  ,9085596,SG,,CS,7869,563075510,1.25840835939,103.787727225,0.0,0.0,0.0401426,0.0,0.523598775598,29.9982,2023-05-20 11:46:33,True,1.25804685602,103.788963322,0.102889,0.0,1.25793496724,103.788303559,0.154333,33.9972
PSA AGILITY,9V7546  ,9085596,SG,,CS,7869,563075510,1.25840835939,103.787727225,0.0,0.0,0.0401426,0.0,0.523598775598,29.9982,2023-05-20 11:46:43,True,1.25804066301,103.788972421,0.102889,0.0,1.25794618031,103.788309516,0.205778,26.9989
PSA AGILITY,9V7546  ,9085596,SG,,CS,7869,563075510,1.25840835939,103.787727225,0.0,0.0,0.0401426,0.0,0.523598775598,29.9982,2023-05-20 11:46:53,True,1.25803450632,103.788976581,0.102889,0.0,1.25795900121,103.788311811,0.205778,26.9989
PSA AGILITY,9V7546  ,9085596,SG,,CS,7869,563075510,1.25840835939,103.787727225,0.0,0.0,0.0401426,0.0,0.523598775598,29.9982,2023-05-20 11:47:03,True,1.25802628272,103.788968008,0.102889,0.0,1.25796562646,103.788328026,0.154333,9.99756
PSA AGILITY,9V7546  ,9085596,SG,,CS,7869,563075510,1.25840835939,103.787727225,0.0,0.0,0.0401426,0.0,0.523598775598,29.9982,2023-05-20 11:47:13,True,1.25801335921,103.788968355,0.102889,0.0,1.25797677372,103.788328666,0.154333,9.99756
PSA AGILITY,9V7546  ,9085596,SG,,CS,7869,563075510,1.25840835939,103.787727225,0.0,0.0,0.0401426,0.0,0.523598775598,29.9982,2023-05-20 11:47:23,True,1.25802560523,103.789005884,0.154333,0.0,1.25795459888,103.788323077,0.102889,347.997
PSA AGILITY,9V7546  ,9085596,SG,,CS,7869,563075510,1.25840835939,103.787727225,0.0,0.0,0.0401426,0.0,0.523598775598,29.9982,2023-05-20 11:47:33,True,1.25803330898,103.789019353,0.154333,0.0,1.25796831786,103.788325626,0.102889,347.997
PSA AGILITY,9V7546  ,9085596,SG,,CS,7869,563075510,1.25840835939,103.787727225,0.0,0.0,0.0401426,0.0,0.523598775598,29.9982,2023-05-20 11:47:43,True,1.2580287322,103.78902947,0.154333,0.0,1.25796027549,103.788301562,0.0514444,330.996
PSA AGILITY,9V7546  ,9085596,SG,,CS,7869,563075510,1.25840835939,103.787727225,0.0,0.0,0.0401426,0.0,0.523598775598,29.9982,2023-05-20 11:47:53,True,1.25800770134,103.789035574,0.102889,0.0,1.25796341076,103.788302439,0.0514444,330.996
PSA AGILITY,9V7546  ,9085596,SG,,CS,7869,563075510,1.25839002559,103.787713892,0.0,0.0,0.0401426,0.0,0.523598775598,29.9982,2023-05-20 11:48:03,True,1.25800490735,103.789041422,0.102889,0.0,1.25796030868,103.788304769,0.102889,316.0
PSA AGILITY,9V7546  ,9085596,SG,,CS,7869,563075510,1.25839002559,103.787713892,0.0,0.0,0.0401426,0.0,0.523598775598,29.9982,2023-05-20 11:48:13,True,1.2580013213,103.789048652,0.102889,0.0,1.25797477286,103.78830827,0.102889,316.0
PSA AGILITY,9V7546  ,9085596,SG,,CS,7869,563075510,1.25839002559,103.787713892,0.0,0.0,0.0401426,0.0,0.523598775598,29.9982,2023-05-20 11:48:23,True,1.25800610296,103.789065745,0.102889,0.0,1.25795917826,103.788306094,0.0514444,304.997
PSA AGILITY,9V7546  ,9085596,SG,,CS,7869,563075510,1.25839002559,103.787713892,0.0,0.0,0.0401426,0.0,0.523598775598,29.9982,2023-05-20 11:48:33,True,1.25800319968,103.78904824,0.102889,0.0,1.25796240735,103.788306511,0.0514444,304.997
PSA AGILITY,9V7546  ,9085596,SG,,CS,7869,563075510,1.25839002559,103.787713892,0.0,0.0,0.0401426,0.0,0.523598775598,29.9982,2023-05-20 11:48:44,True,1.2580034489,103.789036183,0.0514444,0.0,1.25795946197,103.788305905,0.102889,294.999
PSA AGILITY,9V7546  ,9085596,SG,,CS,7869,563075510,1.25839002559,103.787713892,0.0,0.0,0.0401426,0.0,0.523598775598,29.9982,2023-05-20 11:48:53,True,1.2579935882,103.78903127,0.0514444,0.0,1.25797423246,103.788307761,0.102889,294.999
PSA AGILITY,9V7546  ,9085596,SG,,CS,7869,563075510,1.25839002559,103.787713892,0.0,0.0,0.0401426,0.0,0.523598775598,29.9982,2023-05-20 11:49:03,True,1.25800073451,103.789070475,0.0514444,0.0,1.25796574419,103.788311486,0.102889,294.999
PSA AGILITY,9V7546  ,9085596,SG,,CS,7869,563075510,1.25839002559,103.787713892,0.0,0.0,0.0401426,0.0,0.523598775598,29.9982,2023-05-20 11:49:13,True,1.25798810867,103.789053729,0.0514444,0.0,1.25797312971,103.788312416,0.102889,289.995
PSA AGILITY,9V7546  ,9085596,SG,,CS,7869,563075510,1.25839002559,103.787713892,0.0,0.0,0.0401426,0.0,0.523598775598,29.9982,2023-05-20 11:49:23,True,1.25799168163,103.789076666,0.0514444,0.0,1.25797398694,103.788312609,0.0514444,286.996
PSA AGILITY,9V7546  ,9085596,SG,,CS,7869,563075510,1.25839002559,103.787713892,0.0,0.0,0.0401426,0.0,0.523598775598,29.9982,2023-05-20 11:49:33,True,1.25798095927,103.78907059,0.0514444,0.0,1.25798086961,103.788313754,0.0514444,286.996
PSA AGILITY,9V7546  ,9085596,SG,,CS,7869,563075510,1.25839002559,103.787713892,0.0,0.0,0.0401426,0.0,0.523598775598,29.9982,2023-05-20 11:49:43,True,1.25796467635,103.789068567,0.0514444,0.0,1.25799311091,103.788314995,0.0514444,286.996
PSA AGILITY,9V7546  ,9085596,SG,,CS,7869,563075510,1.25839002559,103.787713892,0.0,0.0,0.0401426,0.0,0.523598775598,29.9982,2023-05-20 11:49:53,True,1.25797152586,103.789091474,0.0514444,0.0,1.25800136305,103.788316412,0.102889,286.996
PSA AGILITY,9V7546  ,9085596,SG,,CS,7869,563075510,1.25839002559,103.787713892,0.0,0.0,0.0401426,0.0,0.523598775598,29.9982,2023-05-20 11:50:03,True,1.25797005988,103.789094874,0.0514444,0.0,1.2579992028,103.788324871,0.102889,288.995
PSA AGILITY,9V7546  ,9085596,SG,,CS,7869,563075510,1.25839002559,103.787713892,0.0,0.0,0.0401426,0.0,0.523598775598,29.9982,2023-05-20 11:50:13,True,1.25796859335,103.789098274,0.0514444,0.0,1.25800643158,103.788326634,0.102889,288.995
PSA AGILITY,9V7546  ,9085596,SG,,CS,7869,563075510,1.25839002559,103.787713892,0.0,0.0,0.0401426,0.0,0.523598775598,29.9982,2023-05-20 11:50:23,True,1.25797300979,103.789123567,0.0514444,0.0,1.25800723563,103.788319066,0.102889,289.995
PSA AGILITY,9V7546  ,9085596,SG,,CS,7869,563075510,1.25839002559,103.787713892,0.0,0.0,0.0401426,0.0,0.523598775598,29.9982,2023-05-20 11:50:33,True,1.25797577613,103.789139348,0.0514444,0.0,1.25801444564,103.788320909,0.102889,289.995
PSA AGILITY,9V7546  ,9085596,SG,,CS,7869,563075510,1.25839002559,103.787713892,0.0,0.0,0.0401426,0.0,0.523598775598,29.9982,2023-05-20 11:50:44,True,1.25798114278,103.789151835,0.0514444,0.0,1.25803225643,103.788322488,0.154333,277.998
PSA AGILITY,9V7546  ,9085596,SG,,CS,7869,563075510,1.25839002559,103.787713892,0.0,0.0,0.0401426,0.0,0.523598775598,29.9982,2023-05-20 11:50:53,True,1.25798799264,103.789166409,0.0514444,0.0,1.25804282032,103.788326081,0.154333,277.998
PSA AGILITY,9V7546  ,9085596,SG,,CS,7869,563075510,1.25839002559,103.787713892,0.0,0.0,0.0401426,0.0,0.523598775598,29.9982,2023-05-20 11:51:03,True,1.25800541209,103.789168686,0.0514444,0.0,1.25803363629,103.788365141,0.102889,266.995
PSA AGILITY,9V7546  ,9085596,SG,,CS,7869,563075510,1.25839002559,103.787713892,0.0,0.0,0.0401426,0.0,0.523598775598,29.9982,2023-05-20 11:51:13,True,1.25800283029,103.789160749,0.0514444,0.0,1.25804446801,103.78837389,0.102889,266.995
PSA AGILITY,9V7546  ,9085596,SG,,CS,7869,563075510,1.25839002559,103.787713892,0.0,0.0,0.0401426,0.0,0.523598775598,29.9982,2023-05-20 11:51:23,True,1.25799905021,103.789155607,0.0514444,0.0,1.25806519643,103.788416495,0.257222,262.996
PSA AGILITY,9V7546  ,9085596,SG,,CS,7869,563075510,1.25839002559,103.787713892,0.0,0.0,0.0401426,0.0,0.523598775598,29.9982,2023-05-20 11:51:33,True,1.25801164561,103.789168866,0.102889,0.0,1.25807703344,103.788430762,0.257222,262.996
PSA AGILITY,9V7546  ,9085596,SG,,CS,7869,563075510,1.25839002559,103.787713892,0.0,0.0,0.0401426,0.0,0.523598775598,29.9982,2023-05-20 11:51:44,True,1.25802418033,103.78920722,0.102889,0.0,1.25809819679,103.788448473,0.257222,262.996
PSA AGILITY,9V7546  ,9085596,SG,,CS,7869,563075510,1.25839002559,103.787713892,0.0,0.0,0.0401426,0.0,0.523598775598,29.9982,2023-05-20 11:51:53,True,1.2580247428,103.789207417,0.0514444,0.0,1.25812031044,103.788481045,0.257222,265.995
PSA AGILITY,9V7546  ,9085596,SG,,CS,7869,563075510,1.2584233589,103.787727224,0.0,0.0,0.0401426,0.0,0.523598775598,29.9982,2023-05-20 11:52:03,True,1.258032307,103.789225146,0.102889,0.0,1.25812445693,103.788481356,0.205778,272.0
PSA AGILITY,9V7546  ,9085596,SG,,CS,7869,563075510,1.2584233589,103.787727224,0.0,0.0,0.0401426,0.0,0.523598775598,29.9982,2023-05-20 11:52:13,True,1.25805044271,103.789241905,0.102889,0.0,1.25813308903,103.788491047,0.205778,272.0
PSA AGILITY,9V7546  ,9085596,SG,,CS,7869,563075510,1.2584233589,103.787727224,0.0,0.0,0.0401426,0.0,0.523598775598,29.9982,2023-05-20 11:52:23,True,1.25804755947,103.7892316,0.0514444,0.0,1.25814209483,103.788501349,0.205778,272.0
PSA AGILITY,9V7546  ,9085596,SG,,CS,7869,563075510,1.2584233589,103.787727224,0.0,0.0,0.0401426,0.0,0.523598775598,29.9982,2023-05-20 11:52:33,True,1.25804977628,103.789233973,0.102889,0.0,1.25815703733,103.788517836,0.154333,278.998
PSA AGILITY,9V7546  ,9085596,SG,,CS,7869,563075510,1.2584233589,103.787727224,0.0,0.0,0.0401426,0.0,0.523598775598,29.9982,2023-05-20 11:52:44,True,1.25806281801,103.789238005,0.102889,0.0,1.25816741378,103.788531761,0.205778,285.996
PSA AGILITY,9V7546  ,9085596,SG,,CS,7869,563075510,1.2584233589,103.787727224,0.0,0.0,0.0401426,0.0,0.523598775598,29.9982,2023-05-20 11:52:53,True,1.25806580239,103.789230221,0.102889,0.0,1.25817842548,103.788541716,0.205778,285.996
PSA AGILITY,9V7546  ,9085596,SG,,CS,7869,563075510,1.2584233589,103.787727224,0.0,0.0,0.0401426,0.0,0.523598775598,29.9982,2023-05-20 11:53:03,True,1.25806968405,103.789236092,0.0514444,0.0,1.25817500325,103.788543756,0.154333,294.999
PSA AGILITY,9V7546  ,9085596,SG,,CS,7869,563075510,1.2584233589,103.787727224,0.0,0.0,0.0401426,0.0,0.523598775598,29.9982,2023-05-20 11:53:13,True,1.25808047536,103.789239917,0.102889,0.0,1.25818993632,103.788558335,0.154333,294.999
PSA AGILITY,9V7546  ,9085596,SG,,CS,7869,563075510,1.2584233589,103.787727224,0.0,0.0,0.0401426,0.0,0.523598775598,29.9982,2023-05-20 11:53:23,True,1.25808333745,103.789243164,0.102889,0.0,1.25816754034,103.788561617,0.154333,299.998
PSA AGILITY,9V7546  ,9085596,SG,,CS,7869,563075510,1.2584233589,103.787727224,0.0,0.0,0.0401426,0.0,0.523598775598,29.9982,2023-05-20 11:53:33,True,1.25810219349,103.789259844,0.102889,0.0,1.25817005523,103.788564346,0.0514444,299.998
PSA AGILITY,9V7546  ,9085596,SG,,CS,7869,563075510,1.2584233589,103.787727224,0.0,0.0,0.0401426,0.0,0.523598775598,29.9982,2023-05-20 11:53:44,True,1.2581083283,103.789264034,0.102889,0.0,1.25817476982,103.788569457,0.0514444,299.998
PSA AGILITY,9V7546  ,9085596,SG,,CS,7869,563075510,1.2584233589,103.787727224,0.0,0.0,0.0401426,0.0,0.523598775598,29.9982,2023-05-20 11:53:53,True,1.25810886334,103.789271527,0.102889,0.0,1.25817728415,103.788572186,0.0514444,299.998
PSA AGILITY,9V7546  ,9085596,SG,,CS,7869,563075510,1.2584233589,103.787727224,0.0,0.0,0.0401426,0.0,0.523598775598,29.9982,2023-05-20 11:54:03,True,1.25812064023,103.789288002,0.102889,0.0,1.25816669252,103.788585559,0.0,294.999
PSA AGILITY,9V7546  ,9085596,SG,,CS,7869,563075510,1.25837835895,103.78776056,0.0,0.0,0.0401426,0.0,0.523598775598,29.9982,2023-05-20 11:54:13,True,1.25812488485,103.789283294,0.102889,0.0,1.25816669252,103.788585559,0.0,294.999
PSA AGILITY,9V7546  ,9085596,SG,,CS,7869,563075510,1.25837835895,103.78776056,0.0,0.0,0.0401426,0.0,0.523598775598,29.9982,2023-05-20 11:54:23,True,1.25813993208,103.789294047,0.102889,0.0,1.25822147673,103.788592569,0.154333,279.998
PSA AGILITY,9V7546  ,9085596,SG,,CS,7869,563075510,1.25837835895,103.78776056,0.0,0.0,0.0401426,0.0,0.523598775598,29.9982,2023-05-20 11:54:33,True,1.25815066898,103.78930795,0.102889,0.0,1.25823126181,103.788597912,0.154333,279.998
PSA AGILITY,9V7546  ,9085596,SG,,CS,7869,563075510,1.25837835895,103.78776056,0.0,0.0,0.0401426,0.0,0.523598775598,29.9982,2023-05-20 11:54:44,True,1.25815493694,103.789309863,0.102889,0.0,1.25824104634,103.78860326,0.154333,279.998
PSA AGILITY,9V7546  ,9085596,SG,,CS,7869,563075510,1.25837835895,103.78776056,0.0,0.0,0.0401426,0.0,0.523598775598,29.9982,2023-05-20 11:54:53,True,1.25816086002,103.78932428,0.102889,0.0,1.25825939275,103.788613281,0.154333,279.998
PSA AGILITY,9V7546  ,9085596,SG,,CS,7869,563075510,1.25837835895,103.78776056,0.0,0.0,0.0401426,0.0,0.523598775598,29.9982,2023-05-20 11:55:03,True,1.25816525034,103.789318352,0.102889,0.0,1.25827472207,103.788601746,0.0514444,267.995
PSA AGILITY,9V7546  ,9085596,SG,,CS,7869,563075510,1.25837835895,103.78776056,0.0,0.0,0.0401426,0.0,0.523598775598,29.9982,2023-05-20 11:55:14,True,1.25817282284,103.789313596,0.102889,0.0,1.25827775248,103.788602935,0.0514444,267.995
PSA AGILITY,9V7546  ,9085596,SG,,CS,7869,563075510,1.25837835895,103.78776056,0.0,0.0,0.0401426,0.0,0.523598775598,29.9982,2023-05-20 11:55:24,True,1.25818446393,103.789306146,0.102889,0.0,1.25832023905,103.78860711,0.205778,263.996
PSA AGILITY,9V7546  ,9085596,SG,,CS,7869,563075510,1.25837835895,103.78776056,0.0,0.0,0.0401426,0.0,0.523598775598,29.9982,2023-05-20 11:55:34,True,1.25818654072,103.789316378,0.154333,0.0,1.25833493945,103.788609453,0.205778,263.996
PSA AGILITY,9V7546  ,9085596,SG,,CS,7869,563075510,1.25837835895,103.78776056,0.0,0.0,0.0401426,0.0,0.523598775598,29.9982,2023-05-20 11:55:44,True,1.2581937131,103.789313872,0.154333,0.0,1.25834941228,103.788605666,0.102889,255.998
PSA AGILITY,9V7546  ,9085596,SG,,CS,7869,563075510,1.25837835895,103.78776056,0.0,0.0,0.0401426,0.0,0.523598775598,29.9982,2023-05-20 11:55:54,True,1.25820946777,103.78931614,0.102889,0.0,1.25835541667,103.788603161,0.102889,255.998
PSA AGILITY,9V7546  ,9085596,SG,,CS,7869,563075510,1.25837835895,103.78776056,0.0,0.0,0.0401426,0.0,0.523598775598,29.9982,2023-05-20 11:56:04,True,1.25822929098,103.789313639,0.154333,0.0,1.25838310515,103.788558405,0.205778,250.999
PSA AGILITY,9V7546  ,9085596,SG,,CS,7869,563075510,1.25837835895,103.78776056,0.0,0.0,0.0401426,0.0,0.523598775598,29.9982,2023-05-20 11:56:14,True,1.25826076449,103.789319583,0.154333,0.0,1.25839504206,103.788549564,0.205778,250.999
PSA AGILITY,9V7546  ,9085596,SG,,CS,7869,563075510,1.25837835895,103.78776056,0.0,0.0,0.0401426,0.0,0.523598775598,29.9982,2023-05-20 11:56:23,True,1.25827341155,103.789323387,0.154333,0.0,1.25839618441,103.788515746,0.205778,250.999
PSA AGILITY,9V7546  ,9085596,SG,,CS,7869,563075510,1.25837835895,103.78776056,0.0,0.0,0.0401426,0.0,0.523598775598,29.9982,2023-05-20 11:56:34,True,1.25828189401,103.789354238,0.102889,0.0,1.25840036877,103.788460382,0.308667,236.997
PSA AGILITY,9V7546  ,9085596,SG,,CS,7869,563075510,1.25837835895,103.78776056,0.0,0.0,0.0401426,0.0,0.523598775598,29.9982,2023-05-20 11:56:44,True,1.2582888297,103.789356927,0.102889,0.0,1.25840840842,103.788439683,0.308667,236.997
PSA AGILITY,9V7546  ,9085596,SG,,CS,7869,563075510,1.25837835895,103.78776056,0.0,0.0,0.0401426,0.0,0.523598775598,29.9982,2023-05-20 11:56:53,True,1.25831570384,103.789351416,0.205778,0.0,1.25841544298,103.788421571,0.308667,236.997
PSA AGILITY,9V7546  ,9085596,SG,,CS,7869,563075510,1.25837835895,103.78776056,0.0,0.0,0.0401426,0.0,0.523598775598,29.9982,2023-05-20 11:57:03,True,1.25832076391,103.789354167,0.154333,0.0,1.25838537859,103.788365638,0.308667,236.997
PSA AGILITY,9V7546  ,9085596,SG,,CS,7869,563075510,1.25837835895,103.78776056,0.0,0.0,0.0401426,0.0,0.523598775598,29.9982,2023-05-20 11:57:13,True,1.25833649185,103.789369838,0.154333,0.0,1.25838012216,103.788299279,0.463,238.997
PSA AGILITY,9V7546  ,9085596,SG,,CS,7869,563075510,1.25837835895,103.78776056,0.0,0.0,0.0401426,0.0,0.523598775598,29.9982,2023-05-20 11:57:23,True,1.25835643219,103.789372084,0.154333,0.0,1.25835484133,103.788247184,0.617333,243.995
PSA AGILITY,9V7546  ,9085596,SG,,CS,7869,563075510,1.25837835895,103.78776056,0.0,0.0,0.0401426,0.0,0.523598775598,29.9982,2023-05-20 11:57:34,True,1.25835124306,103.789350029,0.102889,0.0,1.25834126215,103.788204913,0.617333,243.995
PSA AGILITY,9V7546  ,9085596,SG,,CS,7869,563075510,1.25837835895,103.78776056,0.0,0.0,0.0401426,0.0,0.523598775598,29.9982,2023-05-20 11:57:44,True,1.25836023843,103.789339214,0.102889,0.0,1.25830516835,103.788120273,0.565889,242.996
PSA AGILITY,9V7546  ,9085596,SG,,CS,7869,563075510,1.25837835895,103.78776056,0.0,0.0,0.0401426,0.0,0.523598775598,29.9982,2023-05-20 11:57:54,True,1.2583732686,103.789344185,0.102889,0.0,1.25829268121,103.788086911,0.565889,242.996
PSA AGILITY,9V7546  ,9085596,SG,,CS,7869,563075510,1.25837835895,103.78776056,0.0,0.0,0.0401426,0.0,0.523598775598,29.9982,2023-05-20 11:58:04,True,1.25839982562,103.789350655,0.154333,0.0,1.25829157447,103.788063136,0.565889,240.996
PSA AGILITY,9V7546  ,9085596,SG,,CS,7869,563075510,1.25842502556,103.787713891,0.0,0.0,0.0401426,0.0,0.523598775598,29.9982,2023-05-20 11:58:14,True,1.25841304902,103.789380893,0.154333,0.0,1.25827856611,103.788023593,0.514444,240.996
PSA AGILITY,9V7546  ,9085596,SG,,CS,7869,563075510,1.25842502556,103.787713891,0.0,0.0,0.0401426,0.0,0.523598775598,29.9982,2023-05-20 11:58:24,True,1.25842372335,103.789386649,0.154333,0.0,1.25826568848,103.788003745,0.308667,252.999
PSA AGILITY,9V7546  ,9085596,SG,,CS,7869,563075510,1.25842502556,103.787713891,0.0,0.0,0.0401426,0.0,0.523598775598,29.9982,2023-05-20 11:58:34,True,1.25842118229,103.789373825,0.154333,0.0,1.25825768538,103.787983033,0.308667,252.999
PSA AGILITY,9V7546  ,9085596,SG,,CS,7869,563075510,1.25842502556,103.787713891,0.0,0.0,0.0401426,0.0,0.523598775598,29.9982,2023-05-20 11:58:44,True,1.25846029759,103.789411077,0.154333,0.0,1.2582699025,103.787966089,0.308667,260.997
PSA AGILITY,9V7546  ,9085596,SG,,CS,7869,563075510,1.25842502556,103.787713891,0.0,0.0,0.0401426,0.0,0.523598775598,29.9982,2023-05-20 11:58:54,True,1.25846984864,103.789416824,0.154333,0.0,1.25826311319,103.787944951,0.308667,260.997
PSA AGILITY,9V7546  ,9085596,SG,,CS,7869,563075510,1.25842502556,103.787713891,0.0,0.0,0.0401426,0.0,0.523598775598,29.9982,2023-05-20 11:59:04,True,1.25847142669,103.789414319,0.154333,0.0,1.258279136,103.787918819,0.257222,264.996
PSA AGILITY,9V7546  ,9085596,SG,,CS,7869,563075510,1.25842502556,103.787713891,0.0,0.0,0.0401426,0.0,0.523598775598,29.9982,2023-05-20 11:59:14,True,1.2584775615,103.789418508,0.102889,0.0,1.25827606435,103.787900581,0.257222,264.996
PSA AGILITY,9V7546  ,9085596,SG,,CS,7869,563075510,1.25842502556,103.787713891,0.0,0.0,0.0401426,0.0,0.523598775598,29.9982,2023-05-20 11:59:24,True,1.25848511045,103.789421334,0.154333,0.0,1.25827753475,103.787874573,0.257222,283.997
PSA AGILITY,9V7546  ,9085596,SG,,CS,7869,563075510,1.25842502556,103.787713891,0.0,0.0,0.0401426,0.0,0.523598775598,29.9982,2023-05-20 11:59:34,True,1.25847910829,103.78942444,0.102889,0.0,1.25827219628,103.787840312,0.257222,283.997
PSA AGILITY,9V7546  ,9085596,SG,,CS,7869,563075510,1.25842502556,103.787713891,0.0,0.0,0.0401426,0.0,0.523598775598,29.9982,2023-05-20 11:59:44,True,1.25848817461,103.789450014,0.102889,0.0,1.25828221962,103.787837109,0.257222,300.998
PSA AGILITY,9V7546  ,9085596,SG,,CS,7869,563075510,1.25842502556,103.787713891,0.0,0.0,0.0401426,0.0,0.523598775598,29.9982,2023-05-20 11:59:54,True,1.25850003356,103.789458955,0.102889,0.0,1.25827441366,103.787820327,0.257222,300.998
PSA AGILITY,9V7546  ,9085596,SG,,CS,7869,563075510,1.25842502556,103.787713891,0.0,0.0,0.0401426,0.0,0.523598775598,29.9982,2023-05-20 12:00:04,True,1.25850692847,103.789416858,0.102889,0.0,1.25828264641,103.787795622,0.205778,308.996
PSA AGILITY,9V7546  ,9085596,SG,,CS,7869,563075510,1.25842502556,103.787713891,0.0,0.0,0.0401426,0.0,0.523598775598,29.9982,2023-05-20 12:00:14,True,1.25851263937,103.789421601,0.102889,0.0,1.25827970345,103.787781122,0.205778,308.996
PSA AGILITY,9V7546  ,9085596,SG,,CS,7869,563075510,1.2584316927,103.787727224,0.0,0.0,0.0401426,0.0,0.523598775598,29.9982,2023-05-20 12:00:24,True,1.25856450356,103.789426755,0.257222,0.0,1.25826827892,103.787796009,0.154333,315.0
PSA AGILITY,9V7546  ,9085596,SG,,CS,7869,563075510,1.2584316927,103.787727224,0.0,0.0,0.0401426,0.0,0.523598775598,29.9982,2023-05-20 12:00:34,True,1.25865365359,103.789366032,0.720222,0.0,1.25826653167,103.787786457,0.154333,315.0
PSA AGILITY,9V7546  ,9085596,SG,,CS,7869,563075510,1.2584316927,103.787727224,0.0,0.0,0.0401426,0.0,0.523598775598,29.9982,2023-05-20 12:00:44,True,1.2587535478,103.789253441,1.33756,0.0,1.25824884194,103.787768904,0.154333,327.997
PSA AGILITY,9V7546  ,9085596,SG,,CS,7869,563075510,1.2584316927,103.787727224,0.0,0.0,0.0401426,0.0,0.523598775598,29.9982,2023-05-20 12:00:54,True,1.25881404568,103.789194579,1.33756,0.0,1.25824676899,103.787758001,0.154333,327.997
PSA AGILITY,9V7546  ,9085596,SG,,CS,7869,563075510,1.2584316927,103.787727224,0.0,0.0,0.0401426,0.0,0.523598775598,29.9982,2023-05-20 12:01:04,True,1.25888309779,103.788722787,2.36644,0.0,1.25823449287,103.787777837,0.0514444,327.997
PSA AGILITY,9V7546  ,9085596,SG,,CS,7869,563075510,1.2584316927,103.787727224,0.0,0.0,0.0401426,0.0,0.523598775598,29.9982,2023-05-20 12:01:14,True,1.25892732602,103.788547042,2.41789,0.0,1.25823378294,103.787774209,0.0514444,327.997
PSA AGILITY,9V7546  ,9085596,SG,,CS,7869,563075510,1.2584316927,103.787727224,0.0,0.0,0.0401426,0.0,0.523598775598,29.9982,2023-05-20 12:01:24,True,1.25898606347,103.788366203,2.315,0.0,1.25824267969,103.78779432,0.0514444,325.997
PSA AGILITY,9V7546  ,9085596,SG,,CS,7869,563075510,1.2584316927,103.787727224,0.0,0.0,0.0401426,0.0,0.523598775598,29.9982,2023-05-20 12:01:34,True,1.25901790023,103.788258475,1.33756,0.0,1.2582422038,103.787791117,0.0514444,325.997
PSA AGILITY,9V7546  ,9085596,SG,,CS,7869,563075510,1.2584316927,103.787727224,0.0,0.0,0.0401426,0.0,0.523598775598,29.9982,2023-05-20 12:01:44,True,1.25901581981,103.788281276,1.33756,0.0,1.2582462943,103.787804481,0.0514444,321.998
PSA AGILITY,9V7546  ,9085596,SG,,CS,7869,563075510,1.2584316927,103.787727224,0.0,0.0,0.0401426,0.0,0.523598775598,29.9982,2023-05-20 12:01:54,True,1.25899628133,103.788256821,1.33756,0.0,1.25824523266,103.787797163,0.0514444,321.998
PSA AGILITY,9V7546  ,9085596,SG,,CS,7869,563075510,1.2584316927,103.787727224,0.0,0.0,0.0401426,0.0,0.523598775598,29.9982,2023-05-20 12:02:04,True,1.25897514043,103.788231441,0.102889,0.0,1.25824609512,103.787808105,0.0514444,321.998
PSA AGILITY,9V7546  ,9085596,SG,,CS,7869,563075510,1.2584316927,103.787727224,0.0,0.0,0.0401426,0.0,0.523598775598,29.9982,2023-05-20 12:02:14,True,1.2589650293,103.788233082,0.102889,0.0,1.25824556458,103.787804446,0.0514444,321.998
PSA AGILITY,9V7546  ,9085596,SG,,CS,7869,563075510,1.2584316927,103.787727224,0.0,0.0,0.0401426,0.0,0.523598775598,29.9982,2023-05-20 12:02:24,True,1.2589828103,103.788282058,0.205778,0.0,1.25823462753,103.787822812,0.0514444,319.999
PSA AGILITY,9V7546  ,9085596,SG,,CS,7869,563075510,1.2584316927,103.787727224,0.0,0.0,0.0401426,0.0,0.523598775598,29.9982,2023-05-20 12:02:34,True,1.25901971297,103.78835243,0.257222,0.0,1.2582335659,103.787815494,0.0514444,319.999
PSA AGILITY,9V7546  ,9085596,SG,,CS,7869,563075510,1.2584316927,103.787727224,0.0,0.0,0.0401426,0.0,0.523598775598,29.9982,2023-05-20 12:02:44,True,1.25903242827,103.788370699,0.154333,0.0,1.25823289473,103.787817358,0.0514444,319.999
PSA AGILITY,9V7546  ,9085596,SG,,CS,7869,563075510,1.2584316927,103.787727224,0.0,0.0,0.0401426,0.0,0.523598775598,29.9982,2023-05-20 12:02:54,True,1.25906045855,103.788354518,0.257222,0.0,1.25823236364,103.787813699,0.0514444,319.999
PSA AGILITY,9V7546  ,9085596,SG,,CS,7869,563075510,1.2584316927,103.787727224,0.0,0.0,0.0401426,0.0,0.523598775598,29.9982,2023-05-20 12:03:04,True,1.25904637163,103.78829213,0.257222,0.0,1.25823269551,103.787819315,0.0514444,318.999
PSA AGILITY,9V7546  ,9085596,SG,,CS,7869,563075510,1.2584316927,103.787727224,0.0,0.0,0.0401426,0.0,0.523598775598,29.9982,2023-05-20 12:03:14,True,1.25905747719,103.788280297,0.154333,0.0,1.25823216442,103.787815656,0.0514444,318.999
PSA AGILITY,9V7546  ,9085596,SG,,CS,7869,563075510,1.2584316927,103.787727224,0.0,0.0,0.0401426,0.0,0.523598775598,29.9982,2023-05-20 12:03:24,True,1.25903053132,103.788286571,0.102889,0.0,1.25823956175,103.78782569,0.0514444,319.999
PSA AGILITY,9V7546  ,9085596,SG,,CS,7869,563075510,1.2584316927,103.787727224,0.0,0.0,0.0401426,0.0,0.523598775598,29.9982,2023-05-20 12:03:34,True,1.25902158877,103.788290195,0.102889,0.0,1.25823903066,103.787822031,0.0514444,319.999
PSA AGILITY,9V7546  ,9085596,SG,,CS,7869,563075510,1.2584316927,103.787727224,0.0,0.0,0.0401426,0.0,0.523598775598,29.9982,2023-05-20 12:03:44,True,1.25901766809,103.788268592,0.102889,0.0,1.25823936219,103.787859319,0.0514444,319.999
PSA AGILITY,9V7546  ,9085596,SG,,CS,7869,563075510,1.2584316927,103.787727224,0.0,0.0,0.0401426,0.0,0.523598775598,29.9982,2023-05-20 12:03:54,True,1.25900657596,103.788265126,0.102889,0.0,1.2582388311,103.78785566,0.0514444,319.999
PSA AGILITY,9V7546  ,9085596,SG,,CS,7869,563075510,1.2584316927,103.787727224,0.0,0.0,0.0401426,0.0,0.523598775598,29.9982,2023-05-20 12:04:04,True,1.25900202819,103.788264793,0.102889,0.0,1.2582395614,103.787834026,0.0514444,319.999
PSA AGILITY,9V7546  ,9085596,SG,,CS,7869,563075510,1.2584233592,103.787693894,0.0,0.0,0.0401426,0.0,0.523598775598,29.9982,2023-05-20 12:04:14,True,1.25900684853,103.788260467,0.0514444,0.0,1.25823856601,103.787827164,0.0514444,319.999
PSA AGILITY,9V7546  ,9085596,SG,,CS,7869,563075510,1.2584233592,103.787693894,0.0,0.0,0.0401426,0.0,0.523598775598,29.9982,2023-05-20 12:04:24,True,1.25900715039,103.788234156,0.0514444,0.0,1.25825769542,103.787825983,0.0514444,317.0
PSA AGILITY,9V7546  ,9085596,SG,,CS,7869,563075510,1.2584233592,103.787693894,0.0,0.0,0.0401426,0.0,0.523598775598,29.9982,2023-05-20 12:04:34,True,1.2589804701,103.788243993,0.257222,0.0,1.25825723112,103.78782278,0.0514444,317.0
PSA AGILITY,9V7546  ,9085596,SG,,CS,7869,563075510,1.2584233592,103.787693894,0.0,0.0,0.0401426,0.0,0.523598775598,29.9982,2023-05-20 12:04:44,True,1.25895191154,103.788327933,0.514444,0.0,1.2582487128,103.787908259,0.514444,303.997
PSA AGILITY,9V7546  ,9085596,SG,,CS,7869,563075510,1.2584233592,103.787693894,0.0,0.0,0.0401426,0.0,0.523598775598,29.9982,2023-05-20 12:04:54,True,1.25892930533,103.788357307,0.771667,0.0,1.25821784326,103.787975558,0.514444,303.997
PSA AGILITY,9V7546  ,9085596,SG,,CS,7869,563075510,1.2584233592,103.787693894,0.0,0.0,0.0401426,0.0,0.523598775598,29.9982,2023-05-20 12:05:04,True,1.25887868763,103.788543169,0.771667,0.0,1.25815648141,103.788050995,0.771667,305.997
PSA AGILITY,9V7546  ,9085596,SG,,CS,7869,563075510,1.2584233592,103.787693894,0.0,0.0,0.0401426,0.0,0.523598775598,29.9982,2023-05-20 12:05:14,True,1.25887982347,103.788561008,0.411556,0.0,1.258131688,103.788092816,0.771667,305.997
PSA AGILITY,9V7546  ,9085596,SG,,CS,7869,563075510,1.2584233592,103.787693894,0.0,0.0,0.0401426,0.0,0.523598775598,29.9982,2023-05-20 12:05:24,True,1.25887687005,103.788593462,0.257222,0.0,1.25813742347,103.788086095,0.257222,305.997
PSA AGILITY,9V7546  ,9085596,SG,,CS,7869,563075510,1.2584233592,103.787693894,0.0,0.0,0.0401426,0.0,0.523598775598,29.9982,2023-05-20 12:05:34,True,1.25886564422,103.788608208,0.257222,0.0,1.25812884271,103.788099845,0.257222,305.997
PSA AGILITY,9V7546  ,9085596,SG,,CS,7869,563075510,1.2584233592,103.787693894,0.0,0.0,0.0401426,0.0,0.523598775598,29.9982,2023-05-20 12:05:44,True,1.25882640212,103.788578261,0.154333,0.0,1.25814964895,103.78807198,0.0514444,306.996
PSA AGILITY,9V7546  ,9085596,SG,,CS,7869,563075510,1.2584233592,103.787693894,0.0,0.0,0.0401426,0.0,0.523598775598,29.9982,2023-05-20 12:05:54,True,1.25882579197,103.788569144,0.102889,0.0,1.25814760559,103.788075073,0.0514444,306.996
PSA AGILITY,9V7546  ,9085596,SG,,CS,7869,563075510,1.2584233592,103.787693894,0.0,0.0,0.0401426,0.0,0.523598775598,29.9982,2023-05-20 12:06:04,True,1.25882083507,103.788587584,0.0514444,0.0,1.25815268426,103.788070673,0.0514444,306.996
PSA AGILITY,9V7546  ,9085596,SG,,CS,7869,563075510,1.25844169261,103.787713891,0.0,0.0,0.0401426,0.0,0.523598775598,29.9982,2023-05-20 12:06:14,True,1.2587932638,103.788570333,0.0514444,0.0,1.25815086334,103.788073358,0.0514444,306.996
PSA AGILITY,9V7546  ,9085596,SG,,CS,7869,563075510,1.25844169261,103.787713891,0.0,0.0,0.0401426,0.0,0.523598775598,29.9982,2023-05-20 12:06:24,True,1.25880369275,103.788586821,0.0514444,0.0,1.25815398267,103.788077091,0.0514444,306.996
PSA AGILITY,9V7546  ,9085596,SG,,CS,7869,563075510,1.25844169261,103.787713891,0.0,0.0,0.0401426,0.0,0.523598775598,29.9982,2023-05-20 12:06:34,True,1.25881374004,103.788592765,0.0514444,0.0,1.25815006982,103.788082835,0.0514444,304.997
PSA AGILITY,9V7546  ,9085596,SG,,CS,7869,563075510,1.25843835896,103.787727228,0.0,0.0,0.0401426,0.0,0.523598775598,29.9982,2023-05-20 12:06:44,True,1.25881031117,103.788594205,0.102889,0.0,1.25814475903,103.788075385,0.0514444,301.998
PSA AGILITY,9V7546  ,9085596,SG,,CS,7869,563075510,1.25844335935,103.787727228,0.0,0.0,0.0401426,0.0,0.523598775598,29.9982,2023-05-20 12:06:54,True,1.25883278977,103.788583573,0.102889,0.0,1.25814282552,103.788078544,0.0514444,301.998
PSA AGILITY,9V7546  ,9085596,SG,,CS,7869,563075510,1.25844502578,103.787727228,0.0,0.0,0.0401426,0.0,0.506145483078,28.9984,2023-05-20 12:07:04,True,1.25885097614,103.78859527,0.154333,0.0,1.25813665791,103.788110488,0.205778,303.997
PSA AGILITY,9V7546  ,9085596,SG,,CS,7869,563075510,1.25843638965,103.787733397,0.102889,0.184409,1.87797,108.435,0.488692190558,27.9987,2023-05-20 12:07:14,True,1.25885250964,103.788599442,0.154333,0.0,1.25812402863,103.788135225,0.205778,303.997
PSA AGILITY,9V7546  ,9085596,SG,,CS,7869,563075510,1.25843940447,103.787729457,0.102889,0.0801468,1.87797,104.036,0.488692190558,27.9987,2023-05-20 12:07:24,True,1.25886210959,103.788642298,0.102889,0.0,1.25813250127,103.788124331,0.154333,305.997
PSA AGILITY,9V7546  ,9085596,SG,,CS,7869,563075510,1.25843865826,103.787732129,0.102889,0.0801468,1.87797,104.036,0.488692190558,29.9982,2023-05-20 12:07:34,True,1.25882328091,103.788634989,0.205778,0.0,1.25812352155,103.788143117,0.154333,300.998
PSA AGILITY,9V7546  ,9085596,SG,,CS,7869,563075510,1.25843120713,103.78775765,0.102889,0.288973,1.87797,109.654,0.488692190558,29.9982,2023-05-20 12:07:44,True,1.25880153883,103.788652583,0.257222,0.0,1.25811887939,103.788142872,0.154333,300.998
PSA AGILITY,9V7546  ,9085596,SG,,CS,7869,563075510,1.25843120713,103.78775765,0.102889,0.288973,1.87797,109.654,0.488692190558,29.9982,2023-05-20 12:07:54,True,1.25876579122,103.788688349,0.257222,0.0,1.25811440915,103.788153037,0.154333,300.998
PSA AGILITY,9V7546  ,9085596,SG,,CS,7869,563075510,1.25840997687,103.787826703,0.308667,0.592155,1.9984,113.199,0.541052068118,30.9979,2023-05-20 12:08:04,True,1.25873750256,103.788702267,0.257222,0.0,1.25813419391,103.788204738,0.360111,302.997
PSA AGILITY,9V7546  ,9085596,SG,,CS,7869,563075510,1.25838818706,103.78785667,0.360111,0.678956,1.9984,113.629,0.541052068118,30.9979,2023-05-20 12:08:14,True,1.25872331276,103.788723976,0.360111,0.0,1.25813955478,103.788252981,0.360111,302.997
PSA AGILITY,9V7546  ,9085596,SG,,CS,7869,563075510,1.25838818706,103.78785667,0.360111,0.678956,1.9984,113.629,0.541052068118,30.9979,2023-05-20 12:08:24,True,1.25870403854,103.78876366,0.411556,0.0,1.25807693353,103.788291411,0.463,300.998
PSA AGILITY,9V7546  ,9085596,SG,,CS,7869,563075510,1.25838818706,103.78785667,0.360111,0.678956,1.9984,113.629,0.541052068118,30.9979,2023-05-20 12:08:34,True,1.25867669314,103.788797605,0.411556,0.0,1.25806245966,103.788321425,0.463,300.998
PSA AGILITY,9V7546  ,9085596,SG,,CS,7869,563075510,1.25831984431,103.787977635,0.411556,0.783589,1.99491,113.385,0.558505360638,31.9977,2023-05-20 12:08:44,True,1.25864525826,103.788837992,0.411556,0.0,1.25801837655,103.78835502,0.463,293.0
PSA AGILITY,9V7546  ,9085596,SG,,CS,7869,563075510,1.25831167168,103.788000599,0.360111,0.696808,1.98095,112.989,0.575958653158,32.9974,2023-05-20 12:08:54,True,1.25862281601,103.788845284,0.463,0.0,1.25800029148,103.788378524,0.411556,293.0
PSA AGILITY,9V7546  ,9085596,SG,,CS,7869,563075510,1.25831167168,103.788000599,0.360111,0.696808,1.98095,112.989,0.575958653158,32.9974,2023-05-20 12:09:04,True,1.25858037315,103.788915693,0.463,0.0,1.25801442496,103.788356214,0.257222,293.0
PSA AGILITY,9V7546  ,9085596,SG,,CS,7869,563075510,1.25830663636,103.788040269,0.205778,0.381905,1.82038,104.744,0.645771823238,36.9965,2023-05-20 12:09:14,True,1.25855697747,103.788939513,0.463,0.0,1.25800251245,103.78837042,0.257222,293.0
PSA AGILITY,9V7546  ,9085596,SG,,CS,7869,563075510,1.25830979233,103.788052896,0.154333,0.294157,1.72264,97.5946,0.680678408278,38.996,2023-05-20 12:09:24,True,1.2585648258,103.788998053,0.565889,0.0,1.25799736746,103.788394345,0.154333,296.999
PSA AGILITY,9V7546  ,9085596,SG,,CS,7869,563075510,1.25831706262,103.788059428,0.154333,0.292224,1.50447,86.1859,0.750491578358,42.995,2023-05-20 12:09:34,True,1.25852307384,103.789061491,0.514444,0.0,1.25799058549,103.788403159,0.154333,296.999
PSA AGILITY,9V7546  ,9085596,SG,,CS,7869,563075510,1.25832370982,103.788092763,0.205778,0.389255,1.50796,87.1376,0.820304748437,46.9995,2023-05-20 12:09:44,True,1.2584766055,103.789089904,0.514444,0.0,1.25799838425,103.78841948,0.154333,306.996
PSA AGILITY,9V7546  ,9085596,SG,,CS,7869,563075510,1.25832310577,103.788131653,0.205778,0.583153,1.50796,90.0,0.820304748437,46.9995,2023-05-20 12:09:54,True,1.25844624664,103.789116001,0.514444,0.0,1.25798593087,103.7884362,0.154333,306.996
PSA AGILITY,9V7546  ,9085596,SG,,CS,7869,563075510,1.2583242355,103.788170512,0.308667,0.583477,1.51844,88.0908,0.890117918517,50.9985,2023-05-20 12:10:04,True,1.25839717334,103.789184783,0.514444,0.0,1.25799408345,103.788452297,0.154333,303.997
PSA AGILITY,9V7546  ,9085596,SG,,CS,7869,563075510,1.25832420601,103.788183845,0.308667,0.583477,1.51146,88.0908,0.925024503557,52.998,2023-05-20 12:10:14,True,1.25835427095,103.789220659,0.565889,0.0,1.25799028276,103.788462726,0.154333,303.997
PSA AGILITY,9V7546  ,9085596,SG,,CS,7869,563075510,1.25832496299,103.788239253,0.360111,0.68284,1.48702,85.1009,0.959931088597,54.9976,2023-05-20 12:10:24,True,1.25831334788,103.789228992,0.565889,0.0,1.25798050874,103.788481715,0.154333,306.996
PSA AGILITY,9V7546  ,9085596,SG,,CS,7869,563075510,1.25832907036,103.788265748,0.360111,0.69027,1.48702,80.2724,0.959931088597,54.9976,2023-05-20 12:10:34,True,1.25829217985,103.789270387,0.514444,0.0,1.25797290737,103.788502577,0.154333,306.996
PSA AGILITY,9V7546  ,9085596,SG,,CS,7869,563075510,1.25833335327,103.788293072,0.360111,0.68367,1.31249,75.1735,1.06465084372,60.9961,2023-05-20 12:10:44,True,1.25822305008,103.789328196,0.565889,0.0,1.25796656773,103.788519938,0.154333,306.996
PSA AGILITY,9V7546  ,9085596,SG,,CS,7869,563075510,1.2583515399,103.788338472,0.411556,0.793174,1.24791,72.8973,1.15191730632,65.9949,2023-05-20 12:10:54,True,1.25819975289,103.789361935,0.565889,0.0,1.2579633063,103.78852909,0.154333,305.997
PSA AGILITY,9V7546  ,9085596,SG,,CS,7869,563075510,1.25836617652,103.788398013,0.411556,0.78069,1.23395,71.1139,1.20427718388,68.9996,2023-05-20 12:11:04,True,1.25817482438,103.789410412,0.565889,0.0,1.2579831719,103.788521934,0.102889,324.998
PSA AGILITY,9V7546  ,9085596,SG,,CS,7869,563075510,1.25837791429,103.788417593,0.411556,0.879039,1.23395,71.9657,1.20427718388,70.9991,2023-05-20 12:11:14,True,1.25813227176,103.789438295,0.617333,0.0,1.25798971333,103.788518402,0.102889,324.998
PSA AGILITY,9V7546  ,9085596,SG,,CS,7869,563075510,1.25839031124,103.788464954,0.514444,0.990598,1.28282,74.0546,1.308996939,74.9982,2023-05-20 12:11:24,False,1.25806834315,103.789513293,0.617333,0.0,1.25819970702,103.788307058,1.13178,16.9958
PSA AGILITY,9V7546  ,9085596,SG,,CS,7869,563075510,1.25841526036,103.788541337,0.565889,1.09478,1.28107,73.4956,1.41371669412,80.9967,2023-05-20 12:11:34,False,1.25800391289,103.7894979,0.617333,0.0,1.25825720157,103.78824913,1.13178,16.9958
PSA AGILITY,9V7546  ,9085596,SG,,CS,7869,563075510,1.25844142417,103.788585877,0.617333,1.1921,1.15017,65.9427,1.50098315672,85.9955,2023-05-20 12:11:44,False,1.25791924896,103.789494466,0.668778,0.0,1.25829627412,103.788368013,0.565889,39.9957
PSA AGILITY,9V7546  ,9085596,SG,,CS,7869,563075510,1.25846579074,103.788629974,0.720222,1.39158,1.07338,61.645,1.58824961931,90.9998,2023-05-20 12:11:54,False,1.25783395771,103.789502962,0.720222,0.0,1.25833601702,103.788358242,0.565889,39.9957
PSA AGILITY,9V7546  ,9085596,SG,,CS,7869,563075510,1.25850678822,103.788687193,0.874556,1.69371,1.0088,58.134,1.72787595947,98.9978,2023-05-20 12:12:04,False,1.25777025952,103.789517999,0.771667,0.0,1.2583340449,103.788548438,0.874556,31.9977
PSA AGILITY,9V7546  ,9085596,SG,,CS,7869,563075510,1.25859450721,103.788800885,1.08033,2.08073,1.04894,60.3215,1.93731546971,110.995,2023-05-20 12:12:14,False,1.25770239097,103.789526196,0.823111,0.0,1.2583724755,103.788598383,0.874556,31.9977
PSA AGILITY,9V7546  ,9085596,SG,,CS,7869,563075510,1.25862581289,103.788899525,1.13178,2.18213,1.11352,64.1197,2.05948851735,117.999,2023-05-20 12:12:24,False,1.25764203887,103.789516576,0.823111,0.0,1.25852547636,103.788722941,1.02889,42.995
PSA AGILITY,9V7546  ,9085596,SG,,CS,7869,563075510,1.25863076341,103.78896154,1.08033,2.08391,1.2514,72.0721,2.21656815003,126.996,2023-05-20 12:12:34,False,1.25753396559,103.789566283,0.823111,0.0,1.25856617884,103.788792905,1.02889,42.995
PSA AGILITY,9V7546  ,9085596,SG,,CS,7869,563075510,1.25863265829,103.789076247,0.874556,1.69394,1.50971,86.7108,2.39110107523,137.0,2023-05-20 12:12:44,False,1.25751435126,103.789602277,0.565889,0.0,1.25860030838,103.788818237,0.977444,61.9958
PSA AGILITY,9V7546  ,9085596,SG,,CS,7869,563075510,1.25862587452,103.789149398,0.823111,1.59502,1.60745,92.0953,2.44346095279,139.999,2023-05-20 12:12:54,False,1.25758846309,103.789610427,0.308667,0.0,1.25868851439,103.788916599,0.977444,61.9958
PSA AGILITY,9V7546  ,9085596,SG,,CS,7869,563075510,1.25861422801,103.789208316,0.823111,1.48764,1.60745,96.7536,2.44346095279,142.998,2023-05-20 12:13:04,False,1.25766583216,103.789595013,0.308667,0.0,1.25871244626,103.788948872,0.874556,109.995
PSA AGILITY,9V7546  ,9085596,SG,,CS,7869,563075510,1.25858919568,103.789301627,0.668778,1.29247,1.78896,102.155,2.60054058547,148.997,2023-05-20 12:13:14,False,1.25763735766,103.78956976,0.205778,0.0,1.2587548665,103.788995517,0.874556,109.995
PSA AGILITY,9V7546  ,9085596,SG,,CS,7869,563075510,1.25856815881,103.789333633,0.617333,1.18048,1.88146,107.241,2.67035375555,152.996,2023-05-20 12:13:24,False,1.2575468289,103.789493396,0.823111,0.0,1.25876118365,103.789101643,0.720222,127.996
PSA AGILITY,9V7546  ,9085596,SG,,CS,7869,563075510,1.25854968823,103.789371632,0.617333,1.18766,1.88146,111.105,2.67035375555,152.996,2023-05-20 12:13:34,False,1.25740282366,103.789319866,1.54333,0.0,1.25878548621,103.789147442,0.720222,127.996
PSA AGILITY,9V7546  ,9085596,SG,,CS,7869,563075510,1.25854968823,103.789371632,0.617333,1.18766,1.88146,111.105,2.67035375555,152.996,2023-05-20 12:13:44,False,1.25742108443,103.789137817,1.54333,0.0,1.25878010754,103.789187007,0.617333,156.995
PSA AGILITY,9V7546  ,9085596,SG,,CS,7869,563075510,1.25847541002,103.789495327,0.617333,1.19716,2.07869,122.4,2.79252680319,159.999,2023-05-20 12:13:54,False,1.25747049167,103.789045199,1.33756,0.0,1.25879647693,103.789228296,0.617333,156.995
PSA AGILITY,9V7546  ,9085596,SG,,CS,7869,563075510,1.25843903674,103.789519932,0.668778,1.2791,2.20435,126.347,2.87979326579,164.998,2023-05-20 12:14:04,False,1.25749713199,103.788978831,1.13178,0.0,1.25873902451,103.789271118,0.463,160.999
PSA AGILITY,9V7546  ,9085596,SG,,CS,7869,563075510,1.25843903674,103.789519932,0.668778,1.2791,2.20435,126.347,2.87979326579,164.998,2023-05-20 12:14:14,False,1.2575132866,103.788829796,1.13178,0.0,1.25873587238,103.789304251,0.463,160.999
PSA AGILITY,9V7546  ,9085596,SG,,CS,7869,563075510,1.25832016594,103.789654328,0.823111,1.58122,2.37888,136.494,3.01941960595,172.996,2023-05-20 12:14:24,False,1.25753152211,103.788795096,0.874556,0.0,1.25862883352,103.789354147,0.771667,154.995
PSA AGILITY,9V7546  ,9085596,SG,,CS,7869,563075510,1.25825932027,103.789711615,0.874556,1.6805,2.42252,138.752,3.07177948351,175.995,2023-05-20 12:14:34,False,1.25753682437,103.788745572,0.771667,0.0,1.2585342829,103.789437746,0.771667,154.995
PSA AGILITY,9V7546  ,9085596,SG,,CS,7869,563075510,1.25820417044,103.789742955,0.926,1.78516,2.52026,144.752,3.10668606855,177.995,2023-05-20 12:14:44,False,1.25755883379,103.788688654,0.720222,0.0,1.25848946368,103.78948212,0.874556,148.997
PSA AGILITY,9V7546  ,9085596,SG,,CS,7869,563075510,1.25814299794,103.789750498,0.977444,1.88352,2.59356,148.935,3.14159265359,180.0,2023-05-20 12:14:54,False,1.25760665954,103.788640589,0.565889,0.0,1.25845024694,103.789520949,0.874556,148.997
PSA AGILITY,9V7546  ,9085596,SG,,CS,7869,563075510,1.25799123696,103.78979527,1.18322,2.28193,2.78555,159.558,3.26376570123,186.998,2023-05-20 12:15:04,False,1.25759890649,103.788620057,0.463,0.0,1.258311447,103.789684088,0.874556,154.995
PSA AGILITY,9V7546  ,9085596,SG,,CS,7869,563075510,1.25788980893,103.789820066,1.18322,2.57946,2.78555,164.707,3.26376570123,186.998,2023-05-20 12:15:14,False,1.25760865878,103.78856915,0.411556,0.0,1.25825551081,103.789748473,1.18322,154.995
PSA AGILITY,9V7546  ,9085596,SG,,CS,7869,563075510,1.25780799712,103.789841996,1.389,2.59822,2.94088,164.82,3.36848545635,192.997,2023-05-20 12:15:24,False,1.25764061052,103.788537609,0.308667,0.0,1.25812351606,103.789785685,1.18322,154.995
PSA AGILITY,9V7546  ,9085596,SG,,CS,7869,563075510,1.25755761271,103.789863271,1.59478,3.09291,3.0997,177.839,3.45575191895,197.996,2023-05-20 12:15:34,False,1.25765106277,103.788535661,0.257222,0.0,1.25804927814,103.7898383,1.18322,154.995
PSA AGILITY,9V7546  ,9085596,SG,,CS,7869,563075510,1.25742531693,103.789844378,1.69767,3.28975,3.19744,183.048,3.52556508903,201.995,2023-05-20 12:15:44,False,1.25766328734,103.788529944,0.205778,0.0,1.25775323858,103.78987076,1.69767,182.0
PSA AGILITY,9V7546  ,9085596,SG,,CS,7869,563075510,1.25730678044,103.789804728,1.80056,3.49135,3.27947,187.679,3.56047167407,204.0,2023-05-20 12:15:54,False,1.25767471573,103.78853763,0.102889,0.0,1.25763649175,103.789908674,1.69767,182.0
PSA AGILITY,9V7546  ,9085596,SG,,CS,7869,563075510,1.25716607663,103.789774046,1.852,3.58728,3.33881,191.249,3.57792496659,204.999,2023-05-20 12:16:04,False,1.25767946376,103.788533199,0.102889,0.0,1.25747819997,103.789844535,1.90344,207.999
PSA AGILITY,9V7546  ,9085596,SG,,CS,7869,563075510,1.25686659856,103.789677829,1.852,4.05747,3.33881,199.303,3.57792496659,207.999,2023-05-20 12:16:14,False,1.25768539389,103.788541894,0.102889,0.0,1.25734087522,103.789854795,1.90344,207.999
PSA AGILITY,9V7546  ,9085596,SG,,CS,7869,563075510,1.25669959369,103.789587313,2.21211,4.24213,3.54476,202.923,3.68264472171,210.998,2023-05-20 12:16:24,False,1.25769985731,103.788583499,0.257222,0.0,1.25703122618,103.789655836,2.10922,219.996
PSA AGILITY,9V7546  ,9085596,SG,,CS,7869,563075510,1.25656201066,103.78950422,2.315,4.44363,3.58316,205.108,3.70009801423,211.998,2023-05-20 12:16:34,False,1.25762604532,103.788767278,0.977444,0.0,1.25690489896,103.789612865,2.10922,219.996
PSA AGILITY,9V7546  ,9085596,SG,,CS,7869,563075510,1.25625532051,103.789317887,2.52078,4.84864,3.65821,209.545,3.73500459927,213.997,2023-05-20 12:16:44,False,1.25739986853,103.788903673,1.90344,0.0,1.25673938731,103.789455823,2.26356,219.996
PSA AGILITY,9V7546  ,9085596,SG,,CS,7869,563075510,1.25609585127,103.789227323,2.52078,4.84864,3.65821,209.545,3.73500459927,213.997,2023-05-20 12:16:54,False,1.25722895834,103.78916354,3.08667,0.0,1.25647373215,103.789302821,2.26356,219.996
PSA AGILITY,9V7546  ,9085596,SG,,CS,7869,563075510,1.25592034417,103.789110584,2.52078,5.15749,3.65821,211.593,3.73500459927,213.997,2023-05-20 12:17:04,False,1.25713871313,103.789505339,3.08667,0.0,1.25623073111,103.789091799,3.03522,209.998
PSA AGILITY,9V7546  ,9085596,SG,,CS,7869,563075510,1.25573033893,103.789001111,2.52078,5.33202,3.65821,213.4,3.73500459927,216.996,2023-05-20 12:17:14,False,1.2569752122,103.790127052,3.90978,0.0,1.25604329469,103.788978127,3.03522,209.998
PSA AGILITY,9V7546  ,9085596,SG,,CS,7869,563075510,1.25539777285,103.788760898,2.778,5.3104,3.72628,213.806,3.78736447683,216.996,2023-05-20 12:17:24,False,1.25688293075,103.790547389,5.24733,0.0,1.25568717447,103.788783675,2.98378,205.999
PSA AGILITY,9V7546  ,9085596,SG,,CS,7869,563075510,1.25522495441,103.788619941,3.03522,5.80829,3.78213,216.563,3.83972435439,219.996,2023-05-20 12:17:34,False,1.25664883008,103.791311245,5.40167,0.0,1.25552509531,103.788687298,2.98378,205.999
PSA AGILITY,9V7546  ,9085596,SG,,CS,7869,563075510,1.25505021813,103.788468174,3.13811,6.02005,3.81354,218.313,3.85717764691,220.995,2023-05-20 12:17:44,False,1.25648943421,103.791681085,5.45311,0.0,1.25530715833,103.788747374,2.88089,194.996
PSA AGILITY,9V7546  ,9085596,SG,,CS,7869,563075510,1.25472234479,103.788175199,3.241,6.22215,3.84671,220.058,3.85717764691,220.995,2023-05-20 12:17:54,False,1.25629113332,103.792087643,5.45311,0.0,1.25510762486,103.788687518,2.88089,194.996
PSA AGILITY,9V7546  ,9085596,SG,,CS,7869,563075510,1.25455840748,103.788025392,3.29244,6.33997,3.85892,220.773,3.89208423195,222.995,2023-05-20 12:18:04,False,1.25617685005,103.792329011,5.45311,0.0,1.2546272375,103.788362093,3.75544,219.996
PSA AGILITY,9V7546  ,9085596,SG,,CS,7869,563075510,1.25437539611,103.787883172,3.39533,6.52999,3.8659,221.138,3.90953752447,223.995,2023-05-20 12:18:14,False,1.25587114973,103.793013808,5.45311,0.0,1.25439833994,103.788216649,3.75544,219.996
PSA AGILITY,9V7546  ,9085596,SG,,CS,7869,563075510,1.25399848658,103.78752763,3.49822,6.73157,3.87289,221.84,3.99680398707,228.999,2023-05-20 12:18:24,False,1.25569508816,103.793380823,5.50456,0.0,1.25422078065,103.787919121,3.85833,222.995
PSA AGILITY,9V7546  ,9085596,SG,,CS,7869,563075510,1.25384835553,103.78738469,3.54967,6.85056,3.88685,222.7,4.04916386463,231.998,2023-05-20 12:18:34,False,1.25552678741,103.793749368,5.60744,0.0,1.25383304253,103.78756981,3.85833,222.995
PSA AGILITY,9V7546  ,9085596,SG,,CS,7869,563075510,1.25362663608,103.787156167,3.54967,6.95549,3.88685,224.321,4.04916386463,231.998,2023-05-20 12:18:44,False,1.25520045521,103.794506544,5.65889,0.0,1.25362934353,103.787361389,3.80689,223.995
PSA AGILITY,9V7546  ,9085596,SG,,CS,7869,563075510,1.25348201606,103.786970704,3.65256,7.04396,3.97411,227.46,4.18879020479,239.996,2023-05-20 12:18:54,False,1.25503694768,103.794874391,5.65889,0.0,1.25342695323,103.787174787,3.80689,223.995
PSA AGILITY,9V7546  ,9085596,SG,,CS,7869,563075510,1.25316243279,103.786520338,3.65256,7.05939,4.05091,234.866,4.25860337487,243.995,2023-05-20 12:19:04,False,1.25478932695,103.795234857,5.71033,0.0,1.25306817737,103.786777706,3.80689,223.995
PSA AGILITY,9V7546  ,9085596,SG,,CS,7869,563075510,1.25302539351,103.786285355,3.704,7.13542,4.16086,237.912,4.39822971503,251.999,2023-05-20 12:19:14,False,1.25460834758,103.795528773,5.71033,0.0,1.25287335991,103.786579008,3.80689,223.995
PSA AGILITY,9V7546  ,9085596,SG,,CS,7869,563075510,1.25291397762,103.786069654,3.704,7.1464,4.2045,240.506,4.46804288511,255.998,2023-05-20 12:19:24,False,1.25420787516,103.796238409,5.71033,0.0,1.25285199841,103.786268191,3.96122,245.995
PSA AGILITY,9V7546  ,9085596,SG,,CS,7869,563075510,1.2527344607,103.785590231,3.704,7.1953,4.2586,247.106,4.52040276267,258.997,2023-05-20 12:19:34,False,1.25399531036,103.79664512,5.71033,0.0,1.2527018781,103.786025693,3.96122,245.995
PSA AGILITY,9V7546  ,9085596,SG,,CS,7869,563075510,1.26641335913,103.782680558,0.0,0.0,2.04029,0.0,0.523598775598,29.9982,2023-05-20 13:02:36,True,1.26241645572,103.844943508,0.0514444,0.0,1.27329346695,103.759363546,5.40167,294.0
