name,callsign,imonumber,flag,length,type,grosstonnage,mmsinumber,latitudedegrees,longitudedegrees,speedoverground,speedoverwater,courseoverground,courseoverwater,headingoverground,headingoverwater,timestamp,is_stopped,lat_tug_9456513,lon_tug_9456513,sog_tug_9456513,heading_tug_9456513
ATI BHUM,HSB6462 ,9842750,TH,,CS,2761,567068500,1.2884611418,103.763198076,0.514444,0.992123,6.23432,357.754,5.02654824574,287.996,2023-05-08 06:42:06,False,1.28624401067,103.762104399,1.33756,0.0
ATI BHUM,HSB6462 ,9842750,TH,,CS,2761,567068500,1.28853092538,103.763200391,0.514444,0.991361,6.27795,0.0,5.11381470834,293.0,2023-05-08 06:42:16,False,1.28613728069,103.762256523,1.33756,0.0
ATI BHUM,HSB6462 ,9842750,TH,,CS,2761,567068500,1.28856009419,103.763199889,0.514444,0.89438,6.27795,358.755,5.11381470834,293.0,2023-05-08 06:42:26,False,1.28608857857,103.762325336,1.28611,0.0
ATI BHUM,HSB6462 ,9842750,TH,,CS,2761,567068500,1.28858937999,103.763198721,0.463,0.89438,6.24304,358.755,5.1661745859,295.999,2023-05-08 06:42:36,True,1.28605600533,103.762394887,1.28611,0.0
ATI BHUM,HSB6462 ,9842750,TH,,CS,2761,567068500,1.28865203333,103.763175589,0.514444,0.98294,5.85034,335.462,5.23598775598,299.998,2023-05-08 06:42:46,False,1.2860512922,103.762481389,0.874556,0.0
ATI BHUM,HSB6462 ,9842750,TH,,CS,2761,567068500,1.28868159691,103.763162022,0.514444,0.98294,5.85034,335.462,5.23598775598,299.998,2023-05-08 06:42:56,False,1.28605057172,103.762461163,0.874556,0.0
ATI BHUM,HSB6462 ,9842750,TH,,CS,2761,567068500,1.28871825621,103.763133125,0.514444,0.982363,5.81718,332.928,5.23598775598,299.998,2023-05-08 06:43:06,False,1.28604045389,103.762491919,0.514444,0.0
ATI BHUM,HSB6462 ,9842750,TH,,CS,2761,567068500,1.28878273079,103.763101271,0.463,0.887382,5.78577,331.189,5.23598775598,299.998,2023-05-08 06:43:16,True,1.28597951605,103.76257758,0.668778,0.0
ATI BHUM,HSB6462 ,9842750,TH,,CS,2761,567068500,1.28881216843,103.763085396,0.463,0.887382,5.78577,331.189,5.23598775598,299.998,2023-05-08 06:43:26,True,1.28597123499,103.762666118,0.926,0.0
ATI BHUM,HSB6462 ,9842750,TH,,CS,2761,567068500,1.28883945081,103.763059641,0.411556,0.791266,5.78053,332.176,5.23598775598,299.998,2023-05-08 06:43:36,True,1.28594744459,103.76272835,0.926,0.0
ATI BHUM,HSB6462 ,9842750,TH,,CS,2761,567068500,1.28887338406,103.763051927,0.257222,0.485961,5.99521,343.74,5.21853446346,298.998,2023-05-08 06:43:46,True,1.28603016525,103.762820254,0.823111,0.0
ATI BHUM,HSB6462 ,9842750,TH,,CS,2761,567068500,1.2888889961,103.763047328,0.257222,0.485961,5.99521,343.74,5.21853446346,298.998,2023-05-08 06:43:56,True,1.28607018259,103.762849701,0.771667,0.0
ATI BHUM,HSB6462 ,9842750,TH,,CS,2761,567068500,1.28891599257,103.763054198,0.205778,0.388769,0.0331613,0.0,5.20108117094,297.999,2023-05-08 06:44:06,True,1.28611776762,103.762912211,0.668778,0.0
ATI BHUM,HSB6462 ,9842750,TH,,CS,2761,567068500,1.28892901268,103.763054628,0.205778,0.388769,0.0331613,0.0,5.20108117094,297.999,2023-05-08 06:44:16,True,1.28614253253,103.762938035,0.565889,0.0
ATI BHUM,HSB6462 ,9842750,TH,,CS,2761,567068500,1.28894177443,103.763053864,0.205778,0.388769,6.28144,0.0,5.20108117094,297.999,2023-05-08 06:44:26,True,1.28615248247,103.76296872,0.565889,0.0
ATI BHUM,HSB6462 ,9842750,TH,,CS,2761,567068500,1.2889600251,103.763053889,0.205778,0.0,6.28319,0.0,5.20108117094,297.999,2023-05-08 06:44:36,True,1.28615480065,103.763029345,0.463,0.0
ATI BHUM,HSB6462 ,9842750,TH,,CS,2761,567068500,1.2889600251,103.763053889,0.205778,0.0,6.28319,0.0,5.20108117094,297.999,2023-05-08 06:44:46,True,1.28615899257,103.763066936,0.463,0.0
ATI BHUM,HSB6462 ,9842750,TH,,CS,2761,567068500,1.28901076527,103.763053133,0.205778,0.390708,6.18021,354.289,5.20108117094,297.999,2023-05-08 06:44:56,True,1.28616593405,103.76312477,0.463,0.0
ATI BHUM,HSB6462 ,9842750,TH,,CS,2761,567068500,1.28902372129,103.763051808,0.205778,0.390708,6.18021,354.289,5.20108117094,297.999,2023-05-08 06:45:06,True,1.28618692372,103.763159614,0.514444,0.0
ATI BHUM,HSB6462 ,9842750,TH,,CS,2761,567068500,1.28903853197,103.763050289,0.205778,0.390708,6.18021,354.289,5.20108117094,297.999,2023-05-08 06:45:16,True,1.28620934821,103.763184709,0.463,0.0
ATI BHUM,HSB6462 ,9842750,TH,,CS,2761,567068500,1.28906592967,103.763039442,0.205778,0.390708,6.16276,354.289,5.20108117094,297.999,2023-05-08 06:45:26,True,1.28625923345,103.763234522,0.463,0.0
ATI BHUM,HSB6462 ,9842750,TH,,CS,2761,567068500,1.28907890784,103.763039951,0.154333,0.292224,6.17323,356.186,5.20108117094,297.999,2023-05-08 06:45:36,True,1.28627672543,103.763259196,0.463,0.0
ATI BHUM,HSB6462 ,9842750,TH,,CS,2761,567068500,1.28908862044,103.76303888,0.154333,0.292224,6.17323,356.186,5.20108117094,297.999,2023-05-08 06:45:46,True,1.28632439944,103.763276981,0.514444,0.0
ATI BHUM,HSB6462 ,9842750,TH,,CS,2761,567068500,1.2890883595,103.763027227,0.0514444,0.0,6.28319,0.0,5.1661745859,295.999,2023-05-08 06:45:56,True,1.28638589128,103.763314386,0.514444,0.0
ATI BHUM,HSB6462 ,9842750,TH,,CS,2761,567068500,1.28909002648,103.763027227,0.0514444,0.0,6.28319,0.0,5.1661745859,295.999,2023-05-08 06:46:06,True,1.28642483287,103.763329548,0.565889,0.0
ATI BHUM,HSB6462 ,9842750,TH,,CS,2761,567068500,1.2890966915,103.763007229,0.102889,0.0,6.28319,0.0,5.1661745859,295.999,2023-05-08 06:46:16,True,1.28646490531,103.763356029,0.514444,0.0
ATI BHUM,HSB6462 ,9842750,TH,,CS,2761,567068500,1.2890966915,103.763007229,0.0514444,0.0,6.28319,0.0,5.18362787842,296.999,2023-05-08 06:46:26,True,1.28650715414,103.763364548,0.514444,0.0
ATI BHUM,HSB6462 ,9842750,TH,,CS,2761,567068500,1.28910002546,103.763007229,0.0514444,0.0,6.28319,0.0,5.18362787842,296.999,2023-05-08 06:46:36,True,1.28653075953,103.76337964,0.514444,0.0
ATI BHUM,HSB6462 ,9842750,TH,,CS,2761,567068500,1.28910335942,103.763007229,0.0514444,0.0,6.28319,0.0,5.18362787842,296.999,2023-05-08 06:46:46,True,1.28656247886,103.763390309,0.514444,0.0
ATI BHUM,HSB6462 ,9842750,TH,,CS,2761,567068500,1.28911169165,103.762993891,0.102889,0.0,6.28319,0.0,5.20108117094,297.999,2023-05-08 06:46:56,True,1.28662474271,103.76340532,0.463,0.0
ATI BHUM,HSB6462 ,9842750,TH,,CS,2761,567068500,1.28912169352,103.762993891,0.102889,0.0,6.28319,0.0,5.20108117094,297.999,2023-05-08 06:47:06,True,1.28664171246,103.763396159,0.463,0.0
ATI BHUM,HSB6462 ,9842750,TH,,CS,2761,567068500,1.28912669225,103.76299389,0.0,0.0,6.28319,0.0,5.23598775598,299.998,2023-05-08 06:47:16,True,1.28665952157,103.763396957,0.411556,0.0
ATI BHUM,HSB6462 ,9842750,TH,,CS,2761,567068500,1.28912669225,103.76299389,0.0,0.0,6.28319,0.0,5.23598775598,299.998,2023-05-08 06:47:26,True,1.28671313412,103.763392331,0.411556,0.0
ATI BHUM,HSB6462 ,9842750,TH,,CS,2761,567068500,1.2891233583,103.762993891,0.0,0.0,6.28319,0.0,5.2534410485,300.998,2023-05-08 06:47:36,True,1.28672958295,103.763387513,0.360111,0.0
ATI BHUM,HSB6462 ,9842750,TH,,CS,2761,567068500,1.28912169352,103.762993891,0.0,0.0,6.28319,0.0,5.2534410485,300.998,2023-05-08 06:47:46,True,1.28679052559,103.763377165,0.360111,0.0
ATI BHUM,HSB6462 ,9842750,TH,,CS,2761,567068500,1.28912502527,103.76299389,0.0,0.0,6.28319,0.0,5.2534410485,300.998,2023-05-08 06:47:56,True,1.28679052559,103.763377165,0.360111,0.0
ATI BHUM,HSB6462 ,9842750,TH,,CS,2761,567068500,1.28912835923,103.76299389,0.0,0.0,6.28319,0.0,5.2534410485,300.998,2023-05-08 06:48:06,True,1.28679052559,103.763377165,0.360111,0.0
ATI BHUM,HSB6462 ,9842750,TH,,CS,2761,567068500,1.28912835923,103.76299389,0.0,0.0,6.28319,0.0,5.2534410485,300.998,2023-05-08 06:48:16,True,1.28690965052,103.763342939,0.411556,0.0
ATI BHUM,HSB6462 ,9842750,TH,,CS,2761,567068500,1.28912835923,103.76299389,0.0,0.0,6.28319,0.0,5.2534410485,300.998,2023-05-08 06:48:26,True,1.28692115608,103.763345764,0.411556,0.0
ATI BHUM,HSB6462 ,9842750,TH,,CS,2761,567068500,1.28913669344,103.762973892,0.0,0.0,6.28319,0.0,5.2534410485,300.998,2023-05-08 06:48:36,True,1.2869538028,103.763357873,0.308667,0.0
ATI BHUM,HSB6462 ,9842750,TH,,CS,2761,567068500,1.28913669344,103.762973892,0.0,0.0,6.28319,0.0,5.2534410485,300.998,2023-05-08 06:48:46,True,1.2869726477,103.763366936,0.308667,0.0
ATI BHUM,HSB6462 ,9842750,TH,,CS,2761,567068500,1.28913169319,103.76299389,0.0,0.0,6.28319,0.0,5.2534410485,300.998,2023-05-08 06:48:56,True,1.28698912781,103.763372832,0.308667,0.0
ATI BHUM,HSB6462 ,9842750,TH,,CS,2761,567068500,1.28912669225,103.76299389,0.0,0.0,6.28319,0.0,5.23598775598,299.998,2023-05-08 06:49:06,True,1.28702979832,103.763391118,0.308667,0.0
ATI BHUM,HSB6462 ,9842750,TH,,CS,2761,567068500,1.28913002552,103.762973892,0.0,0.0,6.28319,0.0,5.23598775598,299.998,2023-05-08 06:49:16,True,1.28705363067,103.763393161,0.360111,0.0
ATI BHUM,HSB6462 ,9842750,TH,,CS,2761,567068500,1.28912669225,103.76299389,0.0,0.0,6.28319,0.0,5.23598775598,299.998,2023-05-08 06:49:26,True,1.28710052318,103.76341393,0.360111,0.0
ATI BHUM,HSB6462 ,9842750,TH,,CS,2761,567068500,1.28912169352,103.762993891,0.0,0.0,6.28319,0.0,5.23598775598,299.998,2023-05-08 06:49:36,True,1.2871207984,103.763411007,0.360111,0.0
ATI BHUM,HSB6462 ,9842750,TH,,CS,2761,567068500,1.28911835957,103.762993891,0.0,0.0,6.28319,0.0,5.21853446346,298.998,2023-05-08 06:49:46,True,1.28716027851,103.763419798,0.411556,0.0
ATI BHUM,HSB6462 ,9842750,TH,,CS,2761,567068500,1.28911335863,103.762993891,0.0,0.0,6.28319,0.0,5.21853446346,298.998,2023-05-08 06:49:56,True,1.28719795899,103.763423456,0.411556,0.0
ATI BHUM,HSB6462 ,9842750,TH,,CS,2761,567068500,1.28911002688,103.762993891,0.0,0.0,6.28319,0.0,5.21853446346,297.999,2023-05-08 06:50:06,True,1.28719795899,103.763423456,0.411556,0.0
ATI BHUM,HSB6462 ,9842750,TH,,CS,2761,567068500,1.2891083599,103.762993891,0.0,0.0,6.28319,0.0,5.18362787842,296.999,2023-05-08 06:50:16,True,1.28730129254,103.763443959,0.463,0.0
ATI BHUM,HSB6462 ,9842750,TH,,CS,2761,567068500,1.28910669338,103.763007229,0.0,0.0,6.28319,0.0,5.18362787842,296.999,2023-05-08 06:50:26,True,1.28737346119,103.763461506,0.463,0.0
ATI BHUM,HSB6462 ,9842750,TH,,CS,2761,567068500,1.28910335942,103.763007229,0.0,0.0,6.28319,0.0,5.1661745859,295.999,2023-05-08 06:50:36,True,1.28740479168,103.763464787,0.514444,0.0
ATI BHUM,HSB6462 ,9842750,TH,,CS,2761,567068500,1.28909835848,103.763007229,0.0,0.0,6.28319,0.0,5.14872129338,294.999,2023-05-08 06:50:46,True,1.28742690653,103.763474316,0.514444,0.0
ATI BHUM,HSB6462 ,9842750,TH,,CS,2761,567068500,1.28909835848,103.763007229,0.0,0.0,6.28319,0.0,5.14872129338,294.999,2023-05-08 06:50:56,True,1.28746919332,103.763495233,0.411556,0.0
ATI BHUM,HSB6462 ,9842750,TH,,CS,2761,567068500,1.28910169244,103.763007229,0.0,0.0,6.28319,0.0,5.14872129338,294.999,2023-05-08 06:51:06,True,1.28748517039,103.763511782,0.360111,0.0
ATI BHUM,HSB6462 ,9842750,TH,,CS,2761,567068500,1.28910335942,103.763007229,0.0,0.0,6.28319,0.0,5.14872129338,294.999,2023-05-08 06:51:16,True,1.28751796325,103.763536131,0.308667,0.0
ATI BHUM,HSB6462 ,9842750,TH,,CS,2761,567068500,1.28910335942,103.763007229,0.0,0.0,6.28319,0.0,5.14872129338,294.999,2023-05-08 06:51:26,True,1.28753116473,103.763546029,0.308667,0.0
ATI BHUM,HSB6462 ,9842750,TH,,CS,2761,567068500,1.28910335942,103.763007229,0.0,0.0,6.28319,0.0,5.14872129338,294.999,2023-05-08 06:51:36,True,1.28754282941,103.763552987,0.257222,0.0
ATI BHUM,HSB6462 ,9842750,TH,,CS,2761,567068500,1.28910002546,103.763007229,0.0,0.0,6.28319,0.0,5.14872129338,294.999,2023-05-08 06:51:46,True,1.28757263914,103.76357079,0.257222,0.0
ATI BHUM,HSB6462 ,9842750,TH,,CS,2761,567068500,1.28910169244,103.763007229,0.0,0.0,6.28319,0.0,5.14872129338,294.999,2023-05-08 06:51:56,True,1.28758139584,103.763573545,0.205778,0.0
ATI BHUM,HSB6462 ,9842750,TH,,CS,2761,567068500,1.28910169244,103.763007229,0.0,0.0,6.28319,0.0,5.1661745859,295.999,2023-05-08 06:52:06,True,1.28760528387,103.763589549,0.205778,0.0
ATI BHUM,HSB6462 ,9842750,TH,,CS,2761,567068500,1.28910002546,103.763007229,0.0,0.0,6.28319,0.0,5.1661745859,295.999,2023-05-08 06:52:16,True,1.28761624643,103.763596542,0.205778,0.0
ATI BHUM,HSB6462 ,9842750,TH,,CS,2761,567068500,1.28910335942,103.763007229,0.0,0.0,6.28319,0.0,5.1661745859,295.999,2023-05-08 06:52:26,True,1.28760729563,103.763599658,0.205778,0.0
ATI BHUM,HSB6462 ,9842750,TH,,CS,2761,567068500,1.28910669338,103.763007229,0.0,0.0,6.28319,0.0,5.18362787842,296.999,2023-05-08 06:52:36,True,1.287619177,103.763615908,0.205778,0.0
ATI BHUM,HSB6462 ,9842750,TH,,CS,2761,567068500,1.2891050264,103.763007229,0.0,0.0,6.28319,0.0,5.18362787842,296.999,2023-05-08 06:52:46,True,1.28762159687,103.763615636,0.205778,0.0
ATI BHUM,HSB6462 ,9842750,TH,,CS,2761,567068500,1.28911002513,103.763007229,0.0,0.0,6.28319,0.0,5.18362787842,296.999,2023-05-08 06:52:56,True,1.28762093926,103.763625832,0.205778,0.0
ATI BHUM,HSB6462 ,9842750,TH,,CS,2761,567068500,1.28911169211,103.763007229,0.0,0.0,6.28319,0.0,5.1661745859,295.999,2023-05-08 06:53:06,True,1.28763840425,103.763636019,0.205778,0.0
ATI BHUM,HSB6462 ,9842750,TH,,CS,2761,567068500,1.28911169211,103.763007229,0.0,0.0,6.28319,0.0,5.1661745859,295.999,2023-05-08 06:53:16,True,1.28764141811,103.763637502,0.205778,0.0
ATI BHUM,HSB6462 ,9842750,TH,,CS,2761,567068500,1.28911169211,103.763007229,0.0,0.0,6.28319,0.0,5.1661745859,295.999,2023-05-08 06:53:26,True,1.28766013948,103.763649734,0.205778,0.0
ATI BHUM,HSB6462 ,9842750,TH,,CS,2761,567068500,1.28911169211,103.763007229,0.0,0.0,6.28319,0.0,5.1661745859,295.999,2023-05-08 06:53:36,True,1.28767433865,103.763650865,0.205778,0.0
ATI BHUM,HSB6462 ,9842750,TH,,CS,2761,567068500,1.28911169211,103.763007229,0.0,0.0,6.28319,0.0,5.1661745859,295.999,2023-05-08 06:53:46,True,1.28768938166,103.763664123,0.205778,0.0
ATI BHUM,HSB6462 ,9842750,TH,,CS,2761,567068500,1.28911169211,103.763007229,0.0,0.0,6.28319,0.0,5.1661745859,295.999,2023-05-08 06:53:56,True,1.28769951593,103.763661763,0.0514444,0.0
ATI BHUM,HSB6462 ,9842750,TH,,CS,2761,567068500,1.28911169211,103.763007229,0.0,0.0,6.28319,0.0,5.1661745859,295.999,2023-05-08 06:54:06,True,1.28771084276,103.763667782,0.0514444,0.0
ATI BHUM,HSB6462 ,9842750,TH,,CS,2761,567068500,1.28911169211,103.763007229,0.0,0.0,6.28319,0.0,5.1661745859,295.999,2023-05-08 06:54:16,True,1.28772886857,103.763678118,0.102889,0.0
ATI BHUM,HSB6462 ,9842750,TH,,CS,2761,567068500,1.28911169211,103.763007229,0.0,0.0,6.28319,0.0,5.1661745859,295.999,2023-05-08 06:54:26,True,1.28775046441,103.763683479,0.0514444,0.0
ATI BHUM,HSB6462 ,9842750,TH,,CS,2761,567068500,1.28911169211,103.763007229,0.0,0.0,6.28319,0.0,5.1661745859,295.999,2023-05-08 06:54:36,True,1.28776155716,103.763688278,0.0514444,0.0
ATI BHUM,HSB6462 ,9842750,TH,,CS,2761,567068500,1.28911169211,103.763007229,0.0,0.0,6.28319,0.0,5.1661745859,295.999,2023-05-08 06:54:46,True,1.28778091181,103.763689014,0.205778,0.0
ATI BHUM,HSB6462 ,9842750,TH,,CS,2761,567068500,1.28911169211,103.763007229,0.0,0.0,6.28319,0.0,5.1661745859,295.999,2023-05-08 06:54:56,True,1.2877941064,103.763690804,0.154333,0.0
ATI BHUM,HSB6462 ,9842750,TH,,CS,2761,567068500,1.28911169211,103.763007229,0.0,0.0,6.28319,0.0,5.1661745859,295.999,2023-05-08 06:55:06,True,1.28780222052,103.763691471,0.154333,0.0
ATI BHUM,HSB6462 ,9842750,TH,,CS,2761,567068500,1.28909835848,103.763007229,0.0,0.0,6.28319,0.0,5.1661745859,295.999,2023-05-08 06:55:16,True,1.28780730972,103.763689786,0.102889,0.0
ATI BHUM,HSB6462 ,9842750,TH,,CS,2761,567068500,1.28909835848,103.763007229,0.0,0.0,6.28319,0.0,5.1661745859,295.999,2023-05-08 06:55:26,True,1.28783265028,103.763697691,0.154333,0.0
ATI BHUM,HSB6462 ,9842750,TH,,CS,2761,567068500,1.28909835848,103.763007229,0.0,0.0,6.28319,0.0,5.1661745859,295.999,2023-05-08 06:55:36,True,1.28782039874,103.763703737,0.154333,0.0
ATI BHUM,HSB6462 ,9842750,TH,,CS,2761,567068500,1.28909835848,103.763007229,0.0,0.0,6.28319,0.0,5.1661745859,295.999,2023-05-08 06:55:46,True,1.28783696709,103.763707106,0.154333,0.0
ATI BHUM,HSB6462 ,9842750,TH,,CS,2761,567068500,1.28909835848,103.763007229,0.0,0.0,6.28319,0.0,5.1661745859,295.999,2023-05-08 06:55:56,True,1.28783726523,103.763709247,0.102889,0.0
ATI BHUM,HSB6462 ,9842750,TH,,CS,2761,567068500,1.28909835848,103.763007229,0.0,0.0,6.28319,0.0,5.1661745859,295.999,2023-05-08 06:56:06,True,1.28786169172,103.763717223,0.0,0.0
ATI BHUM,HSB6462 ,9842750,TH,,CS,2761,567068500,1.28909835848,103.763007229,0.0,0.0,6.28319,0.0,5.1661745859,295.999,2023-05-08 06:56:16,True,1.28786169172,103.763717223,0.0,0.0
ATI BHUM,HSB6462 ,9842750,TH,,CS,2761,567068500,1.28909835848,103.763007229,0.0,0.0,6.28319,0.0,5.1661745859,295.999,2023-05-08 06:56:26,True,1.28787004006,103.763723207,0.102889,0.0
ATI BHUM,HSB6462 ,9842750,TH,,CS,2761,567068500,1.28909835848,103.763007229,0.0,0.0,6.28319,0.0,5.1661745859,295.999,2023-05-08 06:56:36,True,1.28787004006,103.763723207,0.102889,0.0
ATI BHUM,HSB6462 ,9842750,TH,,CS,2761,567068500,1.28909835848,103.763007229,0.0,0.0,6.28319,0.0,5.1661745859,295.999,2023-05-08 06:56:46,True,1.2878763313,103.763748899,0.205778,0.0
ATI BHUM,HSB6462 ,9842750,TH,,CS,2761,567068500,1.28909835848,103.763007229,0.0,0.0,6.28319,0.0,5.1661745859,295.999,2023-05-08 06:56:56,True,1.28789682346,103.763762456,0.205778,0.0
ATI BHUM,HSB6462 ,9842750,TH,,CS,2761,567068500,1.28909835848,103.763007229,0.0,0.0,6.28319,0.0,5.1661745859,295.999,2023-05-08 06:57:06,True,1.28793554021,103.763788138,0.257222,0.0
ATI BHUM,HSB6462 ,9842750,TH,,CS,2761,567068500,1.28909835848,103.763007229,0.0,0.0,6.28319,0.0,5.1661745859,295.999,2023-05-08 06:57:16,True,1.2879484083,103.763798053,0.257222,0.0
ATI BHUM,HSB6462 ,9842750,TH,,CS,2761,567068500,1.28909835848,103.763007229,0.0,0.0,6.28319,0.0,5.1661745859,295.999,2023-05-08 06:57:26,True,1.28796990077,103.763815023,0.257222,0.0
ATI BHUM,HSB6462 ,9842750,TH,,CS,2761,567068500,1.28909835848,103.763007229,0.0,0.0,6.28319,0.0,5.1661745859,295.999,2023-05-08 06:57:36,True,1.28796990077,103.763815023,0.257222,0.0
ATI BHUM,HSB6462 ,9842750,TH,,CS,2761,567068500,1.28909835848,103.763007229,0.0,0.0,6.28319,0.0,5.1661745859,295.999,2023-05-08 06:57:46,True,1.28796990077,103.763815023,0.257222,0.0
ATI BHUM,HSB6462 ,9842750,TH,,CS,2761,567068500,1.28909835848,103.763007229,0.0,0.0,6.28319,0.0,5.1661745859,295.999,2023-05-08 06:57:56,True,1.28805760087,103.763860149,0.308667,0.0
ATI BHUM,HSB6462 ,9842750,TH,,CS,2761,567068500,1.28909835848,103.763007229,0.0,0.0,6.28319,0.0,5.18362787842,296.999,2023-05-08 06:58:06,True,1.28807443659,103.763870002,0.308667,0.0
ATI BHUM,HSB6462 ,9842750,TH,,CS,2761,567068500,1.28909335929,103.762993892,0.0,0.0,6.28319,0.0,5.18362787842,296.999,2023-05-08 06:58:16,True,1.28811382407,103.763881891,0.308667,0.0
ATI BHUM,HSB6462 ,9842750,TH,,CS,2761,567068500,1.28909335929,103.762993892,0.0,0.0,6.28319,0.0,5.18362787842,296.999,2023-05-08 06:58:26,True,1.28814119143,103.763887637,0.308667,0.0
ATI BHUM,HSB6462 ,9842750,TH,,CS,2761,567068500,1.28909335929,103.762993892,0.0,0.0,6.28319,0.0,5.18362787842,296.999,2023-05-08 06:58:36,True,1.28817003172,103.763900623,0.257222,0.0
ATI BHUM,HSB6462 ,9842750,TH,,CS,2761,567068500,1.28909335929,103.762993892,0.0,0.0,6.28319,0.0,5.18362787842,296.999,2023-05-08 06:58:46,True,1.28817003172,103.763900623,0.257222,0.0
ATI BHUM,HSB6462 ,9842750,TH,,CS,2761,567068500,1.28909335929,103.762993892,0.0,0.0,6.28319,0.0,5.18362787842,296.999,2023-05-08 06:58:56,True,1.28817003172,103.763900623,0.257222,0.0
ATI BHUM,HSB6462 ,9842750,TH,,CS,2761,567068500,1.28909335929,103.762993892,0.0,0.0,6.28319,0.0,5.18362787842,296.999,2023-05-08 06:59:06,True,1.28823376613,103.76391853,0.257222,0.0
ATI BHUM,HSB6462 ,9842750,TH,,CS,2761,567068500,1.28909335929,103.762993892,0.0,0.0,6.28319,0.0,5.18362787842,296.999,2023-05-08 06:59:16,True,1.28824963899,103.763922145,0.257222,0.0
ATI BHUM,HSB6462 ,9842750,TH,,CS,2761,567068500,1.28909335929,103.762993892,0.0,0.0,6.28319,0.0,5.18362787842,296.999,2023-05-08 06:59:26,True,1.28825530451,103.763922048,0.154333,0.0
ATI BHUM,HSB6462 ,9842750,TH,,CS,2761,567068500,1.28909335929,103.762993892,0.0,0.0,6.28319,0.0,5.18362787842,296.999,2023-05-08 06:59:36,True,1.28826425333,103.763925558,0.154333,0.0
ATI BHUM,HSB6462 ,9842750,TH,,CS,2761,567068500,1.28909335929,103.762993892,0.0,0.0,6.28319,0.0,5.18362787842,296.999,2023-05-08 06:59:46,True,1.288276443,103.763918266,0.154333,0.0
ATI BHUM,HSB6462 ,9842750,TH,,CS,2761,567068500,1.28909335929,103.762993892,0.0,0.0,6.28319,0.0,5.18362787842,296.999,2023-05-08 06:59:56,True,1.28832137751,103.763886807,0.308667,0.0
ATI BHUM,HSB6462 ,9842750,TH,,CS,2761,567068500,1.28909335929,103.762993892,0.0,0.0,6.28319,0.0,5.18362787842,296.999,2023-05-08 07:00:06,True,1.28832463243,103.763899951,0.205778,0.0
ATI BHUM,HSB6462 ,9842750,TH,,CS,2761,567068500,1.28909335929,103.762993892,0.0,0.0,6.28319,0.0,5.18362787842,296.999,2023-05-08 07:00:16,True,1.28832463243,103.763899951,0.205778,0.0
ATI BHUM,HSB6462 ,9842750,TH,,CS,2761,567068500,1.28909335929,103.762993892,0.0,0.0,6.28319,0.0,5.18362787842,296.999,2023-05-08 07:00:26,True,1.28836260171,103.763890754,0.205778,0.0
ATI BHUM,HSB6462 ,9842750,TH,,CS,2761,567068500,1.28909335929,103.762993892,0.0,0.0,6.28319,0.0,5.18362787842,296.999,2023-05-08 07:00:36,True,1.2883752574,103.763887691,0.205778,0.0
ATI BHUM,HSB6462 ,9842750,TH,,CS,2761,567068500,1.28909335929,103.762993892,0.0,0.0,6.28319,0.0,5.18362787842,296.999,2023-05-08 07:00:46,True,1.28831377524,103.763874785,0.154333,0.0
ATI BHUM,HSB6462 ,9842750,TH,,CS,2761,567068500,1.28909335929,103.762993892,0.0,0.0,6.28319,0.0,5.18362787842,296.999,2023-05-08 07:00:56,True,1.28831877584,103.76386487,0.154333,0.0
ATI BHUM,HSB6462 ,9842750,TH,,CS,2761,567068500,1.28909335929,103.762993892,0.0,0.0,6.28319,0.0,5.18362787842,296.999,2023-05-08 07:01:06,True,1.2883103944,103.763859649,0.154333,0.0
ATI BHUM,HSB6462 ,9842750,TH,,CS,2761,567068500,1.28909335929,103.762993892,0.0,0.0,6.28319,0.0,5.18362787842,296.999,2023-05-08 07:01:16,True,1.28831370126,103.763841924,0.154333,0.0
ATI BHUM,HSB6462 ,9842750,TH,,CS,2761,567068500,1.28909335929,103.762993892,0.0,0.0,6.28319,0.0,5.18362787842,296.999,2023-05-08 07:01:26,True,1.28836676943,103.763866193,0.205778,0.0
ATI BHUM,HSB6462 ,9842750,TH,,CS,2761,567068500,1.28909335929,103.762993892,0.0,0.0,6.28319,0.0,5.18362787842,296.999,2023-05-08 07:01:36,True,1.28837498079,103.763869378,0.205778,0.0
ATI BHUM,HSB6462 ,9842750,TH,,CS,2761,567068500,1.28909335929,103.762993892,0.0,0.0,6.28319,0.0,5.18362787842,296.999,2023-05-08 07:01:46,True,1.28838006394,103.763884611,0.205778,0.0
ATI BHUM,HSB6462 ,9842750,TH,,CS,2761,567068500,1.28909335929,103.762993892,0.0,0.0,6.28319,0.0,5.18362787842,296.999,2023-05-08 07:01:56,True,1.28838166298,103.763899396,0.102889,0.0
ATI BHUM,HSB6462 ,9842750,TH,,CS,2761,567068500,1.28909335929,103.762993892,0.0,0.0,6.28319,0.0,5.18362787842,296.999,2023-05-08 07:02:06,True,1.28838166298,103.763899396,0.102889,0.0
ATI BHUM,HSB6462 ,9842750,TH,,CS,2761,567068500,1.28909335929,103.762993892,0.0,0.0,6.28319,0.0,5.18362787842,296.999,2023-05-08 07:02:16,True,1.28837880407,103.763909637,0.0514444,0.0
ATI BHUM,HSB6462 ,9842750,TH,,CS,2761,567068500,1.28909335929,103.762993892,0.0,0.0,6.28319,0.0,5.18362787842,296.999,2023-05-08 07:02:26,True,1.28838152839,103.763902283,0.0514444,0.0
ATI BHUM,HSB6462 ,9842750,TH,,CS,2761,567068500,1.28909335929,103.762993892,0.0,0.0,6.28319,0.0,5.18362787842,296.999,2023-05-08 07:02:36,True,1.28838384022,103.763906179,0.0514444,0.0
ATI BHUM,HSB6462 ,9842750,TH,,CS,2761,567068500,1.28909335929,103.762993892,0.0,0.0,6.28319,0.0,5.18362787842,296.999,2023-05-08 07:02:46,True,1.28837997416,103.763906557,0.0514444,0.0
ATI BHUM,HSB6462 ,9842750,TH,,CS,2761,567068500,1.28909335929,103.762993892,0.0,0.0,6.28319,0.0,5.18362787842,296.999,2023-05-08 07:02:56,True,1.28836948242,103.763915262,0.0514444,0.0
ATI BHUM,HSB6462 ,9842750,TH,,CS,2761,567068500,1.28909335929,103.762993892,0.0,0.0,6.28319,0.0,5.18362787842,296.999,2023-05-08 07:03:06,True,1.28837060857,103.763918298,0.0514444,0.0
ATI BHUM,HSB6462 ,9842750,TH,,CS,2761,567068500,1.28909835848,103.763007229,0.0,0.0,6.28319,0.0,5.18362787842,296.999,2023-05-08 07:03:16,True,1.28836940086,103.763918938,0.0514444,0.0
ATI BHUM,HSB6462 ,9842750,TH,,CS,2761,567068500,1.28909835848,103.763007229,0.0,0.0,6.28319,0.0,5.18362787842,296.999,2023-05-08 07:03:26,True,1.28836835872,103.763918894,0.0,0.0
ATI BHUM,HSB6462 ,9842750,TH,,CS,2761,567068500,1.28909835848,103.763007229,0.0,0.0,6.28319,0.0,5.18362787842,296.999,2023-05-08 07:03:36,True,1.28837347701,103.763928845,0.0514444,0.0
ATI BHUM,HSB6462 ,9842750,TH,,CS,2761,567068500,1.28909835848,103.763007229,0.0,0.0,6.28319,0.0,5.18362787842,296.999,2023-05-08 07:03:46,True,1.28836962846,103.763924563,0.0514444,0.0
ATI BHUM,HSB6462 ,9842750,TH,,CS,2761,567068500,1.28909835848,103.763007229,0.0,0.0,6.28319,0.0,5.18362787842,296.999,2023-05-08 07:03:56,True,1.28836277921,103.763916025,0.0514444,0.0
ATI BHUM,HSB6462 ,9842750,TH,,CS,2761,567068500,1.28909835848,103.763007229,0.0,0.0,6.28319,0.0,5.18362787842,296.999,2023-05-08 07:04:06,True,1.2883688617,103.763906496,0.0514444,0.0
ATI BHUM,HSB6462 ,9842750,TH,,CS,2761,567068500,1.28909835848,103.763007229,0.0,0.0,6.28319,0.0,5.18362787842,296.999,2023-05-08 07:04:16,True,1.28836957005,103.763894887,0.0514444,0.0
ATI BHUM,HSB6462 ,9842750,TH,,CS,2761,567068500,1.28909835848,103.763007229,0.0,0.0,6.28319,0.0,5.18362787842,296.999,2023-05-08 07:04:26,True,1.28837287525,103.763893184,0.0514444,0.0
ATI BHUM,HSB6462 ,9842750,TH,,CS,2761,567068500,1.28909835848,103.763007229,0.0,0.0,6.28319,0.0,5.18362787842,296.999,2023-05-08 07:04:36,True,1.28837798642,103.763888419,0.0514444,0.0
ATI BHUM,HSB6462 ,9842750,TH,,CS,2761,567068500,1.28909835848,103.763007229,0.0,0.0,6.28319,0.0,5.18362787842,296.999,2023-05-08 07:04:46,True,1.28838455691,103.763880232,0.102889,0.0
ATI BHUM,HSB6462 ,9842750,TH,,CS,2761,567068500,1.28909835848,103.763007229,0.0,0.0,6.28319,0.0,5.18362787842,296.999,2023-05-08 07:04:56,True,1.2883939337,103.76387308,0.102889,0.0
ATI BHUM,HSB6462 ,9842750,TH,,CS,2761,567068500,1.28909835848,103.763007229,0.0,0.0,6.28319,0.0,5.18362787842,296.999,2023-05-08 07:05:06,True,1.28838665408,103.763870045,0.102889,0.0
ATI BHUM,HSB6462 ,9842750,TH,,CS,2761,567068500,1.28909835848,103.763007229,0.0,0.0,6.28319,0.0,5.18362787842,296.999,2023-05-08 07:05:16,True,1.28838176073,103.763852346,0.154333,0.0
ATI BHUM,HSB6462 ,9842750,TH,,CS,2761,567068500,1.28909835848,103.763007229,0.0,0.0,6.28319,0.0,5.18362787842,296.999,2023-05-08 07:05:26,True,1.28840820712,103.763850274,0.154333,0.0
ATI BHUM,HSB6462 ,9842750,TH,,CS,2761,567068500,1.28909835848,103.763007229,0.0,0.0,6.28319,0.0,5.18362787842,296.999,2023-05-08 07:05:36,True,1.28840784955,103.763853495,0.154333,0.0
ATI BHUM,HSB6462 ,9842750,TH,,CS,2761,567068500,1.28909835848,103.763007229,0.0,0.0,6.28319,0.0,5.18362787842,296.999,2023-05-08 07:05:46,True,1.28840930005,103.763850379,0.0514444,0.0
ATI BHUM,HSB6462 ,9842750,TH,,CS,2761,567068500,1.28909835848,103.763007229,0.0,0.0,6.28319,0.0,5.18362787842,296.999,2023-05-08 07:05:56,True,1.28840575442,103.763858856,0.102889,0.0
ATI BHUM,HSB6462 ,9842750,TH,,CS,2761,567068500,1.28909835848,103.763007229,0.0,0.0,6.28319,0.0,5.18362787842,296.999,2023-05-08 07:06:06,True,1.28839918567,103.763853433,0.102889,0.0
ATI BHUM,HSB6462 ,9842750,TH,,CS,2761,567068500,1.28909835848,103.763007229,0.0,0.0,6.28319,0.0,5.1661745859,295.999,2023-05-08 07:06:16,True,1.2883902082,103.76385138,0.0514444,0.0
ATI BHUM,HSB6462 ,9842750,TH,,CS,2761,567068500,1.28909835848,103.763007229,0.0,0.0,6.28319,0.0,5.1661745859,295.999,2023-05-08 07:06:26,True,1.28837471795,103.76386643,0.0514444,0.0
ATI BHUM,HSB6462 ,9842750,TH,,CS,2761,567068500,1.28912169284,103.762973893,0.0,0.0,6.28319,0.0,5.1661745859,295.999,2023-05-08 07:06:36,True,1.28835963798,103.763869923,0.0514444,0.0
ATI BHUM,HSB6462 ,9842750,TH,,CS,2761,567068500,1.28912169284,103.762973893,0.0,0.0,6.28319,0.0,5.1661745859,295.999,2023-05-08 07:06:46,True,1.2883507624,103.763877469,0.102889,0.0
ATI BHUM,HSB6462 ,9842750,TH,,CS,2761,567068500,1.28912169284,103.762973893,0.0,0.0,6.28319,0.0,5.1661745859,295.999,2023-05-08 07:06:56,True,1.28834312309,103.76388019,0.0514444,0.0
ATI BHUM,HSB6462 ,9842750,TH,,CS,2761,567068500,1.28912169284,103.762973893,0.0,0.0,6.28319,0.0,5.1661745859,295.999,2023-05-08 07:07:06,True,1.288340626,103.763882261,0.0514444,0.0
ATI BHUM,HSB6462 ,9842750,TH,,CS,2761,567068500,1.28912169284,103.762973893,0.0,0.0,6.28319,0.0,5.1661745859,295.999,2023-05-08 07:07:16,True,1.2883342259,103.763901618,0.0514444,0.0
ATI BHUM,HSB6462 ,9842750,TH,,CS,2761,567068500,1.28912169284,103.762973893,0.0,0.0,6.28319,0.0,5.1661745859,295.999,2023-05-08 07:07:26,True,1.28833654844,103.763895958,0.0514444,0.0
ATI BHUM,HSB6462 ,9842750,TH,,CS,2761,567068500,1.28912169284,103.762973893,0.0,0.0,6.28319,0.0,5.1661745859,295.999,2023-05-08 07:07:36,True,1.28833718673,103.763901943,0.0514444,0.0
ATI BHUM,HSB6462 ,9842750,TH,,CS,2761,567068500,1.28912169284,103.762973893,0.0,0.0,6.28319,0.0,5.1661745859,295.999,2023-05-08 07:07:46,True,1.28833322133,103.763902627,0.0514444,0.0
ATI BHUM,HSB6462 ,9842750,TH,,CS,2761,567068500,1.28912169284,103.762973893,0.0,0.0,6.28319,0.0,5.1661745859,295.999,2023-05-08 07:07:56,True,1.28833101349,103.763905005,0.0514444,0.0
ATI BHUM,HSB6462 ,9842750,TH,,CS,2761,567068500,1.28912169284,103.762973893,0.0,0.0,6.28319,0.0,5.1661745859,295.999,2023-05-08 07:08:06,True,1.28833939463,103.763901232,0.0514444,0.0
ATI BHUM,HSB6462 ,9842750,TH,,CS,2761,567068500,1.28912169284,103.762973893,0.0,0.0,6.28319,0.0,5.1661745859,295.999,2023-05-08 07:08:16,True,1.28833718679,103.76390361,0.0514444,0.0
ATI BHUM,HSB6462 ,9842750,TH,,CS,2761,567068500,1.28912169284,103.762973893,0.0,0.0,6.28319,0.0,5.1661745859,295.999,2023-05-08 07:08:26,True,1.28834416862,103.763914947,0.0514444,0.0
ATI BHUM,HSB6462 ,9842750,TH,,CS,2761,567068500,1.28912169284,103.762973893,0.0,0.0,6.28319,0.0,5.1661745859,295.999,2023-05-08 07:08:36,True,1.28834259046,103.763929969,0.0514444,0.0
ATI BHUM,HSB6462 ,9842750,TH,,CS,2761,567068500,1.28912169284,103.762973893,0.0,0.0,6.28319,0.0,5.1661745859,295.999,2023-05-08 07:08:46,True,1.28834598244,103.763947835,0.102889,0.0
ATI BHUM,HSB6462 ,9842750,TH,,CS,2761,567068500,1.28912169284,103.762973893,0.0,0.0,6.28319,0.0,5.1661745859,295.999,2023-05-08 07:08:56,True,1.28835257347,103.763959575,0.102889,0.0
ATI BHUM,HSB6462 ,9842750,TH,,CS,2761,567068500,1.28912169284,103.762973893,0.0,0.0,6.28319,0.0,5.1661745859,295.999,2023-05-08 07:09:06,True,1.28835257347,103.763959575,0.102889,0.0
ATI BHUM,HSB6462 ,9842750,TH,,CS,2761,567068500,1.28909835848,103.763007229,0.0,0.0,6.28319,0.0,5.18362787842,296.999,2023-05-08 07:09:16,True,1.28827852278,103.7639809,0.257222,0.0
ATI BHUM,HSB6462 ,9842750,TH,,CS,2761,567068500,1.28909835848,103.763007229,0.0,0.0,6.28319,0.0,5.18362787842,296.999,2023-05-08 07:09:26,True,1.28826439458,103.763988938,0.257222,0.0
ATI BHUM,HSB6462 ,9842750,TH,,CS,2761,567068500,1.28909835848,103.763007229,0.0,0.0,6.28319,0.0,5.18362787842,296.999,2023-05-08 07:09:36,True,1.28847309926,103.763437558,2.05778,0.0
ATI BHUM,HSB6462 ,9842750,TH,,CS,2761,567068500,1.28909835848,103.763007229,0.0,0.0,6.28319,0.0,5.18362787842,296.999,2023-05-08 07:09:46,True,1.28847222007,103.763038287,3.18956,0.0
ATI BHUM,HSB6462 ,9842750,TH,,CS,2761,567068500,1.28909835848,103.763007229,0.0,0.0,6.28319,0.0,5.18362787842,296.999,2023-05-08 07:09:56,True,1.28854318099,103.762734843,3.75544,0.0
ATI BHUM,HSB6462 ,9842750,TH,,CS,2761,567068500,1.28909835848,103.763007229,0.0,0.0,6.28319,0.0,5.18362787842,296.999,2023-05-08 07:10:06,True,1.2887321531,103.762244114,3.96122,0.0
ATI BHUM,HSB6462 ,9842750,TH,,CS,2761,567068500,1.28909835848,103.763007229,0.0,0.0,6.28319,0.0,5.18362787842,296.999,2023-05-08 07:10:16,True,1.28886557678,103.762027451,4.11556,0.0
ATI BHUM,HSB6462 ,9842750,TH,,CS,2761,567068500,1.28909835848,103.763007229,0.0,0.0,6.28319,0.0,5.18362787842,296.999,2023-05-08 07:10:26,True,1.28908461551,103.761517232,4.11556,0.0
ATI BHUM,HSB6462 ,9842750,TH,,CS,2761,567068500,1.28909835848,103.763007229,0.0,0.0,6.28319,0.0,5.18362787842,296.999,2023-05-08 07:10:36,True,1.2893437155,103.761283638,4.167,0.0
ATI BHUM,HSB6462 ,9842750,TH,,CS,2761,567068500,1.28909835848,103.763007229,0.0,0.0,6.28319,0.0,5.18362787842,296.999,2023-05-08 07:10:46,True,1.28950807759,103.761162066,4.21844,0.0
ATI BHUM,HSB6462 ,9842750,TH,,CS,2761,567068500,1.28909835848,103.763007229,0.0,0.0,6.28319,0.0,5.18362787842,296.999,2023-05-08 07:10:56,True,1.2899252062,103.760775855,4.21844,0.0
ATI BHUM,HSB6462 ,9842750,TH,,CS,2761,567068500,1.28909835848,103.763007229,0.0,0.0,6.28319,0.0,5.18362787842,296.999,2023-05-08 07:11:06,True,1.29011304932,103.76058726,4.21844,0.0
ATI BHUM,HSB6462 ,9842750,TH,,CS,2761,567068500,1.28909835848,103.763007229,0.0,0.0,6.28319,0.0,5.18362787842,296.999,2023-05-08 07:11:16,True,1.290541913,103.760327634,4.01267,0.0
ATI BHUM,HSB6462 ,9842750,TH,,CS,2761,567068500,1.28909835848,103.763007229,0.0,0.0,6.28319,0.0,5.18362787842,296.999,2023-05-08 07:11:26,True,1.29073932626,103.760168803,4.01267,0.0
ATI BHUM,HSB6462 ,9842750,TH,,CS,2761,567068500,1.28909835848,103.763007229,0.0,0.0,6.28319,0.0,5.18362787842,296.999,2023-05-08 07:11:36,True,1.2909367395,103.760009963,4.01267,0.0
ATI BHUM,HSB6462 ,9842750,TH,,CS,2761,567068500,1.28909835848,103.763007229,0.0,0.0,6.28319,0.0,5.18362787842,296.999,2023-05-08 07:11:46,True,1.29091066356,103.760184416,1.852,0.0
ATI BHUM,HSB6462 ,9842750,TH,,CS,2761,567068500,1.28909835848,103.763007229,0.0,0.0,6.28319,0.0,5.18362787842,296.999,2023-05-08 07:11:56,True,1.29100101296,103.760097911,1.18322,0.0
ATI BHUM,HSB6462 ,9842750,TH,,CS,2761,567068500,1.28909835848,103.763007229,0.0,0.0,6.28319,0.0,5.18362787842,296.999,2023-05-08 07:12:06,True,1.29098981046,103.760111582,0.617333,0.0
ATI BHUM,HSB6462 ,9842750,TH,,CS,2761,567068500,1.28909835848,103.763007229,0.0,0.0,6.28319,0.0,5.1661745859,295.999,2023-05-08 07:12:16,True,1.2909976633,103.760153131,0.154333,0.0
ATI BHUM,HSB6462 ,9842750,TH,,CS,2761,567068500,1.28909835848,103.763007229,0.0,0.0,6.28319,0.0,5.1661745859,295.999,2023-05-08 07:12:26,True,1.29100689472,103.760156307,0.154333,0.0
ATI BHUM,HSB6462 ,9842750,TH,,CS,2761,567068500,1.28909835848,103.763007229,0.0,0.0,6.28319,0.0,5.1661745859,295.999,2023-05-08 07:12:36,True,1.29100725007,103.76015277,0.154333,0.0
ATI BHUM,HSB6462 ,9842750,TH,,CS,2761,567068500,1.28909835848,103.763007229,0.0,0.0,6.28319,0.0,5.1661745859,295.999,2023-05-08 07:12:46,True,1.29100643552,103.760157474,0.0514444,0.0
ATI BHUM,HSB6462 ,9842750,TH,,CS,2761,567068500,1.28909835848,103.763007229,0.0,0.0,6.28319,0.0,5.1661745859,295.999,2023-05-08 07:12:56,True,1.29100579744,103.760157737,0.0514444,0.0
ATI BHUM,HSB6462 ,9842750,TH,,CS,2761,567068500,1.28909835848,103.763007229,0.0,0.0,6.28319,0.0,5.1661745859,295.999,2023-05-08 07:13:06,True,1.29100120453,103.760145461,0.0514444,0.0
ATI BHUM,HSB6462 ,9842750,TH,,CS,2761,567068500,1.28909835848,103.763007229,0.0,0.0,6.28319,0.0,5.1661745859,295.999,2023-05-08 07:13:16,True,1.29100408345,103.760139494,0.0514444,0.0
ATI BHUM,HSB6462 ,9842750,TH,,CS,2761,567068500,1.28909835848,103.763007229,0.0,0.0,6.28319,0.0,5.1661745859,295.999,2023-05-08 07:13:26,True,1.29100533986,103.760142601,0.0514444,0.0
ATI BHUM,HSB6462 ,9842750,TH,,CS,2761,567068500,1.28909835848,103.763007229,0.0,0.0,6.28319,0.0,5.1661745859,295.999,2023-05-08 07:13:36,True,1.29100362667,103.760146839,0.0514444,0.0
ATI BHUM,HSB6462 ,9842750,TH,,CS,2761,567068500,1.28909835848,103.763007229,0.0,0.0,6.28319,0.0,5.1661745859,295.999,2023-05-08 07:13:46,True,1.29101286252,103.76015048,0.0514444,0.0
ATI BHUM,HSB6462 ,9842750,TH,,CS,2761,567068500,1.28909835848,103.763007229,0.0,0.0,6.28319,0.0,5.1661745859,295.999,2023-05-08 07:13:56,True,1.29101664687,103.760149795,0.0514444,0.0
ATI BHUM,HSB6462 ,9842750,TH,,CS,2761,567068500,1.28909835848,103.763007229,0.0,0.0,6.28319,0.0,5.1661745859,295.999,2023-05-08 07:14:06,True,1.29101615027,103.760154718,0.0514444,0.0
ATI BHUM,HSB6462 ,9842750,TH,,CS,2761,567068500,1.28909835848,103.763007229,0.0,0.0,6.28319,0.0,5.1661745859,295.999,2023-05-08 07:14:16,True,1.29100502686,103.760157228,0.0,0.0
ATI BHUM,HSB6462 ,9842750,TH,,CS,2761,567068500,1.28909835848,103.763007229,0.0,0.0,6.28319,0.0,5.1661745859,295.999,2023-05-08 07:14:26,True,1.29100412387,103.760158588,0.0514444,0.0
ATI BHUM,HSB6462 ,9842750,TH,,CS,2761,567068500,1.28909835848,103.763007229,0.0,0.0,6.28319,0.0,5.1661745859,295.999,2023-05-08 07:14:36,True,1.2910053404,103.760157605,0.0514444,0.0
ATI BHUM,HSB6462 ,9842750,TH,,CS,2761,567068500,1.28909835848,103.763007229,0.0,0.0,6.28319,0.0,5.1661745859,295.999,2023-05-08 07:14:46,True,1.2909983587,103.76015056,0.0,0.0
ATI BHUM,HSB6462 ,9842750,TH,,CS,2761,567068500,1.28909835848,103.763007229,0.0,0.0,6.28319,0.0,5.1661745859,295.999,2023-05-08 07:14:56,True,1.2909983587,103.76015056,0.0,0.0
ATI BHUM,HSB6462 ,9842750,TH,,CS,2761,567068500,1.28909835848,103.763007229,0.0,0.0,6.28319,0.0,5.1661745859,295.999,2023-05-08 07:15:06,True,1.2910033594,103.76014389,0.0,0.0
ATI BHUM,HSB6462 ,9842750,TH,,CS,2761,567068500,1.28910002546,103.763007229,0.0,0.0,6.28319,0.0,5.1661745859,295.999,2023-05-08 07:15:16,True,1.29099669334,103.760133896,0.0,0.0
ATI BHUM,HSB6462 ,9842750,TH,,CS,2761,567068500,1.28910002546,103.763007229,0.0,0.0,6.28319,0.0,5.1661745859,295.999,2023-05-08 07:15:26,True,1.291007457,103.760135256,0.0514444,0.0
ATI BHUM,HSB6462 ,9842750,TH,,CS,2761,567068500,1.28910002546,103.763007229,0.0,0.0,6.28319,0.0,5.1661745859,295.999,2023-05-08 07:15:36,True,1.29101335901,103.760142223,0.0,0.0
ATI BHUM,HSB6462 ,9842750,TH,,CS,2761,567068500,1.28910002546,103.763007229,0.0,0.0,6.28319,0.0,5.1661745859,295.999,2023-05-08 07:15:46,True,1.29101745702,103.76014525,0.0514444,0.0
ATI BHUM,HSB6462 ,9842750,TH,,CS,2761,567068500,1.28910002546,103.763007229,0.0,0.0,6.28319,0.0,5.1661745859,295.999,2023-05-08 07:15:56,True,1.29102002502,103.760150559,0.0,0.0
ATI BHUM,HSB6462 ,9842750,TH,,CS,2761,567068500,1.28910002546,103.763007229,0.0,0.0,6.28319,0.0,5.1661745859,295.999,2023-05-08 07:16:06,True,1.29102502607,103.760153893,0.0,0.0
ATI BHUM,HSB6462 ,9842750,TH,,CS,2761,567068500,1.28910002546,103.763007229,0.0,0.0,6.28319,0.0,5.1661745859,295.999,2023-05-08 07:16:16,True,1.29102502589,103.760148891,0.0,0.0
ATI BHUM,HSB6462 ,9842750,TH,,CS,2761,567068500,1.28910002546,103.763007229,0.0,0.0,6.28319,0.0,5.1661745859,295.999,2023-05-08 07:16:26,True,1.29102669275,103.760145557,0.0,0.0
ATI BHUM,HSB6462 ,9842750,TH,,CS,2761,567068500,1.28910002546,103.763007229,0.0,0.0,6.28319,0.0,5.1661745859,295.999,2023-05-08 07:16:36,True,1.29102502589,103.760148891,0.0,0.0
ATI BHUM,HSB6462 ,9842750,TH,,CS,2761,567068500,1.28910002546,103.763007229,0.0,0.0,6.28319,0.0,5.1661745859,295.999,2023-05-08 07:16:46,True,1.29102502589,103.760148891,0.0,0.0
ATI BHUM,HSB6462 ,9842750,TH,,CS,2761,567068500,1.28910002546,103.763007229,0.0,0.0,6.28319,0.0,5.1661745859,295.999,2023-05-08 07:16:56,True,1.29100335964,103.760150559,0.0,0.0
ATI BHUM,HSB6462 ,9842750,TH,,CS,2761,567068500,1.28910002546,103.763007229,0.0,0.0,6.28319,0.0,5.1661745859,295.999,2023-05-08 07:17:06,True,1.29099335986,103.760147225,0.0,0.0
ATI BHUM,HSB6462 ,9842750,TH,,CS,2761,567068500,1.28910002546,103.763007229,0.0,0.0,6.28319,0.0,5.1661745859,295.999,2023-05-08 07:17:16,True,1.29099250267,103.760132685,0.0514444,0.0
ATI BHUM,HSB6462 ,9842750,TH,,CS,2761,567068500,1.28910002546,103.763007229,0.0,0.0,6.28319,0.0,5.1661745859,295.999,2023-05-08 07:17:26,True,1.2909953399,103.760134274,0.0514444,0.0
ATI BHUM,HSB6462 ,9842750,TH,,CS,2761,567068500,1.28910002546,103.763007229,0.0,0.0,6.28319,0.0,5.1661745859,295.999,2023-05-08 07:17:36,True,1.29100169165,103.760122226,0.0,0.0
ATI BHUM,HSB6462 ,9842750,TH,,CS,2761,567068500,1.28910002546,103.763007229,0.0,0.0,6.28319,0.0,5.1661745859,295.999,2023-05-08 07:17:46,True,1.29100169165,103.760122226,0.0,0.0
ATI BHUM,HSB6462 ,9842750,TH,,CS,2761,567068500,1.28910002546,103.763007229,0.0,0.0,6.28319,0.0,5.1661745859,295.999,2023-05-08 07:17:56,True,1.29101335872,103.760133896,0.0,0.0
ATI BHUM,HSB6462 ,9842750,TH,,CS,2761,567068500,1.28910002546,103.763007229,0.0,0.0,6.28319,0.0,5.1661745859,295.999,2023-05-08 07:18:06,True,1.29101335877,103.760135563,0.0,0.0
ATI BHUM,HSB6462 ,9842750,TH,,CS,2761,567068500,1.28910169198,103.762993891,0.0,0.0,6.28319,0.0,5.1661745859,295.999,2023-05-08 07:18:16,True,1.29101335877,103.760135563,0.0,0.0
ATI BHUM,HSB6462 ,9842750,TH,,CS,2761,567068500,1.28910169198,103.762993891,0.0,0.0,6.28319,0.0,5.1661745859,295.999,2023-05-08 07:18:26,True,1.29100502597,103.760132229,0.0,0.0
ATI BHUM,HSB6462 ,9842750,TH,,CS,2761,567068500,1.28910169198,103.762993891,0.0,0.0,6.28319,0.0,5.1661745859,295.999,2023-05-08 07:18:36,True,1.29100502597,103.760132229,0.0,0.0
ATI BHUM,HSB6462 ,9842750,TH,,CS,2761,567068500,1.28910169198,103.762993891,0.0,0.0,6.28319,0.0,5.1661745859,295.999,2023-05-08 07:18:46,True,1.29101669161,103.760103894,0.0,0.0
ATI BHUM,HSB6462 ,9842750,TH,,CS,2761,567068500,1.28910169198,103.762993891,0.0,0.0,6.28319,0.0,5.1661745859,295.999,2023-05-08 07:18:56,True,1.29100669241,103.760117224,0.0,0.0
ATI BHUM,HSB6462 ,9842750,TH,,CS,2761,567068500,1.28910169198,103.762993891,0.0,0.0,6.28319,0.0,5.1661745859,295.999,2023-05-08 07:19:06,True,1.29101502504,103.760115556,0.0,0.0
ATI BHUM,HSB6462 ,9842750,TH,,CS,2761,567068500,1.28910169198,103.762993891,0.0,0.0,6.28319,0.0,5.1661745859,295.999,2023-05-08 07:19:16,True,1.29101835918,103.760120558,0.0,0.0
ATI BHUM,HSB6462 ,9842750,TH,,CS,2761,567068500,1.28910169198,103.762993891,0.0,0.0,6.28319,0.0,5.1661745859,295.999,2023-05-08 07:19:26,True,1.2910133586,103.760130561,0.0,0.0
ATI BHUM,HSB6462 ,9842750,TH,,CS,2761,567068500,1.28910169198,103.762993891,0.0,0.0,6.28319,0.0,5.1661745859,295.999,2023-05-08 07:19:36,True,1.29101335842,103.76012556,0.0,0.0
ATI BHUM,HSB6462 ,9842750,TH,,CS,2761,567068500,1.28910169198,103.762993891,0.0,0.0,6.28319,0.0,5.1661745859,295.999,2023-05-08 07:19:46,True,1.29100835939,103.760117224,0.0,0.0
ATI BHUM,HSB6462 ,9842750,TH,,CS,2761,567068500,1.28910169198,103.762993891,0.0,0.0,6.28319,0.0,5.1661745859,295.999,2023-05-08 07:19:56,True,1.29100835951,103.760120558,0.0,0.0
ATI BHUM,HSB6462 ,9842750,TH,,CS,2761,567068500,1.28910169198,103.762993891,0.0,0.0,6.28319,0.0,5.1661745859,295.999,2023-05-08 07:20:06,True,1.29100502567,103.760123893,0.0,0.0
ATI BHUM,HSB6462 ,9842750,TH,,CS,2761,567068500,1.28910169198,103.762993891,0.0,0.0,6.28319,0.0,5.1661745859,295.999,2023-05-08 07:20:16,True,1.29100502573,103.76012556,0.0,0.0
ATI BHUM,HSB6462 ,9842750,TH,,CS,2761,567068500,1.28910169198,103.762993891,0.0,0.0,6.28319,0.0,5.1661745859,295.999,2023-05-08 07:20:26,True,1.29100669283,103.760128894,0.0,0.0
ATI BHUM,HSB6462 ,9842750,TH,,CS,2761,567068500,1.28910169198,103.762993891,0.0,0.0,6.28319,0.0,5.1661745859,295.999,2023-05-08 07:20:36,True,1.29100502585,103.760128894,0.0,0.0
ATI BHUM,HSB6462 ,9842750,TH,,CS,2761,567068500,1.28910169198,103.762993891,0.0,0.0,6.28319,0.0,5.1661745859,295.999,2023-05-08 07:20:46,True,1.29100502585,103.760128894,0.0,0.0
ATI BHUM,HSB6462 ,9842750,TH,,CS,2761,567068500,1.28910169198,103.762993891,0.0,0.0,6.28319,0.0,5.1661745859,295.999,2023-05-08 07:20:56,True,1.29100502585,103.760128894,0.0,0.0
ATI BHUM,HSB6462 ,9842750,TH,,CS,2761,567068500,1.28910169198,103.762993891,0.0,0.0,6.28319,0.0,5.1661745859,295.999,2023-05-08 07:21:06,True,1.2910116918,103.760135563,0.0,0.0
ATI BHUM,HSB6462 ,9842750,TH,,CS,2761,567068500,1.28910002546,103.763007229,0.0,0.0,6.28319,0.0,5.18362787842,296.999,2023-05-08 07:21:16,True,1.29100669324,103.760140556,0.0,0.0
ATI BHUM,HSB6462 ,9842750,TH,,CS,2761,567068500,1.28910002546,103.763007229,0.0,0.0,6.28319,0.0,5.18362787842,296.999,2023-05-08 07:21:26,True,1.29101655612,103.760143276,0.0514444,0.0
ATI BHUM,HSB6462 ,9842750,TH,,CS,2761,567068500,1.28910002546,103.763007229,0.0,0.0,6.28319,0.0,5.18362787842,296.999,2023-05-08 07:21:36,True,1.2910136744,103.760132606,0.0514444,0.0
ATI BHUM,HSB6462 ,9842750,TH,,CS,2761,567068500,1.28910002546,103.763007229,0.0,0.0,6.28319,0.0,5.18362787842,296.999,2023-05-08 07:21:46,True,1.29100835963,103.760123893,0.0,0.0
ATI BHUM,HSB6462 ,9842750,TH,,CS,2761,567068500,1.28910002546,103.763007229,0.0,0.0,6.28319,0.0,5.18362787842,296.999,2023-05-08 07:21:56,True,1.29100835963,103.760123893,0.0,0.0
ATI BHUM,HSB6462 ,9842750,TH,,CS,2761,567068500,1.28910002546,103.763007229,0.0,0.0,6.28319,0.0,5.18362787842,296.999,2023-05-08 07:22:06,True,1.29101002667,103.76012556,0.0,0.0
ATI BHUM,HSB6462 ,9842750,TH,,CS,2761,567068500,1.28910002546,103.763007229,0.0,0.0,6.28319,0.0,5.18362787842,296.999,2023-05-08 07:22:16,True,1.29101169168,103.760132228,0.0,0.0
ATI BHUM,HSB6462 ,9842750,TH,,CS,2761,567068500,1.28910002546,103.763007229,0.0,0.0,6.28319,0.0,5.18362787842,296.999,2023-05-08 07:22:26,True,1.29100669313,103.76013723,0.0,0.0
ATI BHUM,HSB6462 ,9842750,TH,,CS,2761,567068500,1.28910002546,103.763007229,0.0,0.0,6.28319,0.0,5.18362787842,296.999,2023-05-08 07:22:36,True,1.29099669137,103.760140556,0.0,0.0
ATI BHUM,HSB6462 ,9842750,TH,,CS,2761,567068500,1.28910002546,103.763007229,0.0,0.0,6.28319,0.0,5.18362787842,296.999,2023-05-08 07:22:46,True,1.2909933595,103.760137222,0.0,0.0
ATI BHUM,HSB6462 ,9842750,TH,,CS,2761,567068500,1.28910002546,103.763007229,0.0,0.0,6.28319,0.0,5.18362787842,296.999,2023-05-08 07:22:56,True,1.29098835862,103.760138889,0.0,0.0
ATI BHUM,HSB6462 ,9842750,TH,,CS,2761,567068500,1.28910002546,103.763007229,0.0,0.0,6.28319,0.0,5.18362787842,296.999,2023-05-08 07:23:06,True,1.2909866917,103.760140557,0.0,0.0
ATI BHUM,HSB6462 ,9842750,TH,,CS,2761,567068500,1.28910002546,103.763007229,0.0,0.0,6.28319,0.0,5.18362787842,296.999,2023-05-08 07:23:16,True,1.29099286283,103.760140477,0.0514444,0.0
ATI BHUM,HSB6462 ,9842750,TH,,CS,2761,567068500,1.28910002546,103.763007229,0.0,0.0,6.28319,0.0,5.18362787842,296.999,2023-05-08 07:23:26,True,1.29100502626,103.760140556,0.0,0.0
ATI BHUM,HSB6462 ,9842750,TH,,CS,2761,567068500,1.28910002546,103.763007229,0.0,0.0,6.28319,0.0,5.18362787842,296.999,2023-05-08 07:23:36,True,1.29100502626,103.760140556,0.0,0.0
ATI BHUM,HSB6462 ,9842750,TH,,CS,2761,567068500,1.28910002546,103.763007229,0.0,0.0,6.28319,0.0,5.18362787842,296.999,2023-05-08 07:23:46,True,1.29103169142,103.760143889,0.0,0.0
ATI BHUM,HSB6462 ,9842750,TH,,CS,2761,567068500,1.28910002546,103.763007229,0.0,0.0,6.28319,0.0,5.18362787842,296.999,2023-05-08 07:23:56,True,1.29103169142,103.760143889,0.0,0.0
ATI BHUM,HSB6462 ,9842750,TH,,CS,2761,567068500,1.28910002546,103.763007229,0.0,0.0,6.28319,0.0,5.18362787842,296.999,2023-05-08 07:24:06,True,1.29101835989,103.760140556,0.0,0.0
ATI BHUM,HSB6462 ,9842750,TH,,CS,2761,567068500,1.28910002546,103.763007229,0.0,0.0,6.28319,0.0,5.18362787842,296.999,2023-05-08 07:24:16,True,1.29101835989,103.760140556,0.0,0.0
ATI BHUM,HSB6462 ,9842750,TH,,CS,2761,567068500,1.28910335942,103.763007229,0.0,0.0,6.28319,0.0,5.18362787842,296.999,2023-05-08 07:24:26,True,1.29100002551,103.760145558,0.0,0.0
ATI BHUM,HSB6462 ,9842750,TH,,CS,2761,567068500,1.28910335942,103.763007229,0.0,0.0,6.28319,0.0,5.18362787842,296.999,2023-05-08 07:24:36,True,1.29100493569,103.760139047,0.0514444,0.0
ATI BHUM,HSB6462 ,9842750,TH,,CS,2761,567068500,1.28910335942,103.763007229,0.0,0.0,6.28319,0.0,5.18362787842,296.999,2023-05-08 07:24:46,True,1.29100669307,103.760135563,0.0,0.0
ATI BHUM,HSB6462 ,9842750,TH,,CS,2761,567068500,1.28910335942,103.763007229,0.0,0.0,6.28319,0.0,5.18362787842,296.999,2023-05-08 07:24:56,True,1.29100669307,103.760135563,0.0,0.0
ATI BHUM,HSB6462 ,9842750,TH,,CS,2761,567068500,1.28910335942,103.763007229,0.0,0.0,6.28319,0.0,5.18362787842,296.999,2023-05-08 07:25:06,True,1.29100669336,103.76014389,0.0,0.0
ATI BHUM,HSB6462 ,9842750,TH,,CS,2761,567068500,1.28910335942,103.763007229,0.0,0.0,6.28319,0.0,5.18362787842,296.999,2023-05-08 07:25:16,True,1.29100835843,103.760152226,0.0,0.0
ATI BHUM,HSB6462 ,9842750,TH,,CS,2761,567068500,1.28910335942,103.763007229,0.0,0.0,6.28319,0.0,5.18362787842,296.999,2023-05-08 07:25:26,True,1.29100835825,103.760147225,0.0,0.0
ATI BHUM,HSB6462 ,9842750,TH,,CS,2761,567068500,1.28910335942,103.763007229,0.0,0.0,6.28319,0.0,5.18362787842,296.999,2023-05-08 07:25:36,True,1.29101660245,103.760142372,0.0514444,0.0
ATI BHUM,HSB6462 ,9842750,TH,,CS,2761,567068500,1.28910335942,103.763007229,0.0,0.0,6.28319,0.0,5.18362787842,296.999,2023-05-08 07:25:46,True,1.29101436831,103.760150068,0.0514444,0.0
ATI BHUM,HSB6462 ,9842750,TH,,CS,2761,567068500,1.28910335942,103.763007229,0.0,0.0,6.28319,0.0,5.18362787842,296.999,2023-05-08 07:25:56,True,1.29101191099,103.760152849,0.0514444,0.0
ATI BHUM,HSB6462 ,9842750,TH,,CS,2761,567068500,1.28910335942,103.763007229,0.0,0.0,6.28319,0.0,5.18362787842,296.999,2023-05-08 07:26:06,True,1.29102478987,103.760155218,0.0514444,0.0
ATI BHUM,HSB6462 ,9842750,TH,,CS,2761,567068500,1.28910335942,103.763007229,0.0,0.0,6.28319,0.0,5.18362787842,296.999,2023-05-08 07:26:16,True,1.29103211995,103.760149242,0.0514444,0.0
ATI BHUM,HSB6462 ,9842750,TH,,CS,2761,567068500,1.28910335942,103.763007229,0.0,0.0,6.28319,0.0,5.18362787842,296.999,2023-05-08 07:26:26,True,1.29102641262,103.760153112,0.0514444,0.0
ATI BHUM,HSB6462 ,9842750,TH,,CS,2761,567068500,1.28910335942,103.763007229,0.0,0.0,6.28319,0.0,5.18362787842,296.999,2023-05-08 07:26:36,True,1.29102324875,103.760155385,0.0514444,0.0
ATI BHUM,HSB6462 ,9842750,TH,,CS,2761,567068500,1.28910335942,103.763007229,0.0,0.0,6.28319,0.0,5.18362787842,296.999,2023-05-08 07:26:46,True,1.29101298679,103.760168047,0.0514444,0.0
ATI BHUM,HSB6462 ,9842750,TH,,CS,2761,567068500,1.28910335942,103.763007229,0.0,0.0,6.28319,0.0,5.18362787842,296.999,2023-05-08 07:26:56,True,1.29101156058,103.76017096,0.0514444,0.0
ATI BHUM,HSB6462 ,9842750,TH,,CS,2761,567068500,1.28910335942,103.763007229,0.0,0.0,6.28319,0.0,5.18362787842,296.999,2023-05-08 07:27:06,True,1.29100274172,103.760158974,0.0514444,0.0
ATI BHUM,HSB6462 ,9842750,TH,,CS,2761,567068500,1.28910335942,103.763007229,0.0,0.0,6.28319,0.0,5.18362787842,296.999,2023-05-08 07:27:16,True,1.29099849622,103.760168258,0.0514444,0.0
ATI BHUM,HSB6462 ,9842750,TH,,CS,2761,567068500,1.28910335942,103.763007229,0.0,0.0,6.28319,0.0,5.18362787842,296.999,2023-05-08 07:27:26,True,1.29100380176,103.760165722,0.0514444,0.0
ATI BHUM,HSB6462 ,9842750,TH,,CS,2761,567068500,1.28910335942,103.763007229,0.0,0.0,6.28319,0.0,5.18362787842,296.999,2023-05-08 07:27:36,True,1.29101485461,103.760165801,0.0514444,0.0
ATI BHUM,HSB6462 ,9842750,TH,,CS,2761,567068500,1.28910335942,103.763007229,0.0,0.0,6.28319,0.0,5.18362787842,296.999,2023-05-08 07:27:46,True,1.29101683047,103.760159272,0.0514444,0.0
ATI BHUM,HSB6462 ,9842750,TH,,CS,2761,567068500,1.28910335942,103.763007229,0.0,0.0,6.28319,0.0,5.18362787842,296.999,2023-05-08 07:27:56,True,1.29101692529,103.760156043,0.0514444,0.0
ATI BHUM,HSB6462 ,9842750,TH,,CS,2761,567068500,1.28910335942,103.763007229,0.0,0.0,6.28319,0.0,5.18362787842,296.999,2023-05-08 07:28:06,True,1.29101702233,103.760152805,0.0514444,0.0
ATI BHUM,HSB6462 ,9842750,TH,,CS,2761,567068500,1.28910335942,103.763007229,0.0,0.0,6.28319,0.0,5.18362787842,296.999,2023-05-08 07:28:16,True,1.2910253484,103.760153051,0.0514444,0.0
ATI BHUM,HSB6462 ,9842750,TH,,CS,2761,567068500,1.28910335942,103.763007229,0.0,0.0,6.28319,0.0,5.18362787842,296.999,2023-05-08 07:28:26,True,1.29102564633,103.760149304,0.0514444,0.0
ATI BHUM,HSB6462 ,9842750,TH,,CS,2761,567068500,1.28910335942,103.763007229,0.0,0.0,6.28319,0.0,5.18362787842,296.999,2023-05-08 07:28:36,True,1.29102213797,103.760149813,0.0514444,0.0
ATI BHUM,HSB6462 ,9842750,TH,,CS,2761,567068500,1.28910335942,103.763007229,0.0,0.0,6.28319,0.0,5.18362787842,296.999,2023-05-08 07:28:46,True,1.29102686985,103.760158526,0.0514444,0.0
ATI BHUM,HSB6462 ,9842750,TH,,CS,2761,567068500,1.28910335942,103.763007229,0.0,0.0,6.28319,0.0,5.18362787842,296.999,2023-05-08 07:28:56,True,1.29101758332,103.760157877,0.0514444,0.0
ATI BHUM,HSB6462 ,9842750,TH,,CS,2761,567068500,1.28910335942,103.763007229,0.0,0.0,6.28319,0.0,5.18362787842,296.999,2023-05-08 07:29:06,True,1.29101758332,103.760157877,0.0514444,0.0
ATI BHUM,HSB6462 ,9842750,TH,,CS,2761,567068500,1.28910335942,103.763007229,0.0,0.0,6.28319,0.0,5.18362787842,296.999,2023-05-08 07:29:16,True,1.29101322904,103.760150541,0.0514444,0.0
ATI BHUM,HSB6462 ,9842750,TH,,CS,2761,567068500,1.28910335942,103.763007229,0.0,0.0,6.28319,0.0,5.18362787842,296.999,2023-05-08 07:29:26,True,1.29101322904,103.760150541,0.0514444,0.0
ATI BHUM,HSB6462 ,9842750,TH,,CS,2761,567068500,1.28910335942,103.763007229,0.0,0.0,6.28319,0.0,5.18362787842,296.999,2023-05-08 07:29:36,True,1.29101162568,103.76013888,0.0514444,0.0
ATI BHUM,HSB6462 ,9842750,TH,,CS,2761,567068500,1.28910335942,103.763007229,0.0,0.0,6.28319,0.0,5.18362787842,296.999,2023-05-08 07:29:46,True,1.29101656258,103.760138871,0.0514444,0.0
ATI BHUM,HSB6462 ,9842750,TH,,CS,2761,567068500,1.28910335942,103.763007229,0.0,0.0,6.28319,0.0,5.18362787842,296.999,2023-05-08 07:29:56,True,1.29101758702,103.76013787,0.0514444,0.0
ATI BHUM,HSB6462 ,9842750,TH,,CS,2761,567068500,1.28910335942,103.763007229,0.0,0.0,6.28319,0.0,5.18362787842,296.999,2023-05-08 07:30:06,True,1.29101983018,103.760135528,0.0514444,0.0
ATI BHUM,HSB6462 ,9842750,TH,,CS,2761,567068500,1.28910002546,103.763007229,0.0,0.0,6.28319,0.0,5.1661745859,295.999,2023-05-08 07:30:16,True,1.29100502626,103.760140556,0.0,0.0
ATI BHUM,HSB6462 ,9842750,TH,,CS,2761,567068500,1.28910002546,103.763007229,0.0,0.0,6.28319,0.0,5.1661745859,295.999,2023-05-08 07:30:26,True,1.2910089342,103.760138213,0.0,0.0
ATI BHUM,HSB6462 ,9842750,TH,,CS,2761,567068500,1.28910002546,103.763007229,0.0,0.0,6.28319,0.0,5.1661745859,295.999,2023-05-08 07:30:36,True,1.29101162603,103.760148883,0.0,0.0
ATI BHUM,HSB6462 ,9842750,TH,,CS,2761,567068500,1.28910002546,103.763007229,0.0,0.0,6.28319,0.0,5.1661745859,295.999,2023-05-08 07:30:46,True,1.29100688335,103.760146874,0.0514444,0.0
ATI BHUM,HSB6462 ,9842750,TH,,CS,2761,567068500,1.28910002546,103.763007229,0.0,0.0,6.28319,0.0,5.1661745859,295.999,2023-05-08 07:30:56,True,1.29100290703,103.760150875,0.0514444,0.0
ATI BHUM,HSB6462 ,9842750,TH,,CS,2761,567068500,1.28910002546,103.763007229,0.0,0.0,6.28319,0.0,5.1661745859,295.999,2023-05-08 07:31:06,True,1.29099560099,103.760149884,0.0514444,0.0
ATI BHUM,HSB6462 ,9842750,TH,,CS,2761,567068500,1.28910002546,103.763007229,0.0,0.0,6.28319,0.0,5.1661745859,295.999,2023-05-08 07:31:16,True,1.2909883591,103.760152227,0.0,0.0
ATI BHUM,HSB6462 ,9842750,TH,,CS,2761,567068500,1.28910002546,103.763007229,0.0,0.0,6.28319,0.0,5.1661745859,295.999,2023-05-08 07:31:26,True,1.29098893326,103.760155149,0.0514444,0.0
ATI BHUM,HSB6462 ,9842750,TH,,CS,2761,567068500,1.28910002546,103.763007229,0.0,0.0,6.28319,0.0,5.1661745859,295.999,2023-05-08 07:31:36,True,1.29099508239,103.760157132,0.0514444,0.0
ATI BHUM,HSB6462 ,9842750,TH,,CS,2761,567068500,1.28910002546,103.763007229,0.0,0.0,6.28319,0.0,5.1661745859,295.999,2023-05-08 07:31:46,True,1.29100005687,103.760158237,0.0514444,0.0
ATI BHUM,HSB6462 ,9842750,TH,,CS,2761,567068500,1.28910002546,103.763007229,0.0,0.0,6.28319,0.0,5.1661745859,295.999,2023-05-08 07:31:56,True,1.29100336871,103.760157307,0.0514444,0.0
ATI BHUM,HSB6462 ,9842750,TH,,CS,2761,567068500,1.28910002546,103.763007229,0.0,0.0,6.28319,0.0,5.1661745859,295.999,2023-05-08 07:32:06,True,1.29100669139,103.760150559,0.0,0.0
ATI BHUM,HSB6462 ,9842750,TH,,CS,2761,567068500,1.28910002546,103.763007229,0.0,0.0,6.28319,0.0,5.1661745859,295.999,2023-05-08 07:32:16,True,1.29101031655,103.760143539,0.0514444,0.0
ATI BHUM,HSB6462 ,9842750,TH,,CS,2761,567068500,1.28910002546,103.763007229,0.0,0.0,6.28319,0.0,5.1661745859,295.999,2023-05-08 07:32:26,True,1.29101019068,103.76014325,0.0514444,0.0
ATI BHUM,HSB6462 ,9842750,TH,,CS,2761,567068500,1.28910002546,103.763007229,0.0,0.0,6.28319,0.0,5.1661745859,295.999,2023-05-08 07:32:36,True,1.29101705924,103.760135484,0.0514444,0.0
ATI BHUM,HSB6462 ,9842750,TH,,CS,2761,567068500,1.28910002546,103.763007229,0.0,0.0,6.28319,0.0,5.1661745859,295.999,2023-05-08 07:32:46,True,1.291020327,103.760136405,0.0514444,0.0
ATI BHUM,HSB6462 ,9842750,TH,,CS,2761,567068500,1.28910002546,103.763007229,0.0,0.0,6.28319,0.0,5.1661745859,295.999,2023-05-08 07:32:56,True,1.291021692,103.760150559,0.0,0.0
ATI BHUM,HSB6462 ,9842750,TH,,CS,2761,567068500,1.28910002546,103.763007229,0.0,0.0,6.28319,0.0,5.1661745859,295.999,2023-05-08 07:33:06,True,1.29101169257,103.760157228,0.0,0.0
ATI BHUM,HSB6462 ,9842750,TH,,CS,2761,567068500,1.28908669252,103.763027227,0.0,0.0,6.28319,0.0,5.1661745859,295.999,2023-05-08 07:33:16,True,1.29100699194,103.760158079,0.0514444,0.0
ATI BHUM,HSB6462 ,9842750,TH,,CS,2761,567068500,1.28908669252,103.763027227,0.0,0.0,6.28319,0.0,5.1661745859,295.999,2023-05-08 07:33:26,True,1.29100185859,103.760159922,0.0514444,0.0
ATI BHUM,HSB6462 ,9842750,TH,,CS,2761,567068500,1.28908669252,103.763027227,0.0,0.0,6.28319,0.0,5.1661745859,295.999,2023-05-08 07:33:36,True,1.29100235733,103.760153008,0.0514444,0.0
ATI BHUM,HSB6462 ,9842750,TH,,CS,2761,567068500,1.28908669252,103.763027227,0.0,0.0,6.28319,0.0,5.1661745859,295.999,2023-05-08 07:33:46,True,1.29101335954,103.760157228,0.0,0.0
ATI BHUM,HSB6462 ,9842750,TH,,CS,2761,567068500,1.28908669252,103.763027227,0.0,0.0,6.28319,0.0,5.1661745859,295.999,2023-05-08 07:33:56,True,1.29101169233,103.760150559,0.0,0.0
ATI BHUM,HSB6462 ,9842750,TH,,CS,2761,567068500,1.28908669252,103.763027227,0.0,0.0,6.28319,0.0,5.1661745859,295.999,2023-05-08 07:34:06,True,1.29101002523,103.760147225,0.0,0.0
ATI BHUM,HSB6462 ,9842750,TH,,CS,2761,567068500,1.28908669252,103.763027227,0.0,0.0,6.28319,0.0,5.1661745859,295.999,2023-05-08 07:34:16,True,1.29100696039,103.760140205,0.0514444,0.0
ATI BHUM,HSB6462 ,9842750,TH,,CS,2761,567068500,1.28908669252,103.763027227,0.0,0.0,6.28319,0.0,5.1661745859,295.999,2023-05-08 07:34:26,True,1.29100335946,103.760145558,0.0,0.0
ATI BHUM,HSB6462 ,9842750,TH,,CS,2761,567068500,1.28908669252,103.763027227,0.0,0.0,6.28319,0.0,5.1661745859,295.999,2023-05-08 07:34:36,True,1.29098865893,103.760139741,0.0514444,0.0
ATI BHUM,HSB6462 ,9842750,TH,,CS,2761,567068500,1.28908669252,103.763027227,0.0,0.0,6.28319,0.0,5.1661745859,295.999,2023-05-08 07:34:46,True,1.29099695875,103.760146874,0.0514444,0.0
ATI BHUM,HSB6462 ,9842750,TH,,CS,2761,567068500,1.28908669252,103.763027227,0.0,0.0,6.28319,0.0,5.1661745859,295.999,2023-05-08 07:34:56,True,1.29100209151,103.760128359,0.0514444,0.0
ATI BHUM,HSB6462 ,9842750,TH,,CS,2761,567068500,1.28908669252,103.763027227,0.0,0.0,6.28319,0.0,5.1661745859,295.999,2023-05-08 07:35:06,True,1.29098872519,103.760140486,0.0514444,0.0
ATI BHUM,HSB6462 ,9842750,TH,,CS,2761,567068500,1.28908669252,103.763027227,0.0,0.0,6.28319,0.0,5.1661745859,295.999,2023-05-08 07:35:16,True,1.29100002527,103.760138889,0.0,0.0
ATI BHUM,HSB6462 ,9842750,TH,,CS,2761,567068500,1.28908669252,103.763027227,0.0,0.0,6.28319,0.0,5.1661745859,295.999,2023-05-08 07:35:26,True,1.29099669334,103.760133896,0.0,0.0
ATI BHUM,HSB6462 ,9842750,TH,,CS,2761,567068500,1.28908669252,103.763027227,0.0,0.0,6.28319,0.0,5.1661745859,295.999,2023-05-08 07:35:36,True,1.29099669334,103.760133896,0.0,0.0
ATI BHUM,HSB6462 ,9842750,TH,,CS,2761,567068500,1.28908669252,103.763027227,0.0,0.0,6.28319,0.0,5.1661745859,295.999,2023-05-08 07:35:46,True,1.29099052912,103.760141996,0.0514444,0.0
ATI BHUM,HSB6462 ,9842750,TH,,CS,2761,567068500,1.28908669252,103.763027227,0.0,0.0,6.28319,0.0,5.1661745859,295.999,2023-05-08 07:35:56,True,1.29099169228,103.760130562,0.0,0.0
ATI BHUM,HSB6462 ,9842750,TH,,CS,2761,567068500,1.28908669252,103.763027227,0.0,0.0,6.28319,0.0,5.1661745859,295.999,2023-05-08 07:36:06,True,1.29099169228,103.760130562,0.0,0.0
ATI BHUM,HSB6462 ,9842750,TH,,CS,2761,567068500,1.28910669292,103.762993891,0.0,0.0,6.28319,0.0,5.18362787842,296.999,2023-05-08 07:36:16,True,1.29098951542,103.76013459,0.0514444,0.0
ATI BHUM,HSB6462 ,9842750,TH,,CS,2761,567068500,1.28910669292,103.762993891,0.0,0.0,6.28319,0.0,5.18362787842,296.999,2023-05-08 07:36:26,True,1.29098727446,103.760136933,0.0514444,0.0
ATI BHUM,HSB6462 ,9842750,TH,,CS,2761,567068500,1.28910669292,103.762993891,0.0,0.0,6.28319,0.0,5.18362787842,296.999,2023-05-08 07:36:36,True,1.29098727446,103.760136933,0.0514444,0.0
ATI BHUM,HSB6462 ,9842750,TH,,CS,2761,567068500,1.28910669292,103.762993891,0.0,0.0,6.28319,0.0,5.18362787842,296.999,2023-05-08 07:36:46,True,1.29100169177,103.76012556,0.0,0.0
ATI BHUM,HSB6462 ,9842750,TH,,CS,2761,567068500,1.28910669292,103.762993891,0.0,0.0,6.28319,0.0,5.18362787842,296.999,2023-05-08 07:36:56,True,1.29100049518,103.76012828,0.0514444,0.0
ATI BHUM,HSB6462 ,9842750,TH,,CS,2761,567068500,1.28910669292,103.762993891,0.0,0.0,6.28319,0.0,5.18362787842,296.999,2023-05-08 07:37:06,True,1.29099687201,103.760129123,0.0514444,0.0
ATI BHUM,HSB6462 ,9842750,TH,,CS,2761,567068500,1.28910669292,103.762993891,0.0,0.0,6.28319,0.0,5.18362787842,296.999,2023-05-08 07:37:16,True,1.29099370147,103.760129869,0.0514444,0.0
ATI BHUM,HSB6462 ,9842750,TH,,CS,2761,567068500,1.28910669292,103.762993891,0.0,0.0,6.28319,0.0,5.18362787842,296.999,2023-05-08 07:37:26,True,1.29098690775,103.760131448,0.0514444,0.0
ATI BHUM,HSB6462 ,9842750,TH,,CS,2761,567068500,1.28910669292,103.762993891,0.0,0.0,6.28319,0.0,5.18362787842,296.999,2023-05-08 07:37:36,True,1.29099669292,103.760122226,0.0,0.0
ATI BHUM,HSB6462 ,9842750,TH,,CS,2761,567068500,1.28910669292,103.762993891,0.0,0.0,6.28319,0.0,5.18362787842,296.999,2023-05-08 07:37:46,True,1.29099741937,103.760123217,0.0514444,0.0
ATI BHUM,HSB6462 ,9842750,TH,,CS,2761,567068500,1.28910669292,103.762993891,0.0,0.0,6.28319,0.0,5.18362787842,296.999,2023-05-08 07:37:56,True,1.29100496632,103.760131255,0.0514444,0.0
ATI BHUM,HSB6462 ,9842750,TH,,CS,2761,567068500,1.28910669292,103.762993891,0.0,0.0,6.28319,0.0,5.18362787842,296.999,2023-05-08 07:38:06,True,1.29099071871,103.760133975,0.0514444,0.0
ATI BHUM,HSB6462 ,9842750,TH,,CS,2761,567068500,1.28910669292,103.762993891,0.0,0.0,6.28319,0.0,5.18362787842,296.999,2023-05-08 07:38:16,True,1.2909872722,103.760135371,0.0514444,0.0
ATI BHUM,HSB6462 ,9842750,TH,,CS,2761,567068500,1.28910669292,103.762993891,0.0,0.0,6.28319,0.0,5.18362787842,296.999,2023-05-08 07:38:26,True,1.29098081192,103.760137995,0.0514444,0.0
ATI BHUM,HSB6462 ,9842750,TH,,CS,2761,567068500,1.28910669292,103.762993891,0.0,0.0,6.28319,0.0,5.18362787842,296.999,2023-05-08 07:38:36,True,1.29099534381,103.760120111,0.0514444,0.0
ATI BHUM,HSB6462 ,9842750,TH,,CS,2761,567068500,1.28910669292,103.762993891,0.0,0.0,6.28319,0.0,5.18362787842,296.999,2023-05-08 07:38:46,True,1.29098931407,103.760122559,0.0514444,0.0
ATI BHUM,HSB6462 ,9842750,TH,,CS,2761,567068500,1.28910669292,103.762993891,0.0,0.0,6.28319,0.0,5.18362787842,296.999,2023-05-08 07:38:56,True,1.29098611024,103.760118506,0.0514444,0.0
ATI BHUM,HSB6462 ,9842750,TH,,CS,2761,567068500,1.28910669292,103.762993891,0.0,0.0,6.28319,0.0,5.18362787842,296.999,2023-05-08 07:39:06,True,1.2909813588,103.760118664,0.0514444,0.0
ATI BHUM,HSB6462 ,9842750,TH,,CS,2761,567068500,1.28910169244,103.763007229,0.0,0.0,6.28319,0.0,5.18362787842,296.999,2023-05-08 07:39:16,True,1.2909856287,103.760112609,0.0514444,0.0
ATI BHUM,HSB6462 ,9842750,TH,,CS,2761,567068500,1.28910169244,103.763007229,0.0,0.0,6.28319,0.0,5.20108117094,297.999,2023-05-08 07:39:26,True,1.2909874965,103.760109959,0.0514444,0.0
ATI BHUM,HSB6462 ,9842750,TH,,CS,2761,567068500,1.28910169244,103.763007229,0.0,0.0,6.28319,0.0,5.20108117094,297.999,2023-05-08 07:39:36,True,1.29097698715,103.760119647,0.0514444,0.0
ATI BHUM,HSB6462 ,9842750,TH,,CS,2761,567068500,1.28910169244,103.763007229,0.0,0.0,6.28319,0.0,5.20108117094,297.999,2023-05-08 07:39:46,True,1.29098143856,103.7601265,0.0514444,0.0
ATI BHUM,HSB6462 ,9842750,TH,,CS,2761,567068500,1.28910169244,103.763007229,0.0,0.0,6.28319,0.0,5.20108117094,297.999,2023-05-08 07:39:56,True,1.29098532026,103.760131317,0.0514444,0.0
ATI BHUM,HSB6462 ,9842750,TH,,CS,2761,567068500,1.28910169244,103.763007229,0.0,0.0,6.28319,0.0,5.20108117094,297.999,2023-05-08 07:40:06,True,1.29098975826,103.760133721,0.0514444,0.0
ATI BHUM,HSB6462 ,9842750,TH,,CS,2761,567068500,1.28910169244,103.763007229,0.0,0.0,6.28319,0.0,5.20108117094,297.999,2023-05-08 07:40:16,True,1.29098838693,103.760127798,0.0514444,0.0
ATI BHUM,HSB6462 ,9842750,TH,,CS,2761,567068500,1.28910169244,103.763007229,0.0,0.0,6.28319,0.0,5.20108117094,297.999,2023-05-08 07:40:26,True,1.29099062566,103.76012485,0.0514444,0.0
ATI BHUM,HSB6462 ,9842750,TH,,CS,2761,567068500,1.28910169244,103.763007229,0.0,0.0,6.28319,0.0,5.20108117094,297.999,2023-05-08 07:40:36,True,1.29099286659,103.760121892,0.0514444,0.0
ATI BHUM,HSB6462 ,9842750,TH,,CS,2761,567068500,1.28910169244,103.763007229,0.0,0.0,6.28319,0.0,5.20108117094,297.999,2023-05-08 07:40:46,True,1.29099977265,103.760113161,0.0514444,0.0
ATI BHUM,HSB6462 ,9842750,TH,,CS,2761,567068500,1.28910169244,103.763007229,0.0,0.0,6.28319,0.0,5.20108117094,297.999,2023-05-08 07:40:56,True,1.2909908793,103.760117233,0.0514444,0.0
ATI BHUM,HSB6462 ,9842750,TH,,CS,2761,567068500,1.28910169244,103.763007229,0.0,0.0,6.28319,0.0,5.20108117094,297.999,2023-05-08 07:41:06,True,1.29099503959,103.760133352,0.0514444,0.0
ATI BHUM,HSB6462 ,9842750,TH,,CS,2761,567068500,1.28910169244,103.763007229,0.0,0.0,6.28319,0.0,5.20108117094,297.999,2023-05-08 07:41:16,True,1.29099337285,103.760140012,0.0514444,0.0
ATI BHUM,HSB6462 ,9842750,TH,,CS,2761,567068500,1.28910169244,103.763007229,0.0,0.0,6.28319,0.0,5.20108117094,297.999,2023-05-08 07:41:26,True,1.29099893248,103.760142601,0.0514444,0.0
ATI BHUM,HSB6462 ,9842750,TH,,CS,2761,567068500,1.28910169244,103.763007229,0.0,0.0,6.28319,0.0,5.20108117094,297.999,2023-05-08 07:41:36,True,1.29100089081,103.760140021,0.0514444,0.0
ATI BHUM,HSB6462 ,9842750,TH,,CS,2761,567068500,1.28910169244,103.763007229,0.0,0.0,6.28319,0.0,5.20108117094,297.999,2023-05-08 07:41:46,True,1.29100509229,103.760134484,0.0514444,0.0
ATI BHUM,HSB6462 ,9842750,TH,,CS,2761,567068500,1.28910169244,103.763007229,0.0,0.0,6.28319,0.0,5.20108117094,297.999,2023-05-08 07:41:56,True,1.29100393294,103.760129272,0.0514444,0.0
ATI BHUM,HSB6462 ,9842750,TH,,CS,2761,567068500,1.28910169244,103.763007229,0.0,0.0,6.28319,0.0,5.20108117094,297.999,2023-05-08 07:42:06,True,1.29099002513,103.76012556,0.0,0.0
ATI BHUM,HSB6462 ,9842750,TH,,CS,2761,567068500,1.28910335942,103.763007229,0.0,0.0,6.28319,0.0,5.18362787842,296.999,2023-05-08 07:42:16,True,1.2909883585,103.760135564,0.0,0.0
ATI BHUM,HSB6462 ,9842750,TH,,CS,2761,567068500,1.28910335942,103.763007229,0.0,0.0,6.28319,0.0,5.18362787842,296.999,2023-05-08 07:42:26,True,1.2909883585,103.760135564,0.0,0.0
ATI BHUM,HSB6462 ,9842750,TH,,CS,2761,567068500,1.28910335942,103.763007229,0.0,0.0,6.28319,0.0,5.18362787842,296.999,2023-05-08 07:42:36,True,1.2909916927,103.760142224,0.0,0.0
ATI BHUM,HSB6462 ,9842750,TH,,CS,2761,567068500,1.28910335942,103.763007229,0.0,0.0,6.28319,0.0,5.18362787842,296.999,2023-05-08 07:42:46,True,1.2909916927,103.760142224,0.0,0.0
ATI BHUM,HSB6462 ,9842750,TH,,CS,2761,567068500,1.28910335942,103.763007229,0.0,0.0,6.28319,0.0,5.18362787842,296.999,2023-05-08 07:42:56,True,1.29099502577,103.760117224,0.0,0.0
ATI BHUM,HSB6462 ,9842750,TH,,CS,2761,567068500,1.28910335942,103.763007229,0.0,0.0,6.28319,0.0,5.18362787842,296.999,2023-05-08 07:43:06,True,1.29099335914,103.760127227,0.0,0.0
ATI BHUM,HSB6462 ,9842750,TH,,CS,2761,567068500,1.28910335942,103.763007229,0.0,0.0,6.28319,0.0,5.18362787842,296.999,2023-05-08 07:43:16,True,1.29099282464,103.760121866,0.0514444,0.0
ATI BHUM,HSB6462 ,9842750,TH,,CS,2761,567068500,1.28910335942,103.763007229,0.0,0.0,6.28319,0.0,5.18362787842,296.999,2023-05-08 07:43:26,True,1.29099502618,103.760128895,0.0,0.0
ATI BHUM,HSB6462 ,9842750,TH,,CS,2761,567068500,1.28910335942,103.763007229,0.0,0.0,6.28319,0.0,5.18362787842,296.999,2023-05-08 07:43:36,True,1.29099669316,103.760128895,0.0,0.0
ATI BHUM,HSB6462 ,9842750,TH,,CS,2761,567068500,1.28910335942,103.763007229,0.0,0.0,6.28319,0.0,5.18362787842,296.999,2023-05-08 07:43:46,True,1.29099669316,103.760128895,0.0,0.0
ATI BHUM,HSB6462 ,9842750,TH,,CS,2761,567068500,1.28910335942,103.763007229,0.0,0.0,6.28319,0.0,5.18362787842,296.999,2023-05-08 07:43:56,True,1.29098256697,103.760131045,0.0,0.0
ATI BHUM,HSB6462 ,9842750,TH,,CS,2761,567068500,1.28910335942,103.763007229,0.0,0.0,6.28319,0.0,5.18362787842,296.999,2023-05-08 07:44:06,True,1.29098100153,103.760130378,0.0514444,0.0
ATI BHUM,HSB6462 ,9842750,TH,,CS,2761,567068500,1.28910335942,103.763007229,0.0,0.0,6.28319,0.0,5.18362787842,296.999,2023-05-08 07:44:16,True,1.29098551491,103.760141303,0.0514444,0.0
ATI BHUM,HSB6462 ,9842750,TH,,CS,2761,567068500,1.28910335942,103.763007229,0.0,0.0,6.28319,0.0,5.18362787842,296.999,2023-05-08 07:44:26,True,1.29098443553,103.760149709,0.0514444,0.0
ATI BHUM,HSB6462 ,9842750,TH,,CS,2761,567068500,1.28910335942,103.763007229,0.0,0.0,6.28319,0.0,5.18362787842,296.999,2023-05-08 07:44:36,True,1.29098482859,103.76015113,0.0514444,0.0
ATI BHUM,HSB6462 ,9842750,TH,,CS,2761,567068500,1.28910335942,103.763007229,0.0,0.0,6.28319,0.0,5.18362787842,296.999,2023-05-08 07:44:46,True,1.290981689,103.760153114,0.0514444,0.0
ATI BHUM,HSB6462 ,9842750,TH,,CS,2761,567068500,1.28910335942,103.763007229,0.0,0.0,6.28319,0.0,5.18362787842,296.999,2023-05-08 07:44:56,True,1.29098976334,103.760152394,0.0514444,0.0
ATI BHUM,HSB6462 ,9842750,TH,,CS,2761,567068500,1.28910335942,103.763007229,0.0,0.0,6.28319,0.0,5.18362787842,296.999,2023-05-08 07:45:06,True,1.29099897671,103.760144584,0.0514444,0.0
ATI BHUM,HSB6462 ,9842750,TH,,CS,2761,567068500,1.28910335942,103.763007229,0.0,0.0,6.28319,0.0,5.18362787842,296.999,2023-05-08 07:45:16,True,1.29099002542,103.760133896,0.0,0.0
ATI BHUM,HSB6462 ,9842750,TH,,CS,2761,567068500,1.28911169165,103.762993891,0.0,0.0,6.28319,0.0,5.18362787842,296.999,2023-05-08 07:45:26,True,1.29099381396,103.760126692,0.0514444,0.0
ATI BHUM,HSB6462 ,9842750,TH,,CS,2761,567068500,1.28911169165,103.762993891,0.0,0.0,6.28319,0.0,5.18362787842,296.999,2023-05-08 07:45:36,True,1.29099744174,103.760131597,0.0514444,0.0
ATI BHUM,HSB6462 ,9842750,TH,,CS,2761,567068500,1.28911169165,103.762993891,0.0,0.0,6.28319,0.0,5.18362787842,296.999,2023-05-08 07:45:46,True,1.290990679,103.760134686,0.102889,0.0
ATI BHUM,HSB6462 ,9842750,TH,,CS,2761,567068500,1.28911169165,103.762993891,0.0,0.0,6.28319,0.0,5.18362787842,296.999,2023-05-08 07:45:56,True,1.29097799912,103.760140487,0.102889,0.0
ATI BHUM,HSB6462 ,9842750,TH,,CS,2761,567068500,1.28911169165,103.762993891,0.0,0.0,6.28319,0.0,5.18362787842,296.999,2023-05-08 07:46:06,True,1.29100002509,103.760133896,0.0,0.0
ATI BHUM,HSB6462 ,9842750,TH,,CS,2761,567068500,1.28911169165,103.762993891,0.0,0.0,6.28319,0.0,5.18362787842,296.999,2023-05-08 07:46:16,True,1.29099669334,103.760133896,0.0,0.0
ATI BHUM,HSB6462 ,9842750,TH,,CS,2761,567068500,1.28911169165,103.762993891,0.0,0.0,6.28319,0.0,5.18362787842,296.999,2023-05-08 07:46:26,True,1.29098002558,103.760128895,0.0,0.0
ATI BHUM,HSB6462 ,9842750,TH,,CS,2761,567068500,1.28911169165,103.762993891,0.0,0.0,6.28319,0.0,5.18362787842,296.999,2023-05-08 07:46:36,True,1.29099088853,103.760128526,0.0514444,0.0
ATI BHUM,HSB6462 ,9842750,TH,,CS,2761,567068500,1.28911169165,103.762993891,0.0,0.0,6.28319,0.0,5.18362787842,296.999,2023-05-08 07:46:46,True,1.29099631323,103.760124165,0.0514444,0.0
ATI BHUM,HSB6462 ,9842750,TH,,CS,2761,567068500,1.28911169165,103.762993891,0.0,0.0,6.28319,0.0,5.18362787842,296.999,2023-05-08 07:46:56,True,1.29099502666,103.760142224,0.0,0.0
ATI BHUM,HSB6462 ,9842750,TH,,CS,2761,567068500,1.28911169165,103.762993891,0.0,0.0,6.28319,0.0,5.18362787842,296.999,2023-05-08 07:47:06,True,1.29099669161,103.760147225,0.0,0.0
ATI BHUM,HSB6462 ,9842750,TH,,CS,2761,567068500,1.28911169165,103.762993891,0.0,0.0,6.28319,0.0,5.18362787842,296.999,2023-05-08 07:47:16,True,1.29098131115,103.760144699,0.0514444,0.0
ATI BHUM,HSB6462 ,9842750,TH,,CS,2761,567068500,1.28911169165,103.762993891,0.0,0.0,6.28319,0.0,5.18362787842,296.999,2023-05-08 07:47:26,True,1.29098076544,103.760134608,0.0514444,0.0
ATI BHUM,HSB6462 ,9842750,TH,,CS,2761,567068500,1.28911169165,103.762993891,0.0,0.0,6.28319,0.0,5.18362787842,296.999,2023-05-08 07:47:36,True,1.29098149868,103.760140574,0.0514444,0.0
ATI BHUM,HSB6462 ,9842750,TH,,CS,2761,567068500,1.28911169165,103.762993891,0.0,0.0,6.28319,0.0,5.18362787842,296.999,2023-05-08 07:47:46,True,1.29098039482,103.760143496,0.0514444,0.0
ATI BHUM,HSB6462 ,9842750,TH,,CS,2761,567068500,1.28911169165,103.762993891,0.0,0.0,6.28319,0.0,5.18362787842,296.999,2023-05-08 07:47:56,True,1.29097775866,103.760146103,0.0514444,0.0
ATI BHUM,HSB6462 ,9842750,TH,,CS,2761,567068500,1.28911169165,103.762993891,0.0,0.0,6.28319,0.0,5.18362787842,296.999,2023-05-08 07:48:06,True,1.29097885535,103.760128079,0.0514444,0.0
ATI BHUM,HSB6462 ,9842750,TH,,CS,2761,567068500,1.28910169198,103.762993891,0.0,0.0,6.28319,0.0,5.18362787842,296.999,2023-05-08 07:48:16,True,1.29098578169,103.760130782,0.0514444,0.0
ATI BHUM,HSB6462 ,9842750,TH,,CS,2761,567068500,1.28910169198,103.762993891,0.0,0.0,6.28319,0.0,5.18362787842,296.999,2023-05-08 07:48:26,True,1.29097822406,103.760132835,0.0514444,0.0
ATI BHUM,HSB6462 ,9842750,TH,,CS,2761,567068500,1.28910169198,103.762993891,0.0,0.0,6.28319,0.0,5.18362787842,296.999,2023-05-08 07:48:36,True,1.29098142335,103.76013344,0.0514444,0.0
ATI BHUM,HSB6462 ,9842750,TH,,CS,2761,567068500,1.28910169198,103.762993891,0.0,0.0,6.28319,0.0,5.18362787842,296.999,2023-05-08 07:48:46,True,1.2909783899,103.760139829,0.0514444,0.0
ATI BHUM,HSB6462 ,9842750,TH,,CS,2761,567068500,1.28910169198,103.762993891,0.0,0.0,6.28319,0.0,5.18362787842,296.999,2023-05-08 07:48:56,True,1.2909783899,103.760139829,0.0514444,0.0
ATI BHUM,HSB6462 ,9842750,TH,,CS,2761,567068500,1.28910169198,103.762993891,0.0,0.0,6.28319,0.0,5.18362787842,296.999,2023-05-08 07:49:06,True,1.29099763849,103.760138327,0.0514444,0.0
ATI BHUM,HSB6462 ,9842750,TH,,CS,2761,567068500,1.28910169198,103.762993891,0.0,0.0,6.28319,0.0,5.18362787842,296.999,2023-05-08 07:49:16,True,1.29099414101,103.76013466,0.0514444,0.0
ATI BHUM,HSB6462 ,9842750,TH,,CS,2761,567068500,1.28910169198,103.762993891,0.0,0.0,6.28319,0.0,5.18362787842,296.999,2023-05-08 07:49:26,True,1.2909994378,103.760134405,0.0514444,0.0
ATI BHUM,HSB6462 ,9842750,TH,,CS,2761,567068500,1.28910169198,103.762993891,0.0,0.0,6.28319,0.0,5.18362787842,296.999,2023-05-08 07:49:36,True,1.29098884655,103.76013824,0.0514444,0.0
ATI BHUM,HSB6462 ,9842750,TH,,CS,2761,567068500,1.28910169198,103.762993891,0.0,0.0,6.28319,0.0,5.18362787842,296.999,2023-05-08 07:49:46,True,1.2909762657,103.760134748,0.0514444,0.0
ATI BHUM,HSB6462 ,9842750,TH,,CS,2761,567068500,1.28910169198,103.762993891,0.0,0.0,6.28319,0.0,5.18362787842,296.999,2023-05-08 07:49:56,True,1.29097946721,103.760135345,0.0514444,0.0
ATI BHUM,HSB6462 ,9842750,TH,,CS,2761,567068500,1.28910169198,103.762993891,0.0,0.0,6.28319,0.0,5.18362787842,296.999,2023-05-08 07:50:06,True,1.29098853075,103.760136239,0.0514444,0.0
ATI BHUM,HSB6462 ,9842750,TH,,CS,2761,567068500,1.28910169198,103.762993891,0.0,0.0,6.28319,0.0,5.18362787842,296.999,2023-05-08 07:50:16,True,1.29099086883,103.760133361,0.0514444,0.0
ATI BHUM,HSB6462 ,9842750,TH,,CS,2761,567068500,1.28910169198,103.762993891,0.0,0.0,6.28319,0.0,5.18362787842,296.999,2023-05-08 07:50:26,True,1.29099266153,103.760129632,0.0514444,0.0
ATI BHUM,HSB6462 ,9842750,TH,,CS,2761,567068500,1.28910169198,103.762993891,0.0,0.0,6.28319,0.0,5.18362787842,296.999,2023-05-08 07:50:36,True,1.29100126773,103.760122076,0.0514444,0.0
ATI BHUM,HSB6462 ,9842750,TH,,CS,2761,567068500,1.28910169198,103.762993891,0.0,0.0,6.28319,0.0,5.18362787842,296.999,2023-05-08 07:50:46,True,1.29101126292,103.7601204,0.0514444,0.0
ATI BHUM,HSB6462 ,9842750,TH,,CS,2761,567068500,1.28910169198,103.762993891,0.0,0.0,6.28319,0.0,5.18362787842,296.999,2023-05-08 07:50:56,True,1.29101234469,103.760117355,0.0514444,0.0
ATI BHUM,HSB6462 ,9842750,TH,,CS,2761,567068500,1.28910169198,103.762993891,0.0,0.0,6.28319,0.0,5.18362787842,296.999,2023-05-08 07:51:06,True,1.29102323876,103.760122865,0.0514444,0.0
ATI BHUM,HSB6462 ,9842750,TH,,CS,2761,567068500,1.2891050264,103.763007229,0.0,0.0,6.28319,0.0,5.18362787842,296.999,2023-05-08 07:51:16,True,1.2910161077,103.760137502,0.0514444,0.0
ATI BHUM,HSB6462 ,9842750,TH,,CS,2761,567068500,1.2891050264,103.763007229,0.0,0.0,6.28319,0.0,5.18362787842,296.999,2023-05-08 07:51:26,True,1.29099929043,103.760150112,0.0514444,0.0
ATI BHUM,HSB6462 ,9842750,TH,,CS,2761,567068500,1.2891050264,103.763007229,0.0,0.0,6.28319,0.0,5.18362787842,296.999,2023-05-08 07:51:36,True,1.29098993752,103.760145479,0.0514444,0.0
ATI BHUM,HSB6462 ,9842750,TH,,CS,2761,567068500,1.2891050264,103.763007229,0.0,0.0,6.28319,0.0,5.18362787842,296.999,2023-05-08 07:51:46,True,1.29100100776,103.760138117,0.0514444,0.0
ATI BHUM,HSB6462 ,9842750,TH,,CS,2761,567068500,1.2891050264,103.763007229,0.0,0.0,6.28319,0.0,5.18362787842,296.999,2023-05-08 07:51:56,True,1.29100047554,103.760134923,0.0514444,0.0
ATI BHUM,HSB6462 ,9842750,TH,,CS,2761,567068500,1.2891050264,103.763007229,0.0,0.0,6.28319,0.0,5.18362787842,296.999,2023-05-08 07:52:06,True,1.29100335929,103.760140556,0.0,0.0
ATI BHUM,HSB6462 ,9842750,TH,,CS,2761,567068500,1.2891050264,103.763007229,0.0,0.0,6.28319,0.0,5.18362787842,296.999,2023-05-08 07:52:16,True,1.29100521361,103.760131237,0.0514444,0.0
ATI BHUM,HSB6462 ,9842750,TH,,CS,2761,567068500,1.2891050264,103.763007229,0.0,0.0,6.28319,0.0,5.18362787842,296.999,2023-05-08 07:52:26,True,1.29099439747,103.760144277,0.0514444,0.0
ATI BHUM,HSB6462 ,9842750,TH,,CS,2761,567068500,1.2891050264,103.763007229,0.0,0.0,6.28319,0.0,5.18362787842,296.999,2023-05-08 07:52:36,True,1.29099714626,103.760142171,0.0514444,0.0
ATI BHUM,HSB6462 ,9842750,TH,,CS,2761,567068500,1.2891050264,103.763007229,0.0,0.0,6.28319,0.0,5.18362787842,296.999,2023-05-08 07:52:46,True,1.29099714626,103.760142171,0.0514444,0.0
ATI BHUM,HSB6462 ,9842750,TH,,CS,2761,567068500,1.2891050264,103.763007229,0.0,0.0,6.28319,0.0,5.18362787842,296.999,2023-05-08 07:52:56,True,1.29100512316,103.760133334,0.0514444,0.0
ATI BHUM,HSB6462 ,9842750,TH,,CS,2761,567068500,1.2891050264,103.763007229,0.0,0.0,6.28319,0.0,5.18362787842,296.999,2023-05-08 07:53:06,True,1.29100536627,103.760140266,0.0514444,0.0
ATI BHUM,HSB6462 ,9842750,TH,,CS,2761,567068500,1.2891050264,103.763007229,0.0,0.0,6.28319,0.0,5.18362787842,296.999,2023-05-08 07:53:16,True,1.29101002493,103.760138889,0.0,0.0
ATI BHUM,HSB6462 ,9842750,TH,,CS,2761,567068500,1.2891050264,103.763007229,0.0,0.0,6.28319,0.0,5.18362787842,296.999,2023-05-08 07:53:26,True,1.29101669285,103.760138897,0.0,0.0
ATI BHUM,HSB6462 ,9842750,TH,,CS,2761,567068500,1.2891050264,103.763007229,0.0,0.0,6.28319,0.0,5.18362787842,296.999,2023-05-08 07:53:36,True,1.29101560002,103.760141503,0.0514444,0.0
ATI BHUM,HSB6462 ,9842750,TH,,CS,2761,567068500,1.2891050264,103.763007229,0.0,0.0,6.28319,0.0,5.18362787842,296.999,2023-05-08 07:53:46,True,1.29101560002,103.760141503,0.0514444,0.0
ATI BHUM,HSB6462 ,9842750,TH,,CS,2761,567068500,1.2891050264,103.763007229,0.0,0.0,6.28319,0.0,5.18362787842,296.999,2023-05-08 07:53:56,True,1.29101968676,103.760138116,0.0514444,0.0
ATI BHUM,HSB6462 ,9842750,TH,,CS,2761,567068500,1.2891050264,103.763007229,0.0,0.0,6.28319,0.0,5.18362787842,296.999,2023-05-08 07:54:06,True,1.29102300726,103.760132017,0.0514444,0.0
ATI BHUM,HSB6462 ,9842750,TH,,CS,2761,567068500,1.28910669292,103.762993891,0.0,0.0,6.28319,0.0,5.18362787842,296.999,2023-05-08 07:54:16,True,1.29101012924,103.760153973,0.0514444,0.0
ATI BHUM,HSB6462 ,9842750,TH,,CS,2761,567068500,1.28910669292,103.762993891,0.0,0.0,6.28319,0.0,5.18362787842,296.999,2023-05-08 07:54:26,True,1.29099990886,103.760156053,0.0514444,0.0
ATI BHUM,HSB6462 ,9842750,TH,,CS,2761,567068500,1.28910669292,103.762993891,0.0,0.0,6.28319,0.0,5.18362787842,296.999,2023-05-08 07:54:36,True,1.29100167729,103.760152797,0.0514444,0.0
ATI BHUM,HSB6462 ,9842750,TH,,CS,2761,567068500,1.28910669292,103.762993891,0.0,0.0,6.28319,0.0,5.18362787842,296.999,2023-05-08 07:54:46,True,1.29100579464,103.760141082,0.0514444,0.0
ATI BHUM,HSB6462 ,9842750,TH,,CS,2761,567068500,1.28910669292,103.762993891,0.0,0.0,6.28319,0.0,5.18362787842,296.999,2023-05-08 07:54:56,True,1.29099835864,103.760148892,0.0,0.0
ATI BHUM,HSB6462 ,9842750,TH,,CS,2761,567068500,1.28910669292,103.762993891,0.0,0.0,6.28319,0.0,5.18362787842,296.999,2023-05-08 07:55:06,True,1.29099835864,103.760148892,0.0,0.0
ATI BHUM,HSB6462 ,9842750,TH,,CS,2761,567068500,1.28910669292,103.762993891,0.0,0.0,6.28319,0.0,5.18362787842,296.999,2023-05-08 07:55:16,True,1.29099890397,103.760148164,0.0514444,0.0
ATI BHUM,HSB6462 ,9842750,TH,,CS,2761,567068500,1.28910669292,103.762993891,0.0,0.0,6.28319,0.0,5.18362787842,296.999,2023-05-08 07:55:26,True,1.29100368402,103.760145233,0.0514444,0.0
ATI BHUM,HSB6462 ,9842750,TH,,CS,2761,567068500,1.28910669292,103.762993891,0.0,0.0,6.28319,0.0,5.18362787842,296.999,2023-05-08 07:55:36,True,1.29101802014,103.760148119,0.0514444,0.0
ATI BHUM,HSB6462 ,9842750,TH,,CS,2761,567068500,1.28910669292,103.762993891,0.0,0.0,6.28319,0.0,5.18362787842,296.999,2023-05-08 07:55:46,True,1.29102290181,103.760146943,0.0514444,0.0
ATI BHUM,HSB6462 ,9842750,TH,,CS,2761,567068500,1.28910669292,103.762993891,0.0,0.0,6.28319,0.0,5.18362787842,296.999,2023-05-08 07:55:56,True,1.29101557132,103.760141495,0.0514444,0.0
ATI BHUM,HSB6462 ,9842750,TH,,CS,2761,567068500,1.28910669292,103.762993891,0.0,0.0,6.28319,0.0,5.18362787842,296.999,2023-05-08 07:56:06,True,1.29101657597,103.760142714,0.0514444,0.0
ATI BHUM,HSB6462 ,9842750,TH,,CS,2761,567068500,1.28910669292,103.762993891,0.0,0.0,6.28319,0.0,5.18362787842,296.999,2023-05-08 07:56:16,True,1.29101335907,103.76014389,0.0,0.0
ATI BHUM,HSB6462 ,9842750,TH,,CS,2761,567068500,1.28910669292,103.762993891,0.0,0.0,6.28319,0.0,5.18362787842,296.999,2023-05-08 07:56:26,True,1.2910083601,103.76013723,0.0,0.0
ATI BHUM,HSB6462 ,9842750,TH,,CS,2761,567068500,1.28910669292,103.762993891,0.0,0.0,6.28319,0.0,5.18362787842,296.999,2023-05-08 07:56:36,True,1.29100824316,103.76013938,0.0,0.0
ATI BHUM,HSB6462 ,9842750,TH,,CS,2761,567068500,1.28910669292,103.762993891,0.0,0.0,6.28319,0.0,5.18362787842,296.999,2023-05-08 07:56:46,True,1.29101034955,103.760140231,0.0514444,0.0
ATI BHUM,HSB6462 ,9842750,TH,,CS,2761,567068500,1.28910669292,103.762993891,0.0,0.0,6.28319,0.0,5.18362787842,296.999,2023-05-08 07:56:56,True,1.29102635217,103.760129789,0.0514444,0.0
ATI BHUM,HSB6462 ,9842750,TH,,CS,2761,567068500,1.28910669292,103.762993891,0.0,0.0,6.28319,0.0,5.18362787842,296.999,2023-05-08 07:57:06,True,1.29102046765,103.760118074,0.0514444,0.0
ATI BHUM,HSB6462 ,9842750,TH,,CS,2761,567068500,1.2891083599,103.762993891,0.0,0.0,6.28319,0.0,5.18362787842,296.999,2023-05-08 07:57:16,True,1.29102201751,103.760115231,0.0514444,0.0
ATI BHUM,HSB6462 ,9842750,TH,,CS,2761,567068500,1.2891083599,103.762993891,0.0,0.0,6.28319,0.0,5.18362787842,296.999,2023-05-08 07:57:26,True,1.29102356737,103.760112388,0.0514444,0.0
ATI BHUM,HSB6462 ,9842750,TH,,CS,2761,567068500,1.2891083599,103.762993891,0.0,0.0,6.28319,0.0,5.18362787842,296.999,2023-05-08 07:57:36,True,1.29103701811,103.760115231,0.0514444,0.0
ATI BHUM,HSB6462 ,9842750,TH,,CS,2761,567068500,1.2891083599,103.762993891,0.0,0.0,6.28319,0.0,5.18362787842,296.999,2023-05-08 07:57:46,True,1.2910301296,103.760120636,0.0514444,0.0
ATI BHUM,HSB6462 ,9842750,TH,,CS,2761,567068500,1.2891083599,103.762993891,0.0,0.0,6.28319,0.0,5.18362787842,296.999,2023-05-08 07:57:56,True,1.29102801892,103.76012312,0.0514444,0.0
ATI BHUM,HSB6462 ,9842750,TH,,CS,2761,567068500,1.2891083599,103.762993891,0.0,0.0,6.28319,0.0,5.18362787842,296.999,2023-05-08 07:58:06,True,1.29102113243,103.760123524,0.0514444,0.0
ATI BHUM,HSB6462 ,9842750,TH,,CS,2761,567068500,1.2891083599,103.762993891,0.0,0.0,6.28319,0.0,5.18362787842,296.999,2023-05-08 07:58:16,True,1.29102534991,103.760133571,0.0514444,0.0
ATI BHUM,HSB6462 ,9842750,TH,,CS,2761,567068500,1.2891083599,103.762993891,0.0,0.0,6.28319,0.0,5.18362787842,296.999,2023-05-08 07:58:26,True,1.29102712055,103.760130315,0.0514444,0.0
ATI BHUM,HSB6462 ,9842750,TH,,CS,2761,567068500,1.2891083599,103.762993891,0.0,0.0,6.28319,0.0,5.18362787842,296.999,2023-05-08 07:58:36,True,1.29103412672,103.760142749,0.0514444,0.0
ATI BHUM,HSB6462 ,9842750,TH,,CS,2761,567068500,1.2891083599,103.762993891,0.0,0.0,6.28319,0.0,5.18362787842,296.999,2023-05-08 07:58:46,True,1.29103412672,103.760142749,0.0514444,0.0
ATI BHUM,HSB6462 ,9842750,TH,,CS,2761,567068500,1.2891083599,103.762993891,0.0,0.0,6.28319,0.0,5.18362787842,296.999,2023-05-08 07:58:56,True,1.29102034963,103.760151901,0.0514444,0.0
ATI BHUM,HSB6462 ,9842750,TH,,CS,2761,567068500,1.2891083599,103.762993891,0.0,0.0,6.28319,0.0,5.18362787842,296.999,2023-05-08 07:59:06,True,1.29102301916,103.760156455,0.0514444,0.0
ATI BHUM,HSB6462 ,9842750,TH,,CS,2761,567068500,1.2891083599,103.762993891,0.0,0.0,6.28319,0.0,5.18362787842,296.999,2023-05-08 07:59:16,True,1.29102912858,103.760159421,0.0514444,0.0
ATI BHUM,HSB6462 ,9842750,TH,,CS,2761,567068500,1.2891083599,103.762993891,0.0,0.0,6.28319,0.0,5.18362787842,296.999,2023-05-08 07:59:26,True,1.29103067623,103.760156578,0.0514444,0.0
ATI BHUM,HSB6462 ,9842750,TH,,CS,2761,567068500,1.2891083599,103.762993891,0.0,0.0,6.28319,0.0,5.18362787842,296.999,2023-05-08 07:59:36,True,1.29101002606,103.760170557,0.0,0.0
ATI BHUM,HSB6462 ,9842750,TH,,CS,2761,567068500,1.2891083599,103.762993891,0.0,0.0,6.28319,0.0,5.18362787842,296.999,2023-05-08 07:59:46,True,1.29100669222,103.760173891,0.0,0.0
ATI BHUM,HSB6462 ,9842750,TH,,CS,2761,567068500,1.2891083599,103.762993891,0.0,0.0,6.28319,0.0,5.18362787842,296.999,2023-05-08 07:59:56,True,1.29101002624,103.760175559,0.0,0.0
ATI BHUM,HSB6462 ,9842750,TH,,CS,2761,567068500,1.2891083599,103.762993891,0.0,0.0,6.28319,0.0,5.18362787842,296.999,2023-05-08 08:00:06,True,1.29101613297,103.760165187,0.0514444,0.0
ATI BHUM,HSB6462 ,9842750,TH,,CS,2761,567068500,1.28909002579,103.763007229,0.0,0.0,6.28319,0.0,5.18362787842,296.999,2023-05-08 08:00:16,True,1.2910255717,103.760161501,0.0514444,0.0
ATI BHUM,HSB6462 ,9842750,TH,,CS,2761,567068500,1.28909002579,103.763007229,0.0,0.0,6.28319,0.0,5.18362787842,296.999,2023-05-08 08:00:26,True,1.29102712156,103.760158649,0.0514444,0.0
ATI BHUM,HSB6462 ,9842750,TH,,CS,2761,567068500,1.28909002579,103.763007229,0.0,0.0,6.28319,0.0,5.18362787842,296.999,2023-05-08 08:00:36,True,1.29102889219,103.760155402,0.0514444,0.0
ATI BHUM,HSB6462 ,9842750,TH,,CS,2761,567068500,1.28909002579,103.763007229,0.0,0.0,6.28319,0.0,5.18362787842,296.999,2023-05-08 08:00:46,True,1.29103057037,103.760159833,0.0514444,0.0
ATI BHUM,HSB6462 ,9842750,TH,,CS,2761,567068500,1.28909002579,103.763007229,0.0,0.0,6.28319,0.0,5.18362787842,296.999,2023-05-08 08:00:56,True,1.29102535068,103.760155236,0.0514444,0.0
ATI BHUM,HSB6462 ,9842750,TH,,CS,2761,567068500,1.28909002579,103.763007229,0.0,0.0,6.28319,0.0,5.18362787842,296.999,2023-05-08 08:01:06,True,1.29102712132,103.76015198,0.0514444,0.0
ATI BHUM,HSB6462 ,9842750,TH,,CS,2761,567068500,1.28909002579,103.763007229,0.0,0.0,6.28319,0.0,5.18362787842,296.999,2023-05-08 08:01:16,True,1.29104579522,103.760132754,0.0514444,0.0
ATI BHUM,HSB6462 ,9842750,TH,,CS,2761,567068500,1.28909002579,103.763007229,0.0,0.0,6.28319,0.0,5.18362787842,296.999,2023-05-08 08:01:26,True,1.29104734287,103.760129911,0.0514444,0.0
ATI BHUM,HSB6462 ,9842750,TH,,CS,2761,567068500,1.28909002579,103.763007229,0.0,0.0,6.28319,0.0,5.18362787842,296.999,2023-05-08 08:01:36,True,1.2910491135,103.760126655,0.0514444,0.0
ATI BHUM,HSB6462 ,9842750,TH,,CS,2761,567068500,1.28909002579,103.763007229,0.0,0.0,6.28319,0.0,5.18362787842,296.999,2023-05-08 08:01:46,True,1.29105243179,103.760120557,0.0514444,0.0
ATI BHUM,HSB6462 ,9842750,TH,,CS,2761,567068500,1.28909002579,103.763007229,0.0,0.0,6.28319,0.0,5.18362787842,296.999,2023-05-08 08:01:56,True,1.29103835899,103.760133895,0.0,0.0
ATI BHUM,HSB6462 ,9842750,TH,,CS,2761,567068500,1.28909002579,103.763007229,0.0,0.0,6.28319,0.0,5.18362787842,296.999,2023-05-08 08:02:06,True,1.29101335931,103.760150559,0.0,0.0
ATI BHUM,HSB6462 ,9842750,TH,,CS,2761,567068500,1.28909002579,103.763007229,0.0,0.0,6.28319,0.0,5.18362787842,296.999,2023-05-08 08:02:16,True,1.29100669354,103.760148892,0.0,0.0
ATI BHUM,HSB6462 ,9842750,TH,,CS,2761,567068500,1.28909002579,103.763007229,0.0,0.0,6.28319,0.0,5.18362787842,296.999,2023-05-08 08:02:26,True,1.29100669354,103.760148892,0.0,0.0
ATI BHUM,HSB6462 ,9842750,TH,,CS,2761,567068500,1.28909002579,103.763007229,0.0,0.0,6.28319,0.0,5.18362787842,296.999,2023-05-08 08:02:36,True,1.29100669354,103.760148892,0.0,0.0
ATI BHUM,HSB6462 ,9842750,TH,,CS,2761,567068500,1.28909002579,103.763007229,0.0,0.0,6.28319,0.0,5.18362787842,296.999,2023-05-08 08:02:46,True,1.29100669354,103.760148892,0.0,0.0
ATI BHUM,HSB6462 ,9842750,TH,,CS,2761,567068500,1.28909002579,103.763007229,0.0,0.0,6.28319,0.0,5.18362787842,296.999,2023-05-08 08:02:56,True,1.29101223886,103.760121497,0.0514444,0.0
ATI BHUM,HSB6462 ,9842750,TH,,CS,2761,567068500,1.28909002579,103.763007229,0.0,0.0,6.28319,0.0,5.18362787842,296.999,2023-05-08 08:03:06,True,1.29102002681,103.760138897,0.0,0.0
ATI BHUM,HSB6462 ,9842750,TH,,CS,2761,567068500,1.28909002579,103.763007229,0.0,0.0,6.28319,0.0,5.18362787842,296.999,2023-05-08 08:03:16,True,1.29101056816,103.760141135,0.0514444,0.0
ATI BHUM,HSB6462 ,9842750,TH,,CS,2761,567068500,1.28909002579,103.763007229,0.0,0.0,6.28319,0.0,5.18362787842,296.999,2023-05-08 08:03:26,True,1.29102520895,103.760143293,0.0514444,0.0
ATI BHUM,HSB6462 ,9842750,TH,,CS,2761,567068500,1.28909002579,103.763007229,0.0,0.0,6.28319,0.0,5.18362787842,296.999,2023-05-08 08:03:36,True,1.2910224094,103.760145733,0.0514444,0.0
ATI BHUM,HSB6462 ,9842750,TH,,CS,2761,567068500,1.28909002579,103.763007229,0.0,0.0,6.28319,0.0,5.18362787842,296.999,2023-05-08 08:03:46,True,1.29101960763,103.760148163,0.0514444,0.0
ATI BHUM,HSB6462 ,9842750,TH,,CS,2761,567068500,1.28909002579,103.763007229,0.0,0.0,6.28319,0.0,5.18362787842,296.999,2023-05-08 08:03:56,True,1.29105835867,103.760143889,0.0,0.0
ATI BHUM,HSB6462 ,9842750,TH,,CS,2761,567068500,1.28909002579,103.763007229,0.0,0.0,6.28319,0.0,5.18362787842,296.999,2023-05-08 08:04:06,True,1.29105770553,103.760155164,0.0514444,0.0
ATI BHUM,HSB6462 ,9842750,TH,,CS,2761,567068500,1.28909002579,103.763007229,0.0,0.0,6.28319,0.0,5.18362787842,296.999,2023-05-08 08:04:16,True,1.29105460565,103.760156156,0.0514444,0.0
ATI BHUM,HSB6462 ,9842750,TH,,CS,2761,567068500,1.28909002579,103.763007229,0.0,0.0,6.28319,0.0,5.18362787842,296.999,2023-05-08 08:04:26,True,1.29104181938,103.760150444,0.0514444,0.0
ATI BHUM,HSB6462 ,9842750,TH,,CS,2761,567068500,1.28909002579,103.763007229,0.0,0.0,6.28319,0.0,5.18362787842,296.999,2023-05-08 08:04:36,True,1.2910387195,103.760151436,0.0514444,0.0
ATI BHUM,HSB6462 ,9842750,TH,,CS,2761,567068500,1.28909002579,103.763007229,0.0,0.0,6.28319,0.0,5.18362787842,296.999,2023-05-08 08:04:46,True,1.29103517583,103.760152568,0.0514444,0.0
ATI BHUM,HSB6462 ,9842750,TH,,CS,2761,567068500,1.28909002579,103.763007229,0.0,0.0,6.28319,0.0,5.18362787842,296.999,2023-05-08 08:04:56,True,1.29103335959,103.760177225,0.0,0.0
ATI BHUM,HSB6462 ,9842750,TH,,CS,2761,567068500,1.28909002579,103.763007229,0.0,0.0,6.28319,0.0,5.18362787842,296.999,2023-05-08 08:05:06,True,1.29101892196,103.760175839,0.0514444,0.0
ATI BHUM,HSB6462 ,9842750,TH,,CS,2761,567068500,1.28909002579,103.763007229,0.0,0.0,6.28319,0.0,5.18362787842,296.999,2023-05-08 08:05:16,True,1.29100444386,103.760154289,0.154333,0.0
ATI BHUM,HSB6462 ,9842750,TH,,CS,2761,567068500,1.28909002579,103.763007229,0.0,0.0,6.28319,0.0,5.18362787842,296.999,2023-05-08 08:05:26,True,1.29103914818,103.760099067,0.154333,0.0
ATI BHUM,HSB6462 ,9842750,TH,,CS,2761,567068500,1.28909002579,103.763007229,0.0,0.0,6.28319,0.0,5.18362787842,296.999,2023-05-08 08:05:36,True,1.29107028647,103.76003702,0.154333,0.0
ATI BHUM,HSB6462 ,9842750,TH,,CS,2761,567068500,1.28909002579,103.763007229,0.0,0.0,6.28319,0.0,5.18362787842,296.999,2023-05-08 08:05:46,True,1.29108689326,103.760003921,0.154333,0.0
ATI BHUM,HSB6462 ,9842750,TH,,CS,2761,567068500,1.28909002579,103.763007229,0.0,0.0,6.28319,0.0,5.18362787842,296.999,2023-05-08 08:05:56,True,1.29123218458,103.759610383,2.21211,0.0
ATI BHUM,HSB6462 ,9842750,TH,,CS,2761,567068500,1.28909002579,103.763007229,0.0,0.0,6.28319,0.0,5.18362787842,296.999,2023-05-08 08:06:06,True,1.29129317309,103.759463367,2.21211,0.0
ATI BHUM,HSB6462 ,9842750,TH,,CS,2761,567068500,1.28909002533,103.762993892,0.0,0.0,6.28319,0.0,5.18362787842,295.999,2023-05-08 08:06:16,True,1.2911195712,103.758670753,3.96122,0.0
ATI BHUM,HSB6462 ,9842750,TH,,CS,2761,567068500,1.28909002533,103.762993892,0.0,0.0,6.28319,0.0,5.1661745859,295.999,2023-05-08 08:06:26,True,1.29097470922,103.758354988,4.68144,0.0
ATI BHUM,HSB6462 ,9842750,TH,,CS,2761,567068500,1.28909002533,103.762993892,0.0,0.0,6.28319,0.0,5.1661745859,295.999,2023-05-08 08:06:36,True,1.29081141362,103.757745232,4.68144,0.0
ATI BHUM,HSB6462 ,9842750,TH,,CS,2761,567068500,1.28909002533,103.762993892,0.0,0.0,6.28319,0.0,5.1661745859,295.999,2023-05-08 08:06:46,True,1.29036074179,103.757498229,5.093,0.0
ATI BHUM,HSB6462 ,9842750,TH,,CS,2761,567068500,1.28909002533,103.762993892,0.0,0.0,6.28319,0.0,5.1661745859,295.999,2023-05-08 08:06:56,True,1.28981314892,103.757251071,4.68144,0.0
ATI BHUM,HSB6462 ,9842750,TH,,CS,2761,567068500,1.28909002533,103.762993892,0.0,0.0,6.28319,0.0,5.1661745859,295.999,2023-05-08 08:07:06,True,1.28940328428,103.757377759,4.63,0.0
ATI BHUM,HSB6462 ,9842750,TH,,CS,2761,567068500,1.28909002533,103.762993892,0.0,0.0,6.28319,0.0,5.1661745859,295.999,2023-05-08 08:07:16,True,1.28895920436,103.757407074,5.093,0.0
ATI BHUM,HSB6462 ,9842750,TH,,CS,2761,567068500,1.28909002533,103.762993892,0.0,0.0,6.28319,0.0,5.1661745859,295.999,2023-05-08 08:07:26,True,1.288581289,103.757311434,5.24733,0.0
ATI BHUM,HSB6462 ,9842750,TH,,CS,2761,567068500,1.28909002533,103.762993892,0.0,0.0,6.28319,0.0,5.1661745859,295.999,2023-05-08 08:07:36,True,1.28830131881,103.757026307,5.24733,0.0
ATI BHUM,HSB6462 ,9842750,TH,,CS,2761,567068500,1.28909002533,103.762993892,0.0,0.0,6.28319,0.0,5.1661745859,295.999,2023-05-08 08:07:46,True,1.28830131881,103.757026307,5.24733,0.0
ATI BHUM,HSB6462 ,9842750,TH,,CS,2761,567068500,1.28909002533,103.762993892,0.0,0.0,6.28319,0.0,5.1661745859,295.999,2023-05-08 08:07:56,True,1.28762396208,103.756061893,5.556,0.0
ATI BHUM,HSB6462 ,9842750,TH,,CS,2761,567068500,1.28909002533,103.762993892,0.0,0.0,6.28319,0.0,5.1661745859,295.999,2023-05-08 08:08:06,True,1.28731595903,103.755335649,5.65889,0.0
ATI BHUM,HSB6462 ,9842750,TH,,CS,2761,567068500,1.28909002533,103.762993892,0.0,0.0,6.28319,0.0,5.1661745859,295.999,2023-05-08 08:08:16,True,1.28731595903,103.755335649,5.65889,0.0
ATI BHUM,HSB6462 ,9842750,TH,,CS,2761,567068500,1.28909002533,103.762993892,0.0,0.0,6.28319,0.0,5.1661745859,295.999,2023-05-08 08:08:26,True,1.28731595903,103.755335649,5.65889,0.0
ATI BHUM,HSB6462 ,9842750,TH,,CS,2761,567068500,1.28909002533,103.762993892,0.0,0.0,6.28319,0.0,5.1661745859,295.999,2023-05-08 08:08:36,True,1.28656808209,103.753880535,5.81322,0.0
ATI BHUM,HSB6462 ,9842750,TH,,CS,2761,567068500,1.28909002533,103.762993892,0.0,0.0,6.28319,0.0,5.1661745859,295.999,2023-05-08 08:08:46,True,1.28640403049,103.753504945,5.76178,0.0
ATI BHUM,HSB6462 ,9842750,TH,,CS,2761,567068500,1.28909002533,103.762993892,0.0,0.0,6.28319,0.0,5.1661745859,295.999,2023-05-08 08:08:56,True,1.28629955152,103.753266748,5.81322,0.0
ATI BHUM,HSB6462 ,9842750,TH,,CS,2761,567068500,1.28909002533,103.762993892,0.0,0.0,6.28319,0.0,5.1661745859,295.999,2023-05-08 08:09:06,True,1.28583264929,103.752626022,5.81322,0.0
ATI BHUM,HSB6462 ,9842750,TH,,CS,2761,567068500,1.28908502661,103.762993892,0.0,0.0,6.28319,0.0,5.18362787842,296.999,2023-05-08 08:09:16,True,1.2855591841,103.752307981,5.86467,0.0
ATI BHUM,HSB6462 ,9842750,TH,,CS,2761,567068500,1.28908502661,103.762993892,0.0,0.0,6.28319,0.0,5.18362787842,296.999,2023-05-08 08:09:26,True,1.28526309541,103.752018003,5.81322,0.0
ATI BHUM,HSB6462 ,9842750,TH,,CS,2761,567068500,1.28908502661,103.762993892,0.0,0.0,6.28319,0.0,5.18362787842,296.999,2023-05-08 08:09:36,True,1.28526309541,103.752018003,5.81322,0.0
ATI BHUM,HSB6462 ,9842750,TH,,CS,2761,567068500,1.28908502661,103.762993892,0.0,0.0,6.28319,0.0,5.18362787842,296.999,2023-05-08 08:09:46,True,1.28433590583,103.751234652,5.76178,0.0
ATI BHUM,HSB6462 ,9842750,TH,,CS,2761,567068500,1.28908502661,103.762993892,0.0,0.0,6.28319,0.0,5.18362787842,296.999,2023-05-08 08:09:56,True,1.28401516883,103.750970157,5.76178,0.0
ATI BHUM,HSB6462 ,9842750,TH,,CS,2761,567068500,1.28908502661,103.762993892,0.0,0.0,6.28319,0.0,5.18362787842,296.999,2023-05-08 08:10:06,True,1.28360089412,103.750896017,5.76178,0.0
ATI BHUM,HSB6462 ,9842750,TH,,CS,2761,567068500,1.28908502661,103.762993892,0.0,0.0,6.28319,0.0,5.18362787842,296.999,2023-05-08 08:10:16,True,1.28286697648,103.750502979,5.65889,0.0
ATI BHUM,HSB6462 ,9842750,TH,,CS,2761,567068500,1.28908502661,103.762993892,0.0,0.0,6.28319,0.0,5.18362787842,296.999,2023-05-08 08:10:26,True,1.28243557938,103.750316646,5.71033,0.0
ATI BHUM,HSB6462 ,9842750,TH,,CS,2761,567068500,1.28908502661,103.762993892,0.0,0.0,6.28319,0.0,5.18362787842,296.999,2023-05-08 08:10:36,True,1.28214973503,103.750189747,5.76178,0.0
ATI BHUM,HSB6462 ,9842750,TH,,CS,2761,567068500,1.28908502661,103.762993892,0.0,0.0,6.28319,0.0,5.18362787842,296.999,2023-05-08 08:10:46,True,1.28182153823,103.750031314,5.76178,0.0
ATI BHUM,HSB6462 ,9842750,TH,,CS,2761,567068500,1.28908502661,103.762993892,0.0,0.0,6.28319,0.0,5.18362787842,296.999,2023-05-08 08:10:56,True,1.28110160384,103.749737711,5.76178,0.0
ATI BHUM,HSB6462 ,9842750,TH,,CS,2761,567068500,1.28908502661,103.762993892,0.0,0.0,6.28319,0.0,5.18362787842,296.999,2023-05-08 08:11:06,True,1.28026989912,103.749641555,5.65889,0.0
ATI BHUM,HSB6462 ,9842750,TH,,CS,2761,567068500,1.28908502661,103.762993892,0.0,0.0,6.28319,0.0,5.18362787842,296.999,2023-05-08 08:11:16,True,1.2800064404,103.750036982,5.19589,0.0
ATI BHUM,HSB6462 ,9842750,TH,,CS,2761,567068500,1.28908502661,103.762993892,0.0,0.0,6.28319,0.0,5.18362787842,296.999,2023-05-08 08:11:26,True,1.2800064404,103.750036982,5.19589,0.0
ATI BHUM,HSB6462 ,9842750,TH,,CS,2761,567068500,1.28908502661,103.762993892,0.0,0.0,6.28319,0.0,5.18362787842,296.999,2023-05-08 08:11:36,True,1.27957812219,103.75086668,5.35022,0.0
ATI BHUM,HSB6462 ,9842750,TH,,CS,2761,567068500,1.28908502661,103.762993892,0.0,0.0,6.28319,0.0,5.18362787842,296.999,2023-05-08 08:11:46,True,1.27898461134,103.751289471,5.40167,0.0
ATI BHUM,HSB6462 ,9842750,TH,,CS,2761,567068500,1.28908502661,103.762993892,0.0,0.0,6.28319,0.0,5.18362787842,296.999,2023-05-08 08:11:56,True,1.27871337943,103.751429509,5.40167,0.0
ATI BHUM,HSB6462 ,9842750,TH,,CS,2761,567068500,1.28908502661,103.762993892,0.0,0.0,6.28319,0.0,5.18362787842,296.999,2023-05-08 08:12:06,True,1.27845324789,103.751571135,5.45311,0.0
