name,callsign,imonumber,flag,length,type,grosstonnage,mmsinumber,latitudedegrees,longitudedegrees,speedoverground,speedoverwater,courseoverground,courseoverwater,headingoverground,headingoverwater,timestamp,is_stopped,lat_tug_9511882,lon_tug_9511882,sog_tug_9511882,heading_tug_9511882
BRIDGE,3FGT8   ,9158587,PA,,CS,21611,353851000,1.27978525654,103.7678326,0.514444,0.993074,6.21337,356.634,2.30383461263,131.995,2023-06-14 22:50:12,False,1.2811091305,103.768405243,0.463,0.0
BRIDGE,3FGT8   ,9158587,PA,,CS,21611,353851000,1.27981774491,103.767830343,0.514444,0.993074,6.21337,356.634,2.30383461263,131.995,2023-06-14 22:50:22,False,1.28112868214,103.768420915,0.463,0.0
BRIDGE,3FGT8   ,9158587,PA,,CS,21611,353851000,1.27990818677,103.767794408,0.565889,1.07967,6.03884,346.464,2.32128790515,132.995,2023-06-14 22:50:32,False,1.28119423832,103.768446824,0.411556,0.0
BRIDGE,3FGT8   ,9158587,PA,,CS,21611,353851000,1.27994294688,103.767785799,0.565889,1.07967,6.03884,346.464,2.32128790515,132.995,2023-06-14 22:50:42,False,1.28121880748,103.76846354,0.411556,0.0
BRIDGE,3FGT8   ,9158587,PA,,CS,21611,353851000,1.28002532881,103.767752048,0.617333,1.19905,5.93412,340.096,2.32128790515,132.995,2023-06-14 22:50:52,False,1.28124924733,103.768474841,0.514444,0.0
BRIDGE,3FGT8   ,9158587,PA,,CS,21611,353851000,1.28007825777,103.767739788,0.668778,1.28544,5.91667,339.647,2.32128790515,132.995,2023-06-14 22:51:02,False,1.28133907808,103.768453489,0.617333,0.0
BRIDGE,3FGT8   ,9158587,PA,,CS,21611,353851000,1.28014552007,103.767712584,0.720222,1.39009,5.91667,339.538,2.32128790515,132.995,2023-06-14 22:51:12,False,1.2813927367,103.768404778,0.668778,0.0
BRIDGE,3FGT8   ,9158587,PA,,CS,21611,353851000,1.28023651038,103.767669971,0.720222,1.39009,5.91667,339.538,2.33874119767,133.995,2023-06-14 22:51:22,False,1.28146482751,103.768370853,0.617333,0.0
BRIDGE,3FGT8   ,9158587,PA,,CS,21611,353851000,1.28028623793,103.767659773,0.771667,1.49474,5.91667,339.444,2.33874119767,133.995,2023-06-14 22:51:32,False,1.28150325282,103.768363779,0.617333,0.0
BRIDGE,3FGT8   ,9158587,PA,,CS,21611,353851000,1.28039867261,103.767615343,0.771667,1.58122,5.91667,339.114,2.33874119767,135.0,2023-06-14 22:51:42,False,1.28153952906,103.768367314,0.617333,0.0
BRIDGE,3FGT8   ,9158587,PA,,CS,21611,353851000,1.28045361191,103.767569809,0.874556,1.68589,5.91667,339.057,2.37364778271,136.0,2023-06-14 22:51:52,False,1.2816216212,103.768350867,0.617333,0.0
BRIDGE,3FGT8   ,9158587,PA,,CS,21611,353851000,1.28056648044,103.767525212,0.874556,1.68589,5.91667,339.057,2.39110107523,137.0,2023-06-14 22:52:02,False,1.28170555538,103.768319416,0.668778,0.0
BRIDGE,3FGT8   ,9158587,PA,,CS,21611,353851000,1.28063057498,103.767516812,0.926,1.7953,5.93412,340.388,2.42600766027,138.999,2023-06-14 22:52:12,False,1.28179273686,103.768339885,0.720222,0.0
BRIDGE,3FGT8   ,9158587,PA,,CS,21611,353851000,1.28070827859,103.767491547,0.926,1.88162,5.93412,340.067,2.42600766027,139.999,2023-06-14 22:52:22,False,1.28183831491,103.768338699,0.720222,0.0
BRIDGE,3FGT8   ,9158587,PA,,CS,21611,353851000,1.28084494461,103.767429488,0.977444,1.99166,5.93412,341.211,2.44346095279,139.999,2023-06-14 22:52:32,False,1.28185131409,103.768340243,0.668778,0.0
BRIDGE,3FGT8   ,9158587,PA,,CS,21611,353851000,1.28091315244,103.767418894,1.08033,2.08391,5.96903,342.072,2.51327412287,143.998,2023-06-14 22:52:42,False,1.28196924579,103.768342441,0.668778,0.0
BRIDGE,3FGT8   ,9158587,PA,,CS,21611,353851000,1.28107075258,103.767382421,1.08033,2.10241,5.96903,342.235,2.54818070791,145.997,2023-06-14 22:52:52,False,1.28202369709,103.768363815,0.668778,0.0
BRIDGE,3FGT8   ,9158587,PA,,CS,21611,353851000,1.28112759931,103.767364466,1.13178,2.18957,5.98648,343.496,2.58308729295,147.997,2023-06-14 22:53:02,False,1.28206080227,103.768363384,0.720222,0.0
BRIDGE,3FGT8   ,9158587,PA,,CS,21611,353851000,1.28120570599,103.767343097,1.18322,2.28292,6.00393,344.189,2.61799387799,149.996,2023-06-14 22:53:12,False,1.2821646751,103.768401779,0.720222,0.0
BRIDGE,3FGT8   ,9158587,PA,,CS,21611,353851000,1.28136724151,103.767299569,1.23467,2.38087,6.03884,346.304,2.65290046303,151.996,2023-06-14 22:53:22,False,1.28219212652,103.768412677,0.720222,0.0
BRIDGE,3FGT8   ,9158587,PA,,CS,21611,353851000,1.28145266896,103.767290897,1.28611,2.49002,6.05629,347.374,2.68780704807,153.995,2023-06-14 22:53:32,False,1.2822710141,103.768437902,0.720222,0.0
BRIDGE,3FGT8   ,9158587,PA,,CS,21611,353851000,1.28160926594,103.767264831,1.28611,2.49328,6.0912,349.216,2.74016692563,156.995,2023-06-14 22:53:42,False,1.28231918758,103.768471823,0.720222,0.0
BRIDGE,3FGT8   ,9158587,PA,,CS,21611,353851000,1.28170827542,103.76725657,1.28611,2.47991,6.12611,350.981,2.79252680319,159.999,2023-06-14 22:53:52,False,1.28243949964,103.768481042,0.823111,0.0
BRIDGE,3FGT8   ,9158587,PA,,CS,21611,353851000,1.28181854243,103.767261884,1.28611,2.48158,6.17847,354.155,2.84488668075,162.999,2023-06-14 22:54:02,False,1.28248882732,103.76849773,0.823111,0.0
BRIDGE,3FGT8   ,9158587,PA,,CS,21611,353851000,1.28198650001,103.767262423,1.28611,2.49298,6.21337,356.424,2.91469985083,166.998,2023-06-14 22:54:12,False,1.28254741972,103.768523807,0.823111,0.0
BRIDGE,3FGT8   ,9158587,PA,,CS,21611,353851000,1.28209594788,103.767267921,1.28611,2.44955,6.26573,359.091,2.96705972839,169.997,2023-06-14 22:54:22,False,1.28266590356,103.768565264,0.823111,0.0
BRIDGE,3FGT8   ,9158587,PA,,CS,21611,353851000,1.28225491319,103.767286256,1.28611,2.43105,0.0349066,1.83284,3.03687289847,173.996,2023-06-14 22:54:32,False,1.28269489067,103.768613559,0.926,0.0
BRIDGE,3FGT8   ,9158587,PA,,CS,21611,353851000,1.28233445801,103.767289114,1.28611,2.43105,0.0349066,1.83284,3.03687289847,173.996,2023-06-14 22:54:42,False,1.28275353377,103.768671155,0.720222,0.0
BRIDGE,3FGT8   ,9158587,PA,,CS,21611,353851000,1.2824748098,103.76735198,1.23467,2.33326,0.191986,10.561,3.21140582367,183.999,2023-06-14 22:54:52,False,1.28278975447,103.768698672,0.720222,0.0
BRIDGE,3FGT8   ,9158587,PA,,CS,21611,353851000,1.28256179977,103.767390297,1.23467,2.35302,0.226893,12.8882,3.26376570123,186.998,2023-06-14 22:55:02,False,1.28277428782,103.768727787,0.617333,0.0
BRIDGE,3FGT8   ,9158587,PA,,CS,21611,353851000,1.28261620014,103.767406862,1.23467,2.35277,0.261799,14.8399,3.29867228627,188.998,2023-06-14 22:55:12,False,1.28273502492,103.768848424,0.823111,0.0
BRIDGE,3FGT8   ,9158587,PA,,CS,21611,353851000,1.28276385953,103.767485058,1.18322,2.2489,0.383972,22.3532,3.40339204139,194.996,2023-06-14 22:55:22,False,1.28266196298,103.768858991,0.771667,0.0
BRIDGE,3FGT8   ,9158587,PA,,CS,21611,353851000,1.28280929857,103.767520516,1.18322,2.07773,0.383972,26.0856,3.40339204139,194.996,2023-06-14 22:55:32,False,1.28253202026,103.768893568,0.771667,0.0
BRIDGE,3FGT8   ,9158587,PA,,CS,21611,353851000,1.28285603377,103.767593591,0.874556,1.68207,0.628319,33.6901,3.57792496659,204.999,2023-06-14 22:55:42,False,1.28249389597,103.768923912,0.771667,0.0
BRIDGE,3FGT8   ,9158587,PA,,CS,21611,353851000,1.28284788001,103.767630217,0.874556,1.38995,0.628319,42.1659,3.57792496659,204.999,2023-06-14 22:55:52,False,1.28235225132,103.768925259,1.08033,0.0
BRIDGE,3FGT8   ,9158587,PA,,CS,21611,353851000,1.2828582764,103.767642686,0.668778,1.27896,0.820305,46.8476,3.66519142919,209.998,2023-06-14 22:56:02,False,1.28228494526,103.768895883,1.08033,0.0
BRIDGE,3FGT8   ,9158587,PA,,CS,21611,353851000,1.28285614472,103.767713015,0.514444,0.99117,1.11701,64.44,3.76991118431,215.997,2023-06-14 22:56:12,False,1.2822247942,103.768874001,1.13178,0.0
BRIDGE,3FGT8   ,9158587,PA,,CS,21611,353851000,1.2828541156,103.767745693,0.514444,0.88525,1.11701,70.7693,3.76991118431,215.997,2023-06-14 22:56:22,False,1.28209038701,103.768802947,1.54333,0.0
BRIDGE,3FGT8   ,9158587,PA,,CS,21611,353851000,1.28285859599,103.767761742,0.463,0.891841,1.27409,73.54,3.83972435439,219.996,2023-06-14 22:56:32,True,1.28197432809,103.768746099,1.54333,0.0
BRIDGE,3FGT8   ,9158587,PA,,CS,21611,353851000,1.28285265212,103.767825386,0.463,0.897543,1.46608,85.0303,3.97935069455,227.999,2023-06-14 22:56:42,True,1.2818448801,103.768612437,1.54333,0.0
BRIDGE,3FGT8   ,9158587,PA,,CS,21611,353851000,1.28283313974,103.767863039,0.463,0.894168,1.58825,90.0,4.04916386463,231.998,2023-06-14 22:56:52,True,1.28176704553,103.768547514,1.69767,0.0
BRIDGE,3FGT8   ,9158587,PA,,CS,21611,353851000,1.28281429454,103.76791281,0.463,0.888445,1.67552,100.081,4.11897703471,235.997,2023-06-14 22:57:02,True,1.28169561628,103.768452512,1.69767,0.0
BRIDGE,3FGT8   ,9158587,PA,,CS,21611,353851000,1.28281258785,103.767948111,0.411556,0.787677,1.85005,105.751,4.22369678983,241.996,2023-06-14 22:57:12,True,1.28157555247,103.768232611,1.80056,0.0
BRIDGE,3FGT8   ,9158587,PA,,CS,21611,353851000,1.28276305065,103.767972585,0.360111,0.684774,2.16421,124.592,4.36332312999,249.999,2023-06-14 22:57:22,True,1.28154750633,103.768128412,1.80056,0.0
BRIDGE,3FGT8   ,9158587,PA,,CS,21611,353851000,1.28274503619,103.767971384,0.360111,0.689449,2.44346,139.574,4.41568300755,252.999,2023-06-14 22:57:32,True,1.28151218289,103.767887422,1.80056,0.0
BRIDGE,3FGT8   ,9158587,PA,,CS,21611,353851000,1.28270745462,103.767953721,0.360111,0.694635,2.80998,162.072,4.48549617763,256.998,2023-06-14 22:57:42,True,1.28153249762,103.767774306,1.80056,0.0
BRIDGE,3FGT8   ,9158587,PA,,CS,21611,353851000,1.28263795078,103.767897117,0.463,0.886529,3.42085,195.255,4.60766922527,263.996,2023-06-14 22:57:52,True,1.28147655949,103.767793638,1.59478,0.0
BRIDGE,3FGT8   ,9158587,PA,,CS,21611,353851000,1.28261454169,103.767874778,0.463,0.886743,3.59538,206.003,4.66002910282,266.995,2023-06-14 22:58:02,True,1.2814551531,103.767535976,1.74911,0.0
BRIDGE,3FGT8   ,9158587,PA,,CS,21611,353851000,1.28255548587,103.767788199,0.617333,1.18335,3.97935,227.663,4.8171087355,275.999,2023-06-14 22:58:12,False,1.28146881864,103.767388112,1.74911,0.0
BRIDGE,3FGT8   ,9158587,PA,,CS,21611,353851000,1.28252659537,103.767723924,0.668778,1.28852,4.11898,236.07,4.86946861306,278.998,2023-06-14 22:58:22,False,1.28149567647,103.767239563,1.95489,0.0
BRIDGE,3FGT8   ,9158587,PA,,CS,21611,353851000,1.28251057691,103.767655797,0.720222,1.38245,4.2237,242.354,4.92182849062,281.997,2023-06-14 22:58:32,False,1.28160047056,103.767057334,1.64622,0.0
BRIDGE,3FGT8   ,9158587,PA,,CS,21611,353851000,1.28249082439,103.767539093,0.720222,1.59217,4.2237,252.229,4.92182849062,285.996,2023-06-14 22:58:42,False,1.28168306067,103.766976077,1.64622,0.0
BRIDGE,3FGT8   ,9158587,PA,,CS,21611,353851000,1.2824916538,103.767481197,0.823111,1.59395,4.4855,257.32,5.02654824574,287.996,2023-06-14 22:58:52,False,1.28195921604,103.766935809,1.95489,0.0
BRIDGE,3FGT8   ,9158587,PA,,CS,21611,353851000,1.28251581661,103.767358946,0.926,1.78929,4.67748,268.132,5.0789081233,290.995,2023-06-14 22:59:02,False,1.28203710151,103.766868127,1.59478,0.0
BRIDGE,3FGT8   ,9158587,PA,,CS,21611,353851000,1.28253397624,103.767275138,0.977444,1.88913,4.7822,273.54,5.11381470834,293.0,2023-06-14 22:59:12,False,1.28206685872,103.766799375,0.926,0.0
BRIDGE,3FGT8   ,9158587,PA,,CS,21611,353851000,1.28253829293,103.767213802,1.02889,1.88913,4.85202,273.54,5.13126800086,294.0,2023-06-14 22:59:22,False,1.28213299782,103.766792204,0.977444,0.0
BRIDGE,3FGT8   ,9158587,PA,,CS,21611,353851000,1.28259411001,103.767070903,1.08033,2.08536,4.92183,281.834,5.14872129338,294.999,2023-06-14 22:59:32,False,1.28219945523,103.76676235,0.977444,0.0
BRIDGE,3FGT8   ,9158587,PA,,CS,21611,353851000,1.28264140651,103.766989357,1.13178,2.1925,4.97419,284.899,5.1661745859,295.999,2023-06-14 22:59:42,False,1.28230463189,103.766734267,0.823111,0.0
BRIDGE,3FGT8   ,9158587,PA,,CS,21611,353851000,1.28269186399,103.766816703,1.23467,2.40574,4.99164,285.945,5.18362787842,296.999,2023-06-14 22:59:52,False,1.28233892443,103.766674115,0.926,0.0
BRIDGE,3FGT8   ,9158587,PA,,CS,21611,353851000,1.28273112497,103.766741572,1.28611,2.48971,5.02655,287.728,5.20108117094,297.999,2023-06-14 23:00:02,False,1.28246310339,103.766573807,0.977444,0.0
BRIDGE,3FGT8   ,9158587,PA,,CS,21611,353851000,1.28275955678,103.7666537,1.28611,2.48971,5.02655,287.728,5.20108117094,297.999,2023-06-14 23:00:12,False,1.28250304312,103.766526851,0.977444,0.0
BRIDGE,3FGT8   ,9158587,PA,,CS,21611,353851000,1.2828614312,103.766448577,1.44044,2.78303,5.09636,291.727,5.21853446346,298.998,2023-06-14 23:00:22,False,1.28257058073,103.766446086,0.977444,0.0
BRIDGE,3FGT8   ,9158587,PA,,CS,21611,353851000,1.28289062638,103.766376966,1.54333,2.78303,5.11381,291.727,5.23598775598,299.998,2023-06-14 23:00:32,False,1.28266302418,103.766313461,1.23467,0.0
BRIDGE,3FGT8   ,9158587,PA,,CS,21611,353851000,1.28299766765,103.766149072,1.64622,3.16602,5.14872,294.677,5.23598775598,299.998,2023-06-14 23:00:42,False,1.28272076067,103.766227589,1.23467,0.0
BRIDGE,3FGT8   ,9158587,PA,,CS,21611,353851000,1.28306298145,103.766055267,1.69767,3.26022,5.16617,295.801,5.2534410485,300.998,2023-06-14 23:00:52,False,1.28284662985,103.766029354,1.64622,0.0
BRIDGE,3FGT8   ,9158587,PA,,CS,21611,353851000,1.28310947941,103.765929971,1.74911,3.36465,5.16617,295.677,5.2534410485,300.998,2023-06-14 23:01:02,False,1.28289317029,103.7659536,1.64622,0.0
BRIDGE,3FGT8   ,9158587,PA,,CS,21611,353851000,1.28324174509,103.765703989,1.74911,3.58243,5.16617,297.816,5.2534410485,300.998,2023-06-14 23:01:12,False,1.28303794061,103.765730162,1.95489,0.0
BRIDGE,3FGT8   ,9158587,PA,,CS,21611,353851000,1.2833176206,103.765581236,1.90344,3.68655,5.20108,297.646,5.2534410485,300.998,2023-06-14 23:01:22,False,1.28311682572,103.765613525,1.95489,0.0
BRIDGE,3FGT8   ,9158587,PA,,CS,21611,353851000,1.28345044245,103.765349648,1.95489,3.7667,5.21853,298.681,5.2534410485,300.998,2023-06-14 23:01:32,False,1.28316888016,103.765562867,1.852,0.0
BRIDGE,3FGT8   ,9158587,PA,,CS,21611,353851000,1.28351979681,103.765225807,1.95489,3.77606,5.21853,298.94,5.2534410485,300.998,2023-06-14 23:01:42,False,1.28332602792,103.765368965,2.05778,0.0
BRIDGE,3FGT8   ,9158587,PA,,CS,21611,353851000,1.28365807389,103.764978994,2.05778,3.9762,5.21853,298.946,5.23598775598,299.998,2023-06-14 23:01:52,False,1.28339370581,103.765258374,2.05778,0.0
BRIDGE,3FGT8   ,9158587,PA,,CS,21611,353851000,1.28373329475,103.764857575,2.10922,4.08947,5.21853,299.002,5.23598775598,299.998,2023-06-14 23:02:02,False,1.28349478473,103.765037694,2.10922,0.0
BRIDGE,3FGT8   ,9158587,PA,,CS,21611,353851000,1.28380539197,103.764752951,2.16067,4.18577,5.21853,299.184,5.23598775598,299.998,2023-06-14 23:02:12,False,1.2835603329,103.76492211,2.10922,0.0
BRIDGE,3FGT8   ,9158587,PA,,CS,21611,353851000,1.28393975958,103.764497398,2.21211,4.2896,5.21853,299.004,5.23598775598,299.998,2023-06-14 23:02:22,False,1.28364703864,103.764746427,2.36644,0.0
BRIDGE,3FGT8   ,9158587,PA,,CS,21611,353851000,1.28404521585,103.764348565,2.26356,4.39777,5.23599,299.965,5.23598775598,299.998,2023-06-14 23:02:32,False,1.28378178553,103.764509328,2.315,0.0
BRIDGE,3FGT8   ,9158587,PA,,CS,21611,353851000,1.28418142349,103.764086116,2.315,4.50674,5.21853,298.887,5.23598775598,299.998,2023-06-14 23:02:42,False,1.28383644797,103.764374221,2.315,0.0
BRIDGE,3FGT8   ,9158587,PA,,CS,21611,353851000,1.2842513312,103.76397219,2.315,4.50674,5.21853,298.887,5.23598775598,299.998,2023-06-14 23:02:52,False,1.28378388293,103.764112646,1.08033,0.0
BRIDGE,3FGT8   ,9158587,PA,,CS,21611,353851000,1.28434755122,103.763809116,2.36644,4.60301,5.21853,299.055,5.23598775598,299.998,2023-06-14 23:03:02,False,1.28376306709,103.764125397,1.08033,0.0
BRIDGE,3FGT8   ,9158587,PA,,CS,21611,353851000,1.28449740004,103.76353518,2.36644,4.68986,5.21853,299.008,5.23598775598,299.998,2023-06-14 23:03:12,False,1.28376132026,103.764114437,0.205778,0.0
BRIDGE,3FGT8   ,9158587,PA,,CS,21611,353851000,1.28458265728,103.763391814,2.46933,4.78616,5.21853,299.168,5.23598775598,299.998,2023-06-14 23:03:22,False,1.28383632989,103.764080994,0.771667,0.0
BRIDGE,3FGT8   ,9158587,PA,,CS,21611,353851000,1.284761955,103.763077206,2.52078,4.89,5.21853,299.01,5.23598775598,299.998,2023-06-14 23:03:32,False,1.28385839073,103.76399543,0.771667,0.0
BRIDGE,3FGT8   ,9158587,PA,,CS,21611,353851000,1.28482542715,103.762947925,2.57222,4.98629,5.21853,299.163,5.23598775598,299.998,2023-06-14 23:03:42,False,1.2838719257,103.763844925,1.80056,0.0
BRIDGE,3FGT8   ,9158587,PA,,CS,21611,353851000,1.28491951878,103.76278808,2.57222,4.98629,5.21853,299.163,5.23598775598,299.998,2023-06-14 23:03:52,False,1.28393034451,103.763666689,1.80056,0.0
BRIDGE,3FGT8   ,9158587,PA,,CS,21611,353851000,1.28509792436,103.762471927,2.62367,5.09013,5.21853,299.012,5.23598775598,299.998,2023-06-14 23:04:02,False,1.28399122607,103.763515454,2.05778,0.0
BRIDGE,3FGT8   ,9158587,PA,,CS,21611,353851000,1.2851853704,103.762320164,2.67511,5.17698,5.21853,298.971,5.23598775598,299.998,2023-06-14 23:04:12,False,1.28411818648,103.76324215,2.46933,0.0
BRIDGE,3FGT8   ,9158587,PA,,CS,21611,353851000,1.28535881731,103.762015085,2.67511,5.17698,5.21853,298.971,5.23598775598,299.998,2023-06-14 23:04:22,False,1.28417779933,103.763084517,2.46933,0.0
BRIDGE,3FGT8   ,9158587,PA,,CS,21611,353851000,1.28543483089,103.761868499,2.72656,5.28086,5.21853,298.829,5.23598775598,299.998,2023-06-14 23:04:32,False,1.28434411267,103.762782554,2.88089,0.0
BRIDGE,3FGT8   ,9158587,PA,,CS,21611,353851000,1.28555433659,103.761673686,2.778,5.36772,5.21853,298.793,5.23598775598,299.998,2023-06-14 23:04:42,False,1.28444228485,103.762599877,2.88089,0.0
BRIDGE,3FGT8   ,9158587,PA,,CS,21611,353851000,1.28573189992,103.761363868,2.778,5.37711,5.21853,298.974,5.23598775598,299.998,2023-06-14 23:04:52,False,1.28456647594,103.762440636,3.241,0.0
BRIDGE,3FGT8   ,9158587,PA,,CS,21611,353851000,1.28581780654,103.761199733,2.82944,5.46397,5.21853,298.936,5.21853446346,298.998,2023-06-14 23:05:02,False,1.28474193233,103.762078986,2.98378,0.0
BRIDGE,3FGT8   ,9158587,PA,,CS,21611,353851000,1.28597431427,103.760929604,2.82944,5.49039,5.21853,299.015,5.20108117094,297.999,2023-06-14 23:05:12,False,1.28482443974,103.761910165,2.98378,0.0
BRIDGE,3FGT8   ,9158587,PA,,CS,21611,353851000,1.28607170629,103.760761116,2.82944,5.57724,5.21853,298.977,5.20108117094,297.999,2023-06-14 23:05:22,False,1.28500058008,103.761567934,3.29244,0.0
BRIDGE,3FGT8   ,9158587,PA,,CS,21611,353851000,1.286256999,103.760439206,2.88089,5.58668,5.21853,299.151,5.18362787842,296.999,2023-06-14 23:05:32,False,1.28510946291,103.761357431,3.29244,0.0
BRIDGE,3FGT8   ,9158587,PA,,CS,21611,353851000,1.28636370209,103.760216945,2.93233,5.68746,5.20108,298.142,5.1661745859,295.999,2023-06-14 23:05:42,False,1.28526511426,103.761157949,3.80689,0.0
BRIDGE,3FGT8   ,9158587,PA,,CS,21611,353851000,1.28642704322,103.76010166,2.93233,5.68746,5.20108,298.142,5.14872129338,294.999,2023-06-14 23:05:52,False,1.28552675909,103.760773279,3.44678,0.0
BRIDGE,3FGT8   ,9158587,PA,,CS,21611,353851000,1.28662597148,103.759704865,2.98378,5.78995,5.18363,297.167,5.11381470834,293.0,2023-06-14 23:06:02,False,1.28566147899,103.760564776,3.44678,0.0
BRIDGE,3FGT8   ,9158587,PA,,CS,21611,353851000,1.28667713336,103.759580139,2.98378,5.79856,5.16617,296.05,5.09636141582,291.995,2023-06-14 23:06:12,False,1.2857989723,103.760301607,3.65256,0.0
BRIDGE,3FGT8   ,9158587,PA,,CS,21611,353851000,1.28679515523,103.759325858,2.98378,5.79174,5.14872,295.017,5.06145483078,289.995,2023-06-14 23:06:22,False,1.28599485484,103.760062092,3.65256,0.0
BRIDGE,3FGT8   ,9158587,PA,,CS,21611,353851000,1.28695680421,103.758972606,3.03522,5.89934,5.13127,294.116,5.04400153826,288.995,2023-06-14 23:06:32,False,1.28612513273,103.759740228,2.21211,0.0
BRIDGE,3FGT8   ,9158587,PA,,CS,21611,353851000,1.28703556323,103.758797563,3.03522,5.89934,5.13127,294.116,5.04400153826,288.995,2023-06-14 23:06:42,False,1.28617781793,103.759611315,2.21211,0.0
BRIDGE,3FGT8   ,9158587,PA,,CS,21611,353851000,1.2871443783,103.758429483,2.98378,5.81547,5.11381,291.161,5.00909495322,286.996,2023-06-14 23:06:52,False,1.28619669903,103.759520803,1.69767,0.0
BRIDGE,3FGT8   ,9158587,PA,,CS,21611,353851000,1.28721399413,103.758249965,3.03522,5.89729,5.06145,290.048,4.95673507566,283.997,2023-06-14 23:07:02,False,1.28626689513,103.759327404,1.28611,0.0
BRIDGE,3FGT8   ,9158587,PA,,CS,21611,353851000,1.28733251226,103.7578638,3.03522,5.88304,5.044,289.093,4.92182849062,281.997,2023-06-14 23:07:12,False,1.28629410016,103.759238988,1.28611,0.0
BRIDGE,3FGT8   ,9158587,PA,,CS,21611,353851000,1.28738532103,103.757675122,3.03522,5.87044,5.02655,288.135,4.86946861306,278.998,2023-06-14 23:07:22,False,1.28633029585,103.759151133,1.13178,0.0
BRIDGE,3FGT8   ,9158587,PA,,CS,21611,353851000,1.28743263452,103.757493377,3.08667,5.96763,4.99164,286.074,4.83456202802,276.998,2023-06-14 23:07:32,False,1.28635118229,103.759076301,1.13178,0.0
BRIDGE,3FGT8   ,9158587,PA,,CS,21611,353851000,1.28752345121,103.7570861,3.13811,6.05345,4.95674,284.125,4.76474885794,272.999,2023-06-14 23:07:42,False,1.28638904946,103.758867951,2.16067,0.0
BRIDGE,3FGT8   ,9158587,PA,,CS,21611,353851000,1.28753979907,103.756857349,3.18956,6.14196,4.92183,282.057,4.71238898038,270.0,2023-06-14 23:07:52,False,1.28646131251,103.758501785,3.03522,0.0
BRIDGE,3FGT8   ,9158587,PA,,CS,21611,353851000,1.28755270072,103.756638383,3.18956,6.26081,4.92183,280.193,4.71238898038,267.995,2023-06-14 23:08:02,False,1.28649995095,103.758314407,3.03522,0.0
BRIDGE,3FGT8   ,9158587,PA,,CS,21611,353851000,1.2875326814,103.756216877,3.34389,6.44472,4.79966,273.285,4.62512251778,262.996,2023-06-14 23:08:12,False,1.28652265122,103.758027391,3.65256,0.0
BRIDGE,3FGT8   ,9158587,PA,,CS,21611,353851000,1.2875169178,103.756003861,3.39533,6.5526,4.72984,271.36,4.57276264023,261.996,2023-06-14 23:08:22,False,1.28651811128,103.757529264,3.65256,0.0
BRIDGE,3FGT8   ,9158587,PA,,CS,21611,353851000,1.28749349968,103.755563323,3.44678,6.65025,4.67748,268.493,4.53785605519,259.997,2023-06-14 23:08:32,False,1.28649181775,103.757363614,3.65256,0.0
BRIDGE,3FGT8   ,9158587,PA,,CS,21611,353851000,1.28745895508,103.755340242,3.44678,6.75868,4.67748,266.372,4.53785605519,259.997,2023-06-14 23:08:42,False,1.28647236251,103.756967442,3.18956,0.0
BRIDGE,3FGT8   ,9158587,PA,,CS,21611,353851000,1.28739374006,103.754876198,3.54967,6.87607,4.60767,264.322,4.43313630007,253.998,2023-06-14 23:08:52,False,1.28647756971,103.756752204,2.98378,0.0
BRIDGE,3FGT8   ,9158587,PA,,CS,21611,353851000,1.28731623802,103.754591485,3.60111,6.96081,4.55531,261.327,4.38077642251,250.999,2023-06-14 23:09:02,False,1.28650282622,103.756216827,4.37278,0.0
BRIDGE,3FGT8   ,9158587,PA,,CS,21611,353851000,1.28725127278,103.754372214,3.60111,6.984,4.55531,258.44,4.38077642251,248.0,2023-06-14 23:09:12,False,1.28648906367,103.755902918,4.37278,0.0
BRIDGE,3FGT8   ,9158587,PA,,CS,21611,353851000,1.28709670382,103.753926969,3.65256,7.07218,4.45059,255.353,4.29350995991,245.995,2023-06-14 23:09:22,False,1.28645329435,103.755578059,4.73289,0.0
BRIDGE,3FGT8   ,9158587,PA,,CS,21611,353851000,1.28698426037,103.753674391,3.704,7.17447,4.39823,252.498,4.25860337487,243.995,2023-06-14 23:09:32,False,1.28640505955,103.755089103,4.06411,0.0
BRIDGE,3FGT8   ,9158587,PA,,CS,21611,353851000,1.28679409872,103.75326286,3.75544,7.27123,4.34587,249.336,4.22369678983,241.996,2023-06-14 23:09:42,False,1.28634904867,103.754842919,4.06411,0.0
BRIDGE,3FGT8   ,9158587,PA,,CS,21611,353851000,1.28665692869,103.753009221,3.80689,7.37166,4.31096,247.357,4.18879020479,239.996,2023-06-14 23:09:52,False,1.28612384736,103.754251278,4.42422,0.0
BRIDGE,3FGT8   ,9158587,PA,,CS,21611,353851000,1.28653878909,103.752765988,3.85833,7.45854,4.29351,246.174,4.15388361975,237.997,2023-06-14 23:10:02,False,1.28604149297,103.753985308,4.42422,0.0
BRIDGE,3FGT8   ,9158587,PA,,CS,21611,353851000,1.28626060015,103.752306849,3.90978,7.56315,4.24115,243.106,4.13643032723,236.997,2023-06-14 23:10:12,False,1.28599450033,103.753596701,4.93867,0.0
BRIDGE,3FGT8   ,9158587,PA,,CS,21611,353851000,1.28611729888,103.752116511,3.96122,7.67198,4.18879,240.057,4.11897703471,235.997,2023-06-14 23:10:22,False,1.28575399712,103.752927676,5.40167,0.0
BRIDGE,3FGT8   ,9158587,PA,,CS,21611,353851000,1.28581719097,103.751692323,3.96122,7.78858,4.18879,238.055,4.11897703471,235.997,2023-06-14 23:10:32,False,1.28563104049,103.752586482,5.76178,0.0
BRIDGE,3FGT8   ,9158587,PA,,CS,21611,353851000,1.28565136923,103.751454129,3.96122,7.89885,4.18879,237.053,4.11897703471,235.997,2023-06-14 23:10:42,False,1.28510063152,103.751997222,6.019,0.0
BRIDGE,3FGT8   ,9158587,PA,,CS,21611,353851000,1.28533421762,103.751012497,4.06411,7.99535,4.13643,236.001,4.10152374219,234.998,2023-06-14 23:10:52,False,1.28485775027,103.751705513,6.019,0.0
BRIDGE,3FGT8   ,9158587,PA,,CS,21611,353851000,1.28517464588,103.750788097,4.167,8.08333,4.10152,235.087,4.06661715715,232.998,2023-06-14 23:11:02,False,1.28458017213,103.751372143,6.019,0.0
BRIDGE,3FGT8   ,9158587,PA,,CS,21611,353851000,1.28503486725,103.750626365,4.21844,8.18472,4.08407,234.083,4.04916386463,231.998,2023-06-14 23:11:12,False,1.28400867,103.750833367,6.07044,0.0
BRIDGE,3FGT8   ,9158587,PA,,CS,21611,353851000,1.28468924216,103.750156041,4.21844,8.30024,4.08407,232.996,4.04916386463,231.998,2023-06-14 23:11:22,False,1.28378774518,103.750623851,6.07044,0.0
BRIDGE,3FGT8   ,9158587,PA,,CS,21611,353851000,1.28449288909,103.749915304,4.26989,8.30024,4.06662,232.996,4.03171057211,230.999,2023-06-14 23:11:32,False,1.28340995717,103.750458251,3.85833,0.0
BRIDGE,3FGT8   ,9158587,PA,,CS,21611,353851000,1.28415771426,103.749508,4.32133,8.39138,4.04916,231.962,4.01425727959,229.999,2023-06-14 23:11:42,False,1.28321975149,103.750371326,3.85833,0.0
BRIDGE,3FGT8   ,9158587,PA,,CS,21611,353851000,1.28392700308,103.749251338,4.32133,8.50029,4.04916,231.033,4.01425727959,229.999,2023-06-14 23:11:52,False,1.28294609492,103.750246173,4.11556,0.0
BRIDGE,3FGT8   ,9158587,PA,,CS,21611,353851000,1.28375294661,103.749038793,4.37278,8.48519,4.03171,230.951,3.99680398707,228.999,2023-06-14 23:12:02,False,1.28238364041,103.749982118,4.68144,0.0
BRIDGE,3FGT8   ,9158587,PA,,CS,21611,353851000,1.28333291713,103.748609056,4.47567,8.68048,3.9968,228.995,3.96189740203,227.0,2023-06-14 23:12:12,False,1.28211727201,103.749853043,4.68144,0.0
BRIDGE,3FGT8   ,9158587,PA,,CS,21611,353851000,1.28311850827,103.748385843,4.47567,8.68048,3.9968,228.995,3.94444410951,226.0,2023-06-14 23:12:22,False,1.28158681227,103.749529151,4.93867,0.0
BRIDGE,3FGT8   ,9158587,PA,,CS,21611,353851000,1.28292332751,103.748173852,4.52711,8.78179,3.97935,228.05,3.90953752447,223.995,2023-06-14 23:12:32,False,1.28131278304,103.749360958,4.93867,0.0
BRIDGE,3FGT8   ,9158587,PA,,CS,21611,353851000,1.28251684412,103.747760075,4.52711,8.77456,3.97935,226.975,3.90953752447,223.995,2023-06-14 23:12:42,False,1.28060948049,103.749421365,5.29878,0.0
BRIDGE,3FGT8   ,9158587,PA,,CS,21611,353851000,1.28232022942,103.747551831,4.52711,8.78783,3.9619,226.882,3.85717764691,220.995,2023-06-14 23:12:52,False,1.28027507345,103.749447518,5.29878,0.0
BRIDGE,3FGT8   ,9158587,PA,,CS,21611,353851000,1.28185498509,103.747182572,4.57856,8.88084,3.90954,223.936,3.73500459927,213.997,2023-06-14 23:13:02,False,1.27994066531,103.749473662,5.29878,0.0
BRIDGE,3FGT8   ,9158587,PA,,CS,21611,353851000,1.28162580621,103.74701286,4.57856,8.88711,3.85718,221.009,3.66519142919,209.998,2023-06-14 23:13:12,False,1.27926965455,103.750121301,5.60744,0.0
BRIDGE,3FGT8   ,9158587,PA,,CS,21611,353851000,1.28109115603,103.746701245,4.47567,8.66634,3.76991,216.15,3.54301838155,203.0,2023-06-14 23:13:22,False,1.27902783672,103.750377043,5.60744,0.0
BRIDGE,3FGT8   ,9158587,PA,,CS,21611,353851000,1.28083846443,103.746571827,4.47567,8.66407,3.71755,213.191,3.49065850399,199.995,2023-06-14 23:13:32,False,1.27853773972,103.751008099,5.86467,0.0
BRIDGE,3FGT8   ,9158587,PA,,CS,21611,353851000,1.28058682901,103.7464621,4.42422,8.54728,3.64774,209.422,3.43829862643,196.996,2023-06-14 23:13:42,False,1.27829779283,103.751287997,5.86467,0.0
BRIDGE,3FGT8   ,9158587,PA,,CS,21611,353851000,1.28006196769,103.7462886,4.32133,8.36063,3.56047,204.301,3.36848545635,192.997,2023-06-14 23:13:52,False,1.27812237035,103.751545104,5.65889,0.0
BRIDGE,3FGT8   ,9158587,PA,,CS,21611,353851000,1.27980436876,103.74618111,4.32133,8.41577,3.56047,203.842,3.36848545635,192.997,2023-06-14 23:14:02,False,1.27768103354,103.752169112,5.65889,0.0
BRIDGE,3FGT8   ,9158587,PA,,CS,21611,353851000,1.27950081383,103.746172672,4.21844,8.24348,3.47321,198.99,3.29867228627,188.998,2023-06-14 23:14:12,False,1.27750506855,103.752329784,5.19589,0.0
BRIDGE,3FGT8   ,9158587,PA,,CS,21611,353851000,1.27903490115,103.746066639,4.167,7.94883,3.4383,196.042,3.21140582367,183.999,2023-06-14 23:14:22,False,1.27712431625,103.752793545,5.14444,0.0
BRIDGE,3FGT8   ,9158587,PA,,CS,21611,353851000,1.27878003411,103.746057375,4.167,7.83495,3.4383,192.174,3.21140582367,183.999,2023-06-14 23:14:32,False,1.27698812749,103.753086794,5.14444,0.0
BRIDGE,3FGT8   ,9158587,PA,,CS,21611,353851000,1.27825059714,103.745999026,3.96122,7.67927,3.29867,189.176,3.01941960595,172.996,2023-06-14 23:14:42,False,1.27676624816,103.753377738,5.14444,0.0
BRIDGE,3FGT8   ,9158587,PA,,CS,21611,353851000,1.27805346863,103.746025622,3.85833,7.4953,3.19395,185.208,2.91469985083,166.998,2023-06-14 23:14:52,False,1.27640719124,103.753915644,5.14444,0.0
BRIDGE,3FGT8   ,9158587,PA,,CS,21611,353851000,1.27776272854,103.746046359,3.80689,7.41105,3.1765,182.104,2.89724655831,165.998,2023-06-14 23:15:02,False,1.27625887307,103.754207349,5.19589,0.0
BRIDGE,3FGT8   ,9158587,PA,,CS,21611,353851000,1.27728275251,103.746157116,3.704,7.20875,3.03687,174.274,2.77507351067,159.0,2023-06-14 23:15:12,False,1.27595485303,103.754811626,5.14444,0.0
BRIDGE,3FGT8   ,9158587,PA,,CS,21611,353851000,1.277049454,103.746213933,3.65256,7.12015,3.00197,172.312,2.74016692563,156.995,2023-06-14 23:15:22,False,1.27581055311,103.755101698,5.14444,0.0
BRIDGE,3FGT8   ,9158587,PA,,CS,21611,353851000,1.27658914396,103.746381041,3.60111,7.00121,2.89725,166.35,2.65290046303,151.996,2023-06-14 23:15:32,False,1.27562998312,103.755422124,5.093,0.0
BRIDGE,3FGT8   ,9158587,PA,,CS,21611,353851000,1.27640089736,103.746476017,3.49822,6.81156,2.82743,162.392,2.58308729295,147.997,2023-06-14 23:15:42,False,1.27535668538,103.756010543,5.093,0.0
BRIDGE,3FGT8   ,9158587,PA,,CS,21611,353851000,1.27618217184,103.746551358,3.49822,6.79873,2.80998,161.151,2.56563400043,146.997,2023-06-14 23:15:52,False,1.27522247003,103.756301808,5.093,0.0
BRIDGE,3FGT8   ,9158587,PA,,CS,21611,353851000,1.27579672685,103.746788519,3.44678,6.5927,2.75762,155.248,2.51327412287,143.998,2023-06-14 23:16:02,False,1.27508590553,103.756671897,5.093,0.0
BRIDGE,3FGT8   ,9158587,PA,,CS,21611,353851000,1.275622932,103.746907082,3.39533,6.59087,2.6529,152.226,2.44346095279,139.999,2023-06-14 23:16:12,False,1.27482027753,103.757313798,5.14444,0.0
BRIDGE,3FGT8   ,9158587,PA,,CS,21611,353851000,1.27550061744,103.746996212,3.39533,6.49535,2.60054,150.213,2.39110107523,137.0,2023-06-14 23:16:22,False,1.27460658208,103.757579891,5.093,0.0
BRIDGE,3FGT8   ,9158587,PA,,CS,21611,353851000,1.2750654051,103.747337015,3.39533,6.5896,2.53073,145.091,2.35619449019,135.0,2023-06-14 23:16:32,False,1.2744461053,103.757849238,5.04156,0.0
BRIDGE,3FGT8   ,9158587,PA,,CS,21611,353851000,1.27489136749,103.747459192,3.39533,6.57367,2.53073,144.994,2.35619449019,132.995,2023-06-14 23:16:42,False,1.27415771073,103.758418651,4.73289,0.0
BRIDGE,3FGT8   ,9158587,PA,,CS,21611,353851000,1.27457133756,103.74782205,3.49822,6.76595,2.42601,139.077,2.26892802759,129.996,2023-06-14 23:16:52,False,1.27399324471,103.758657163,4.73289,0.0
BRIDGE,3FGT8   ,9158587,PA,,CS,21611,353851000,1.27443015713,103.748015056,3.54967,6.8599,2.37365,136.033,2.23402144255,127.996,2023-06-14 23:17:02,False,1.27375266785,103.759129946,4.26989,0.0
BRIDGE,3FGT8   ,9158587,PA,,CS,21611,353851000,1.27412363762,103.748356713,3.60111,6.9594,2.32129,132.963,2.21656815003,126.996,2023-06-14 23:17:12,False,1.27363196189,103.759407382,4.26989,0.0
BRIDGE,3FGT8   ,9158587,PA,,CS,21611,353851000,1.27400617532,103.748581527,3.65256,6.99614,2.26893,129.928,2.19911485751,125.997,2023-06-14 23:17:22,False,1.27335697121,103.759803642,4.32133,0.0
BRIDGE,3FGT8   ,9158587,PA,,CS,21611,353851000,1.27385557517,103.748827471,3.704,7.10671,2.21657,126.995,2.18166156499,124.997,2023-06-14 23:17:32,False,1.27318843655,103.760015075,4.32133,0.0
BRIDGE,3FGT8   ,9158587,PA,,CS,21611,353851000,1.27359420068,103.749206709,3.65256,7.10001,2.19911,125.866,2.18166156499,124.997,2023-06-14 23:17:42,False,1.27305827036,103.760236958,3.60111,0.0
BRIDGE,3FGT8   ,9158587,PA,,CS,21611,353851000,1.27345124145,103.749436779,3.80689,7.39683,2.16421,123.857,2.18166156499,124.997,2023-06-14 23:17:52,False,1.27293374877,103.760587426,2.98378,0.0
BRIDGE,3FGT8   ,9158587,PA,,CS,21611,353851000,1.27320500907,103.749851852,3.90978,7.61283,2.14675,123.122,2.19911485751,125.997,2023-06-14 23:18:02,False,1.27289085689,103.76076946,2.98378,0.0
BRIDGE,3FGT8   ,9158587,PA,,CS,21611,353851000,1.27304031817,103.750106098,3.90978,7.64541,2.14675,122.963,2.19911485751,125.997,2023-06-14 23:18:12,False,1.27276559531,103.761080704,2.36644,0.0
BRIDGE,3FGT8   ,9158587,PA,,CS,21611,353851000,1.27287911071,103.750372321,4.11556,8.07912,2.1293,122.122,2.23402144255,127.996,2023-06-14 23:18:22,False,1.27270015549,103.761212424,2.36644,0.0
BRIDGE,3FGT8   ,9158587,PA,,CS,21611,353851000,1.27255090453,103.750853251,4.26989,8.34623,2.14675,123.024,2.26892802759,129.996,2023-06-14 23:18:32,False,1.27273418086,103.761202929,2.36644,0.0
BRIDGE,3FGT8   ,9158587,PA,,CS,21611,353851000,1.27240131333,103.751060411,4.26989,8.68605,2.14675,122.943,2.26892802759,130.995,2023-06-14 23:18:42,False,1.27272715227,103.761260219,0.617333,0.0
BRIDGE,3FGT8   ,9158587,PA,,CS,21611,353851000,1.27219671516,103.751340527,4.63,8.92259,2.16421,123.898,2.32128790515,132.995,2023-06-14 23:18:52,False,1.27274544233,103.761298056,0.565889,0.0
BRIDGE,3FGT8   ,9158587,PA,,CS,21611,353851000,1.27180455275,103.751870132,4.73289,9.08657,2.18166,124.982,2.35619449019,135.0,2023-06-14 23:19:02,False,1.27275173029,103.761308243,0.514444,0.0
BRIDGE,3FGT8   ,9158587,PA,,CS,21611,353851000,1.2715574542,103.75214917,4.83578,9.28769,2.21657,126.918,2.37364778271,136.0,2023-06-14 23:19:12,False,1.27278390034,103.761327362,0.154333,0.0
BRIDGE,3FGT8   ,9158587,PA,,CS,21611,353851000,1.27111869,103.752623724,4.83578,9.53847,2.21657,128.879,2.37364778271,136.0,2023-06-14 23:19:22,False,1.27277781836,103.761319816,0.154333,0.0
BRIDGE,3FGT8   ,9158587,PA,,CS,21611,353851000,1.27093516692,103.752791057,5.04156,9.72888,2.26893,129.894,2.40855436775,137.999,2023-06-14 23:19:32,False,1.27278060544,103.761323519,0.102889,0.0
BRIDGE,3FGT8   ,9158587,PA,,CS,21611,353851000,1.27059614294,103.753136198,5.19589,10.036,2.30383,131.781,2.42600766027,138.999,2023-06-14 23:19:42,False,1.27278367625,103.761343604,0.205778,0.0
BRIDGE,3FGT8   ,9158587,PA,,CS,21611,353851000,1.27011538928,103.753621625,5.24733,10.1644,2.32129,132.908,2.42600766027,138.999,2023-06-14 23:19:52,False,1.2727835245,103.761361101,0.205778,0.0
BRIDGE,3FGT8   ,9158587,PA,,CS,21611,353851000,1.26985869534,103.753883034,5.24733,10.3521,2.32129,133.859,2.42600766027,138.999,2023-06-14 23:20:02,False,1.2727880314,103.761376535,0.154333,0.0
BRIDGE,3FGT8   ,9158587,PA,,CS,21611,353851000,1.26932895207,103.754357679,5.45311,10.57,2.35619,134.925,2.44346095279,139.999,2023-06-14 23:20:12,False,1.2727878115,103.761402307,0.154333,0.0
BRIDGE,3FGT8   ,9158587,PA,,CS,21611,353851000,1.26907645879,103.754557165,5.50456,10.6814,2.37365,135.959,2.44346095279,139.999,2023-06-14 23:20:22,False,1.27278254051,103.761398446,0.565889,0.0
BRIDGE,3FGT8   ,9158587,PA,,CS,21611,353851000,1.26882436637,103.754797356,5.50456,10.6954,2.37365,136.031,2.44346095279,139.999,2023-06-14 23:20:32,False,1.27274593273,103.761416655,0.565889,0.0
BRIDGE,3FGT8   ,9158587,PA,,CS,21611,353851000,1.26824313906,103.755332452,5.65889,10.9842,2.37365,136.076,2.44346095279,139.999,2023-06-14 23:20:42,False,1.27277858432,103.761298335,0.463,0.0
BRIDGE,3FGT8   ,9158587,PA,,CS,21611,353851000,1.26795699683,103.755572354,5.65889,11.1818,2.37365,137.043,2.44346095279,139.999,2023-06-14 23:20:52,False,1.27276161152,103.761219424,0.514444,0.0
BRIDGE,3FGT8   ,9158587,PA,,CS,21611,353851000,1.26765025459,103.755854745,5.76178,11.1818,2.3911,137.043,2.44346095279,139.999,2023-06-14 23:21:02,False,1.27278622397,103.761209956,0.463,0.0
BRIDGE,3FGT8   ,9158587,PA,,CS,21611,353851000,1.26711321722,103.756336699,5.86467,11.4158,2.3911,137.07,2.44346095279,139.999,2023-06-14 23:21:12,False,1.27277297487,103.761132221,0.668778,0.0
BRIDGE,3FGT8   ,9158587,PA,,CS,21611,353851000,1.26673832136,103.756667151,5.86467,11.5257,2.3911,137.05,2.44346095279,139.999,2023-06-14 23:21:22,False,1.27277998859,103.761124174,0.257222,0.0
BRIDGE,3FGT8   ,9158587,PA,,CS,21611,353851000,1.26624784461,103.757116338,5.96756,11.6356,2.3911,137.031,2.44346095279,139.999,2023-06-14 23:21:32,False,1.27280021114,103.761082405,0.257222,0.0
BRIDGE,3FGT8   ,9158587,PA,,CS,21611,353851000,1.26586012276,103.757473975,6.019,11.7323,2.3911,137.081,2.44346095279,139.999,2023-06-14 23:21:42,False,1.27280124869,103.761045753,0.565889,0.0
BRIDGE,3FGT8   ,9158587,PA,,CS,21611,353851000,1.26554148706,103.757768861,6.07044,11.7323,2.3911,137.081,2.44346095279,139.999,2023-06-14 23:21:52,False,1.27280839121,103.761010873,0.565889,0.0
BRIDGE,3FGT8   ,9158587,PA,,CS,21611,353851000,1.26499915926,103.758265178,6.07044,11.8147,2.3911,137.067,2.44346095279,139.999,2023-06-14 23:22:02,False,1.27276582038,103.761044675,0.565889,0.0
BRIDGE,3FGT8   ,9158587,PA,,CS,21611,353851000,1.26465858501,103.758559749,6.12189,11.8971,2.3911,137.052,2.44346095279,139.999,2023-06-14 23:22:12,False,1.2727651427,103.761017254,0.154333,0.0
BRIDGE,3FGT8   ,9158587,PA,,CS,21611,353851000,1.26407179468,103.759073082,6.17333,11.9879,2.40855,137.958,2.44346095279,139.999,2023-06-14 23:22:22,False,1.27276521081,103.76100754,0.154333,0.0
BRIDGE,3FGT8   ,9158587,PA,,CS,21611,353851000,1.2637407795,103.759387377,6.22478,12.0762,2.3911,137.087,2.44346095279,139.999,2023-06-14 23:22:32,False,1.27272536926,103.761018124,0.102889,0.0
BRIDGE,3FGT8   ,9158587,PA,,CS,21611,353851000,1.2634434694,103.759657649,6.22478,12.0619,2.3911,137.024,2.44346095279,139.999,2023-06-14 23:22:42,False,1.27272228129,103.761012421,0.102889,0.0
BRIDGE,3FGT8   ,9158587,PA,,CS,21611,353851000,1.26281135751,103.760214172,6.27622,12.1671,2.40855,137.979,2.44346095279,139.999,2023-06-14 23:22:52,False,1.27270934565,103.760996951,0.360111,0.0
BRIDGE,3FGT8   ,9158587,PA,,CS,21611,353851000,1.26250393006,103.760468377,6.27622,12.222,2.40855,137.965,2.44346095279,139.999,2023-06-14 23:23:02,False,1.27269822213,103.760932773,0.205778,0.0
BRIDGE,3FGT8   ,9158587,PA,,CS,21611,353851000,1.26218862423,103.760740448,6.27622,12.2234,2.40855,138.094,2.44346095279,139.999,2023-06-14 23:23:12,False,1.27268569292,103.760937898,0.205778,0.0
BRIDGE,3FGT8   ,9158587,PA,,CS,21611,353851000,1.26165778864,103.761187634,6.27622,12.2627,2.40855,138.985,2.44346095279,139.999,2023-06-14 23:23:22,False,1.27267915985,103.760926702,0.205778,0.0
BRIDGE,3FGT8   ,9158587,PA,,CS,21611,353851000,1.26133952302,103.761460074,6.37911,12.3751,2.40855,138.12,2.44346095279,139.999,2023-06-14 23:23:32,False,1.27268433643,103.760882398,0.360111,0.0
BRIDGE,3FGT8   ,9158587,PA,,CS,21611,353851000,1.26069681345,103.76204006,6.37911,12.4026,2.40855,138.113,2.44346095279,139.999,2023-06-14 23:23:42,False,1.27270414792,103.760893278,0.360111,0.0
BRIDGE,3FGT8   ,9158587,PA,,CS,21611,353851000,1.26038348273,103.762305102,6.37911,12.4849,2.40855,138.092,2.44346095279,139.999,2023-06-14 23:23:52,False,1.27275638398,103.761099641,1.02889,0.0
BRIDGE,3FGT8   ,9158587,PA,,CS,21611,353851000,1.25997547985,103.76265713,6.482,12.5673,2.40855,138.072,2.44346095279,139.999,2023-06-14 23:24:02,False,1.27282595082,103.761186649,1.54333,0.0
BRIDGE,3FGT8   ,9158587,PA,,CS,21611,353851000,1.25935872843,103.76320249,6.482,12.5673,2.40855,138.072,2.44346095279,139.999,2023-06-14 23:24:12,False,1.27287187409,103.761272174,1.54333,0.0
BRIDGE,3FGT8   ,9158587,PA,,CS,21611,353851000,1.25906280035,103.76348286,6.53344,12.6771,2.40855,138.045,2.44346095279,139.999,2023-06-14 23:24:22,False,1.2729485606,103.761286176,0.565889,0.0
BRIDGE,3FGT8   ,9158587,PA,,CS,21611,353851000,1.25844821494,103.764052394,6.53344,12.6816,2.40855,137.112,2.44346095279,139.999,2023-06-14 23:24:32,False,1.27297843388,103.761305822,0.565889,0.0
BRIDGE,3FGT8   ,9158587,PA,,CS,21611,353851000,1.25802294649,103.764407327,6.58489,12.7739,2.40855,138.084,2.44346095279,139.999,2023-06-14 23:24:42,False,1.27303380801,103.76130754,0.463,0.0
BRIDGE,3FGT8   ,9158587,PA,,CS,21611,353851000,1.25771283119,103.764685293,6.58489,12.7739,2.40855,138.084,2.44346095279,139.999,2023-06-14 23:24:52,False,1.27307043251,103.76130968,0.463,0.0
BRIDGE,3FGT8   ,9158587,PA,,CS,21611,353851000,1.25706719286,103.765242077,6.63633,12.8837,2.40855,138.058,2.44346095279,139.999,2023-06-14 23:25:02,False,1.27310887823,103.761335064,0.463,0.0
BRIDGE,3FGT8   ,9158587,PA,,CS,21611,353851000,1.25673994094,103.765527906,6.63633,12.9935,2.40855,138.032,2.44346095279,139.999,2023-06-14 23:25:12,False,1.27315410021,103.76136444,0.308667,0.0
BRIDGE,3FGT8   ,9158587,PA,,CS,21611,353851000,1.25642409387,103.765809988,6.68778,12.9935,2.40855,138.032,2.44346095279,139.999,2023-06-14 23:25:22,False,1.27317385482,103.761374794,0.308667,0.0
BRIDGE,3FGT8   ,9158587,PA,,CS,21611,353851000,1.2557625098,103.76637123,6.68778,13.0759,2.40855,138.013,2.44346095279,139.999,2023-06-14 23:25:32,False,1.27318426053,103.761352453,0.308667,0.0
BRIDGE,3FGT8   ,9158587,PA,,CS,21611,353851000,1.25544531816,103.766658462,6.68778,13.034,2.40855,137.962,2.44346095279,139.999,2023-06-14 23:25:42,False,1.27326520882,103.761429062,0.617333,0.0
BRIDGE,3FGT8   ,9158587,PA,,CS,21611,353851000,1.25482165364,103.767214516,6.73922,13.1048,2.40855,138.126,2.44346095279,139.999,2023-06-14 23:25:52,False,1.27325524788,103.761399641,0.257222,0.0
BRIDGE,3FGT8   ,9158587,PA,,CS,21611,353851000,1.25444750899,103.767549291,6.73922,13.0903,2.40855,138.07,2.44346095279,139.999,2023-06-14 23:26:02,False,1.27326502601,103.761393893,0.0,0.0
BRIDGE,3FGT8   ,9158587,PA,,CS,21611,353851000,1.25406004633,103.767890796,6.79067,13.1727,2.40855,138.05,2.44346095279,139.999,2023-06-14 23:26:12,False,1.27324665399,103.761396465,0.0514444,0.0
BRIDGE,3FGT8   ,9158587,PA,,CS,21611,353851000,1.25342329549,103.768457354,6.79067,13.1727,2.40855,138.05,2.44346095279,139.999,2023-06-14 23:26:22,False,1.27321964784,103.761396843,0.0514444,0.0
BRIDGE,3FGT8   ,9158587,PA,,CS,21611,353851000,1.25310603793,103.768763381,6.84211,13.2869,2.3911,137.134,2.44346095279,139.999,2023-06-14 23:26:32,False,1.27320022413,103.761394317,0.0514444,0.0
BRIDGE,3FGT8   ,9158587,PA,,CS,21611,353851000,1.25243260058,103.769382491,6.84211,13.3002,2.3911,137.073,2.44346095279,139.999,2023-06-14 23:26:42,False,1.27320141263,103.761396826,0.0514444,0.0
BRIDGE,3FGT8   ,9158587,PA,,CS,21611,353851000,1.25212244371,103.769693168,6.84211,13.294,2.37365,136.126,2.44346095279,139.999,2023-06-14 23:26:52,False,1.27318354773,103.7613948,0.0514444,0.0
BRIDGE,3FGT8   ,9158587,PA,,CS,21611,353851000,1.2518112531,103.769991262,6.84211,13.28,2.37365,136.067,2.44346095279,139.999,2023-06-14 23:27:02,False,1.27318430241,103.761398424,0.0514444,0.0
BRIDGE,3FGT8   ,9158587,PA,,CS,21611,353851000,1.25113483969,103.770628438,6.84211,13.28,2.37365,136.067,2.46091424531,140.999,2023-06-14 23:27:12,False,1.27319394824,103.761397941,0.102889,0.0
BRIDGE,3FGT8   ,9158587,PA,,CS,21611,353851000,1.2508126071,103.770925076,6.84211,13.2935,2.37365,136.007,2.46091424531,142.998,2023-06-14 23:27:22,False,1.27317447552,103.761398705,0.0514444,0.0
BRIDGE,3FGT8   ,9158587,PA,,CS,21611,353851000,1.250499756,103.771223942,6.84211,13.3075,2.37365,136.065,2.49582083035,142.998,2023-06-14 23:27:32,False,1.27320658083,103.761397256,0.0514444,0.0
BRIDGE,3FGT8   ,9158587,PA,,CS,21611,353851000,1.24977283732,103.771792773,6.79067,13.2131,2.40855,137.981,2.51327412287,143.998,2023-06-14 23:27:42,False,1.27318335901,103.761380558,0.0514444,0.0
BRIDGE,3FGT8   ,9158587,PA,,CS,21611,353851000,1.2494887891,103.772040043,6.79067,13.2001,2.40855,138.044,2.53072741539,144.998,2023-06-14 23:27:52,False,1.27318335901,103.761380558,0.0,0.0
BRIDGE,3FGT8   ,9158587,PA,,CS,21611,353851000,1.24916804194,103.772325905,6.79067,13.2001,2.40855,138.044,2.53072741539,144.998,2023-06-14 23:28:02,False,1.27319002573,103.761393896,0.0,0.0
BRIDGE,3FGT8   ,9158587,PA,,CS,21611,353851000,1.24844240329,103.77288561,6.79067,13.2009,2.42601,139.06,2.53072741539,144.998,2023-06-14 23:28:12,False,1.27320574883,103.761408409,0.0514444,0.0
BRIDGE,3FGT8   ,9158587,PA,,CS,21611,353851000,1.24800270876,103.773248333,6.79067,13.2034,2.44346,139.957,2.53072741539,144.998,2023-06-14 23:28:22,False,1.27320743578,103.761411181,0.0514444,0.0
BRIDGE,3FGT8   ,9158587,PA,,CS,21611,353851000,1.2473347865,103.773786187,6.79067,13.1909,2.44346,140.021,2.53072741539,144.998,2023-06-14 23:28:32,False,1.27320477187,103.76140962,0.0514444,0.0
BRIDGE,3FGT8   ,9158587,PA,,CS,21611,353851000,1.24700789169,103.774052455,6.79067,13.1909,2.44346,140.021,2.53072741539,144.998,2023-06-14 23:28:42,False,1.27321502601,103.761393895,0.0,0.0
BRIDGE,3FGT8   ,9158587,PA,,CS,21611,353851000,1.24633770194,103.774598433,6.79067,13.1909,2.44346,140.021,2.53072741539,144.998,2023-06-14 23:28:52,False,1.27323567614,103.761410119,0.0514444,0.0
BRIDGE,3FGT8   ,9158587,PA,,CS,21611,353851000,1.24596051399,103.774906128,6.79067,13.1784,2.44346,140.086,2.53072741539,144.998,2023-06-14 23:29:02,False,1.2732392199,103.761411549,0.0514444,0.0
BRIDGE,3FGT8   ,9158587,PA,,CS,21611,353851000,1.24562333512,103.775191893,6.79067,13.1784,2.44346,140.086,2.53072741539,144.998,2023-06-14 23:29:12,False,1.2732214069,103.761410075,0.0514444,0.0
BRIDGE,3FGT8   ,9158587,PA,,CS,21611,353851000,1.24492007122,103.775765916,6.79067,13.1635,2.44346,140.032,2.53072741539,144.998,2023-06-14 23:29:22,False,1.27320869036,103.761409163,0.0514444,0.0
BRIDGE,3FGT8   ,9158587,PA,,CS,21611,353851000,1.24468401189,103.775940924,6.79067,13.1784,2.44346,140.086,2.53072741539,144.998,2023-06-14 23:29:32,False,1.27322002589,103.76142723,0.0,0.0
BRIDGE,3FGT8   ,9158587,PA,,CS,21611,353851000,1.24430560516,103.776255041,6.79067,13.1784,2.44346,140.086,2.53072741539,144.998,2023-06-14 23:29:42,False,1.27321002553,103.761407224,0.0,0.0
BRIDGE,3FGT8   ,9158587,PA,,CS,21611,353851000,1.24360608246,103.776794741,6.79067,13.3029,2.44346,140.098,2.53072741539,144.998,2023-06-14 23:29:52,False,1.27320502579,103.761393895,0.0,0.0
BRIDGE,3FGT8   ,9158587,PA,,CS,21611,353851000,1.24326206776,103.777085666,6.84211,13.3029,2.44346,140.098,2.53072741539,144.998,2023-06-14 23:30:02,False,1.27319335914,103.761393896,0.0,0.0
BRIDGE,3FGT8   ,9158587,PA,,CS,21611,353851000,1.24257754378,103.777644117,6.84211,13.3601,2.44346,140.194,2.53072741539,144.998,2023-06-14 23:30:12,False,1.27319841873,103.761382111,0.0,0.0
BRIDGE,3FGT8   ,9158587,PA,,CS,21611,353851000,1.24223283035,103.777901438,6.84211,13.3393,2.46091,141.092,2.53072741539,144.998,2023-06-14 23:30:22,False,1.27321605059,103.76139708,0.0514444,0.0
BRIDGE,3FGT8   ,9158587,PA,,CS,21611,353851000,1.24156497544,103.778440312,6.89356,13.3667,2.46091,141.08,2.53072741539,144.998,2023-06-14 23:30:32,False,1.27322496946,103.761396483,0.0514444,0.0
BRIDGE,3FGT8   ,9158587,PA,,CS,21611,353851000,1.24116840191,103.778766323,6.89356,13.3601,2.46091,140.194,2.53072741539,144.998,2023-06-14 23:30:42,False,1.27321933912,103.761408215,0.0514444,0.0
BRIDGE,3FGT8   ,9158587,PA,,CS,21611,353851000,1.24082812435,103.779034463,6.89356,13.3667,2.46091,141.08,2.53072741539,144.998,2023-06-14 23:30:52,False,1.27322162605,103.761410514,0.0514444,0.0
BRIDGE,3FGT8   ,9158587,PA,,CS,21611,353851000,1.24012990182,103.77958814,6.945,13.4638,2.46091,141.095,2.53072741539,144.998,2023-06-14 23:31:02,False,1.27322011214,103.761399291,0.102889,0.0
BRIDGE,3FGT8   ,9158587,PA,,CS,21611,353851000,1.23974375797,103.779899852,6.945,13.476,2.46091,141.03,2.53072741539,144.998,2023-06-14 23:31:12,False,1.27321587233,103.761397782,0.0514444,0.0
BRIDGE,3FGT8   ,9158587,PA,,CS,21611,353851000,1.23904540899,103.780439392,6.945,13.4911,2.46091,141.082,2.53072741539,144.998,2023-06-14 23:31:22,False,1.27322169273,103.761407224,0.0,0.0
BRIDGE,3FGT8   ,9158587,PA,,CS,21611,353851000,1.2386427608,103.780750701,6.945,13.4911,2.46091,141.082,2.53072741539,144.998,2023-06-14 23:31:32,False,1.27321561949,103.761396834,0.0514444,0.0
BRIDGE,3FGT8   ,9158587,PA,,CS,21611,353851000,1.23818204892,103.781072329,6.945,13.4889,2.47837,142.024,2.53072741539,144.998,2023-06-14 23:31:42,False,1.2732240753,103.761397712,0.0514444,0.0
BRIDGE,3FGT8   ,9158587,PA,,CS,21611,353851000,1.2378304773,103.781330616,6.99644,13.5708,2.47837,141.981,2.53072741539,144.998,2023-06-14 23:31:52,False,1.2732045695,103.761383576,0.0514444,0.0
BRIDGE,3FGT8   ,9158587,PA,,CS,21611,353851000,1.23713528521,103.781866404,6.99644,13.5588,2.47837,142.046,2.53072741539,144.998,2023-06-14 23:32:02,False,1.27322731043,103.761397167,0.0514444,0.0
BRIDGE,3FGT8   ,9158587,PA,,CS,21611,353851000,1.23678830669,103.782152049,6.99644,13.5609,2.47837,141.109,2.53072741539,144.998,2023-06-14 23:32:12,False,1.27323189413,103.761398659,0.102889,0.0
BRIDGE,3FGT8   ,9158587,PA,,CS,21611,353851000,1.23607953791,103.782688329,6.99644,13.5708,2.47837,141.981,2.53072741539,144.998,2023-06-14 23:32:22,False,1.27323417092,103.761395167,0.0514444,0.0
BRIDGE,3FGT8   ,9158587,PA,,CS,21611,353851000,1.23575932468,103.78292534,6.99644,13.5861,2.47837,142.032,2.53072741539,144.998,2023-06-14 23:32:32,False,1.27323169254,103.76142723,0.0,0.0
BRIDGE,3FGT8   ,9158587,PA,,CS,21611,353851000,1.23510751474,103.783424768,6.945,13.5042,2.47837,142.074,2.53072741539,144.998,2023-06-14 23:32:42,False,1.27323169254,103.76142723,0.0,0.0
BRIDGE,3FGT8   ,9158587,PA,,CS,21611,353851000,1.23465676114,103.783783767,6.99644,13.6014,2.47837,142.082,2.53072741539,144.998,2023-06-14 23:32:52,False,1.27320335941,103.761427231,0.0,0.0
BRIDGE,3FGT8   ,9158587,PA,,CS,21611,353851000,1.23432003918,103.784021506,6.945,13.5196,2.47837,142.125,2.53072741539,144.998,2023-06-14 23:33:02,False,1.27320335941,103.761427231,0.0,0.0
BRIDGE,3FGT8   ,9158587,PA,,CS,21611,353851000,1.23361308256,103.78455406,6.945,13.5315,2.47837,142.06,2.53072741539,144.998,2023-06-14 23:33:12,False,1.27320335941,103.761427231,0.0,0.0
BRIDGE,3FGT8   ,9158587,PA,,CS,21611,353851000,1.23321712996,103.784846774,6.945,13.5315,2.47837,142.06,2.53072741539,144.998,2023-06-14 23:33:22,False,1.27322417776,103.761407662,0.0514444,0.0
BRIDGE,3FGT8   ,9158587,PA,,CS,21611,353851000,1.23261277972,103.785290512,6.89356,13.4224,2.47837,142.118,2.53072741539,144.998,2023-06-14 23:33:32,False,1.27322704259,103.761409206,0.0514444,0.0
BRIDGE,3FGT8   ,9158587,PA,,CS,21611,353851000,1.23223551456,103.785570094,6.79067,13.2553,2.47837,142.088,2.53072741539,144.998,2023-06-14 23:33:42,False,1.27324080505,103.761407732,0.0514444,0.0
BRIDGE,3FGT8   ,9158587,PA,,CS,21611,353851000,1.23194104472,103.785779564,6.73922,13.1581,2.47837,142.08,2.53072741539,144.998,2023-06-14 23:33:52,False,1.27324353355,103.761409495,0.0514444,0.0
BRIDGE,3FGT8   ,9158587,PA,,CS,21611,353851000,1.23115458211,103.786381886,6.68778,13.0064,2.47837,142.102,2.53072741539,144.998,2023-06-14 23:34:02,False,1.27324169221,103.761427229,0.0,0.0
BRIDGE,3FGT8   ,9158587,PA,,CS,21611,353851000,1.23083258233,103.786621151,6.63633,12.9092,2.47837,142.095,2.53072741539,144.998,2023-06-14 23:34:12,False,1.27321399719,103.761443762,0.0514444,0.0
BRIDGE,3FGT8   ,9158587,PA,,CS,21611,353851000,1.23018225599,103.787149561,6.58489,12.8171,2.46091,141.218,2.56563400043,146.997,2023-06-14 23:34:22,False,1.27321652477,103.761445806,0.0514444,0.0
BRIDGE,3FGT8   ,9158587,PA,,CS,21611,353851000,1.22985321946,103.787387733,6.53344,12.7302,2.47837,142.133,2.58308729295,147.997,2023-06-14 23:34:32,False,1.27322530174,103.761475886,0.102889,0.0
BRIDGE,3FGT8   ,9158587,PA,,CS,21611,353851000,1.22952393374,103.787639901,6.53344,12.7302,2.47837,142.133,2.58308729295,147.997,2023-06-14 23:34:42,False,1.27323112975,103.761481861,0.102889,0.0
BRIDGE,3FGT8   ,9158587,PA,,CS,21611,353851000,1.22877240767,103.788099875,6.43056,12.5507,2.51327,143.947,2.61799387799,149.996,2023-06-14 23:34:52,False,1.27325335936,103.761473893,0.0,0.0
BRIDGE,3FGT8   ,9158587,PA,,CS,21611,353851000,1.22842957093,103.788311869,6.37911,12.4579,2.53073,144.847,2.61799387799,149.996,2023-06-14 23:35:02,False,1.27325335936,103.761473893,0.0,0.0
BRIDGE,3FGT8   ,9158587,PA,,CS,21611,353851000,1.22777283875,103.788733341,6.37911,12.3463,2.53073,145.91,2.61799387799,149.996,2023-06-14 23:35:12,False,1.27326237603,103.76147613,0.0514444,0.0
BRIDGE,3FGT8   ,9158587,PA,,CS,21611,353851000,1.22738398504,103.788972028,6.27622,12.2492,2.54818,145.932,2.61799387799,149.996,2023-06-14 23:35:22,False,1.27324703824,103.761462372,0.0,0.0
BRIDGE,3FGT8   ,9158587,PA,,CS,21611,353851000,1.22675869711,103.789356111,6.27622,12.2227,2.54818,146.942,2.61799387799,149.996,2023-06-14 23:35:32,False,1.27324764277,103.761465548,0.0514444,0.0
BRIDGE,3FGT8   ,9158587,PA,,CS,21611,353851000,1.22652122576,103.789527291,6.22478,12.1304,2.54818,146.106,2.61799387799,149.996,2023-06-14 23:35:42,False,1.27321799412,103.761429046,0.0514444,0.0
BRIDGE,3FGT8   ,9158587,PA,,CS,21611,353851000,1.22614016579,103.789759476,6.22478,12.1304,2.54818,146.106,2.61799387799,149.996,2023-06-14 23:35:52,False,1.27321662654,103.761435838,0.0514444,0.0
BRIDGE,3FGT8   ,9158587,PA,,CS,21611,353851000,1.22543029816,103.790210703,6.22478,12.0989,2.56563,146.999,2.61799387799,149.996,2023-06-14 23:36:02,False,1.27322212681,103.761429722,0.0514444,0.0
BRIDGE,3FGT8   ,9158587,PA,,CS,21611,353851000,1.22510982287,103.790415325,6.17333,12.0019,2.56563,147.031,2.61799387799,149.996,2023-06-14 23:36:12,False,1.27322169232,103.76142723,0.0514444,0.0
BRIDGE,3FGT8   ,9158587,PA,,CS,21611,353851000,1.22482710694,103.790597005,6.17333,12.0019,2.56563,147.031,2.61799387799,149.996,2023-06-14 23:36:22,False,1.27322002589,103.76142723,0.0,0.0
BRIDGE,3FGT8   ,9158587,PA,,CS,21611,353851000,1.22411734465,103.791027358,6.12189,11.9212,2.56563,147.113,2.63544717051,149.996,2023-06-14 23:36:32,False,1.27321335908,103.76142723,0.0,0.0
BRIDGE,3FGT8   ,9158587,PA,,CS,21611,353851000,1.22365177513,103.791306374,6.12189,11.8333,2.56563,147.955,2.63544717051,149.996,2023-06-14 23:36:42,False,1.27321335908,103.76142723,0.0,0.0
BRIDGE,3FGT8   ,9158587,PA,,CS,21611,353851000,1.22309411908,103.791654557,6.07044,11.808,2.56563,147.095,2.60054058547,148.997,2023-06-14 23:36:52,False,1.27321335908,103.76142723,0.0,0.0
BRIDGE,3FGT8   ,9158587,PA,,CS,21611,353851000,1.22272675692,103.791890935,6.019,11.7216,2.56563,147.048,2.56563400043,146.997,2023-06-14 23:37:02,False,1.27324335919,103.761427229,0.0,0.0
BRIDGE,3FGT8   ,9158587,PA,,CS,21611,353851000,1.22233736524,103.79218065,6.019,11.7152,2.54818,146.231,2.53072741539,144.998,2023-06-14 23:37:12,False,1.27324335919,103.761427229,0.0,0.0
BRIDGE,3FGT8   ,9158587,PA,,CS,21611,353851000,1.22179183642,103.792596814,6.019,11.5176,2.54818,144.271,2.53072741539,143.998,2023-06-14 23:37:22,False,1.27323459052,103.761429704,0.0,0.0
BRIDGE,3FGT8   ,9158587,PA,,CS,21611,353851000,1.22152506288,103.792842547,5.91611,11.52,2.47837,142.473,2.51327412287,143.998,2023-06-14 23:37:32,False,1.27325465275,103.761444708,0.0514444,0.0
BRIDGE,3FGT8   ,9158587,PA,,CS,21611,353851000,1.22104931325,103.793265216,5.86467,11.3915,2.44346,140.47,2.51327412287,143.998,2023-06-14 23:37:42,False,1.2732700258,103.761440557,0.0,0.0
BRIDGE,3FGT8   ,9158587,PA,,CS,21611,353851000,1.22069952778,103.793586434,5.86467,11.4039,2.44346,140.395,2.51327412287,143.998,2023-06-14 23:37:52,False,1.27326923388,103.761445568,0.0514444,0.0
BRIDGE,3FGT8   ,9158587,PA,,CS,21611,353851000,1.22034284025,103.793905306,5.81322,11.3179,2.42601,139.388,2.51327412287,143.998,2023-06-14 23:38:02,False,1.27324502561,103.761427229,0.0,0.0
BRIDGE,3FGT8   ,9158587,PA,,CS,21611,353851000,1.21985205447,103.794327505,5.71033,11.1366,2.42601,139.247,2.53072741539,144.998,2023-06-14 23:38:12,False,1.27323335938,103.761407223,0.0,0.0
BRIDGE,3FGT8   ,9158587,PA,,CS,21611,353851000,1.21955134549,103.794597847,5.71033,10.8457,2.42601,139.143,2.53072741539,144.998,2023-06-14 23:38:22,False,1.27320588442,103.76140281,0.154333,0.0
BRIDGE,3FGT8   ,9158587,PA,,CS,21611,353851000,1.21901799585,103.795048784,5.556,10.831,2.42601,139.075,2.53072741539,144.998,2023-06-14 23:38:32,False,1.27319645681,103.76140876,0.154333,0.0
BRIDGE,3FGT8   ,9158587,PA,,CS,21611,353851000,1.21890094715,103.795150308,5.556,10.7341,2.42601,139.039,2.53072741539,144.998,2023-06-14 23:38:42,False,1.27324163863,103.76139435,0.0514444,0.0
BRIDGE,3FGT8   ,9158587,PA,,CS,21611,353851000,1.21838367064,103.795579492,5.45311,10.6244,2.42601,139.08,2.53072741539,144.998,2023-06-14 23:38:52,False,1.27324125843,103.761397571,0.0514444,0.0
BRIDGE,3FGT8   ,9158587,PA,,CS,21611,353851000,1.21806473712,103.795839414,5.35022,10.4452,2.42601,139.075,2.53072741539,144.998,2023-06-14 23:39:02,False,1.27324087878,103.761400782,0.0514444,0.0
BRIDGE,3FGT8   ,9158587,PA,,CS,21611,353851000,1.21780753158,103.796045771,5.29878,10.3482,2.42601,139.037,2.53072741539,144.998,2023-06-14 23:39:12,False,1.27323169249,103.761393894,0.0,0.0
BRIDGE,3FGT8   ,9158587,PA,,CS,21611,353851000,1.21727063544,103.796481628,5.19589,10.1545,2.44346,139.97,2.53072741539,144.998,2023-06-14 23:39:22,False,1.27323169249,103.761393894,0.0,0.0
BRIDGE,3FGT8   ,9158587,PA,,CS,21611,353851000,1.21704563912,103.796693007,5.19589,10.1416,2.42601,139.041,2.53072741539,144.998,2023-06-14 23:39:32,False,1.27321002562,103.761393895,0.0,0.0
BRIDGE,3FGT8   ,9158587,PA,,CS,21611,353851000,1.21673686677,103.796974839,5.19589,10.1458,2.40855,138.184,2.53072741539,144.998,2023-06-14 23:39:42,False,1.27321002562,103.761393895,0.0,0.0
BRIDGE,3FGT8   ,9158587,PA,,CS,21611,353851000,1.21627818749,103.797368594,5.093,9.93915,2.40855,138.171,2.53072741539,144.998,2023-06-14 23:39:52,False,1.27321049544,103.761396405,0.0514444,0.0
BRIDGE,3FGT8   ,9158587,PA,,CS,21611,353851000,1.21604765768,103.797561323,5.04156,9.85681,2.40855,138.198,2.53072741539,144.998,2023-06-14 23:40:02,False,1.27321148356,103.761398625,0.0514444,0.0
BRIDGE,3FGT8   ,9158587,PA,,CS,21611,353851000,1.21559864891,103.797950558,5.04156,9.82936,2.40855,138.206,2.53072741539,144.998,2023-06-14 23:40:12,False,1.2732083591,103.761407224,0.0,0.0
BRIDGE,3FGT8   ,9158587,PA,,CS,21611,353851000,1.21530130406,103.798203166,5.04156,9.73253,2.40855,138.157,2.53072741539,144.998,2023-06-14 23:40:22,False,1.27320786416,103.761412463,0.0514444,0.0
BRIDGE,3FGT8   ,9158587,PA,,CS,21611,353851000,1.21506742725,103.79841076,5.04156,9.71806,2.40855,138.081,2.53072741539,144.998,2023-06-14 23:40:32,False,1.27320594998,103.761415077,0.0514444,0.0
BRIDGE,3FGT8   ,9158587,PA,,CS,21611,353851000,1.21463963142,103.79876619,4.88722,9.52591,2.40855,138.143,2.53072741539,144.998,2023-06-14 23:40:42,False,1.27321327841,103.761361191,0.0514444,0.0
BRIDGE,3FGT8   ,9158587,PA,,CS,21611,353851000,1.21440521561,103.798962258,4.88722,9.52591,2.40855,138.143,2.53072741539,144.998,2023-06-14 23:40:52,False,1.27321021993,103.761362306,0.0514444,0.0
BRIDGE,3FGT8   ,9158587,PA,,CS,21611,353851000,1.21390716925,103.799382753,4.83578,9.42474,2.42601,139.014,2.53072741539,144.998,2023-06-14 23:41:02,False,1.27321939282,103.761380908,0.0514444,0.0
BRIDGE,3FGT8   ,9158587,PA,,CS,21611,353851000,1.2136574266,103.799611252,4.78433,9.3278,2.42601,138.971,2.53072741539,144.998,2023-06-14 23:41:12,False,1.27325335927,103.761407222,0.0,0.0
BRIDGE,3FGT8   ,9158587,PA,,CS,21611,353851000,1.21322771902,103.79999308,4.78433,9.30038,2.42601,138.983,2.53072741539,144.998,2023-06-14 23:41:22,False,1.27325335927,103.761407222,0.0,0.0
BRIDGE,3FGT8   ,9158587,PA,,CS,21611,353851000,1.21295156127,103.800250386,4.78433,9.29184,2.42601,138.138,2.53072741539,144.998,2023-06-14 23:41:32,False,1.27324884819,103.761430493,0.0514444,0.0
BRIDGE,3FGT8   ,9158587,PA,,CS,21611,353851000,1.21276109986,103.800402992,4.68144,9.12117,2.42601,138.975,2.53072741539,144.998,2023-06-14 23:41:42,False,1.27324433752,103.761433766,0.0514444,0.0
BRIDGE,3FGT8   ,9158587,PA,,CS,21611,353851000,1.21238293722,103.800724973,4.63,9.00288,2.40855,138.151,2.53072741539,144.998,2023-06-14 23:41:52,False,1.27324002569,103.761440558,0.0,0.0
BRIDGE,3FGT8   ,9158587,PA,,CS,21611,353851000,1.212121073,103.800956692,4.52711,8.82371,2.40855,138.125,2.53072741539,144.998,2023-06-14 23:42:02,False,1.27323669237,103.761427229,0.102889,0.0
BRIDGE,3FGT8   ,9158587,PA,,CS,21611,353851000,1.21190951332,103.801146792,4.52711,8.82371,2.40855,138.125,2.53072741539,144.998,2023-06-14 23:42:12,False,1.27322958233,103.761411619,0.102889,0.0
BRIDGE,3FGT8   ,9158587,PA,,CS,21611,353851000,1.21149892105,103.801493017,4.42422,8.62563,2.42601,139.021,2.54818070791,145.997,2023-06-14 23:42:22,False,1.27330669272,103.761440556,0.0,0.0
BRIDGE,3FGT8   ,9158587,PA,,CS,21611,353851000,1.2112856832,103.801676984,4.37278,8.62563,2.42601,139.021,2.53072741539,144.998,2023-06-14 23:42:32,False,1.27330669272,103.761440556,0.0,0.0
BRIDGE,3FGT8   ,9158587,PA,,CS,21611,353851000,1.21082791654,103.802032624,4.26989,8.36011,2.44346,139.904,2.53072741539,144.998,2023-06-14 23:42:42,False,1.27328502594,103.761427228,0.0,0.0
BRIDGE,3FGT8   ,9158587,PA,,CS,21611,353851000,1.21060548482,103.802214819,4.21844,8.27795,2.44346,139.953,2.53072741539,144.998,2023-06-14 23:42:52,False,1.27328502585,103.761440557,0.0,0.0
BRIDGE,3FGT8   ,9158587,PA,,CS,21611,353851000,1.21023582181,103.802500744,4.11556,8.08625,2.44346,140.071,2.53072741539,144.998,2023-06-14 23:43:02,False,1.27329169225,103.761460563,0.0,0.0
BRIDGE,3FGT8   ,9158587,PA,,CS,21611,353851000,1.21004802309,103.802657662,4.11556,8.07136,2.44346,139.982,2.53072741539,144.998,2023-06-14 23:43:12,False,1.27331335917,103.761493889,0.0,0.0
BRIDGE,3FGT8   ,9158587,PA,,CS,21611,353851000,1.2098197758,103.802848609,4.11556,8.04397,2.44346,139.999,2.53072741539,144.998,2023-06-14 23:43:22,False,1.27329754945,103.761496653,0.0514444,0.0
BRIDGE,3FGT8   ,9158587,PA,,CS,21611,353851000,1.20940644986,103.803193759,4.01267,7.75523,2.44346,140.084,2.53072741539,144.998,2023-06-14 23:43:32,False,1.2732457454,103.76144319,0.0514444,0.0
BRIDGE,3FGT8   ,9158587,PA,,CS,21611,353851000,1.20925276309,103.803327087,3.90978,7.64329,2.44346,139.952,2.53072741539,144.998,2023-06-14 23:43:42,False,1.27322169223,103.761440559,0.0,0.0
BRIDGE,3FGT8   ,9158587,PA,,CS,21611,353851000,1.20888943738,103.803653651,3.85833,7.53763,2.42601,139.078,2.53072741539,144.998,2023-06-14 23:43:52,False,1.27319502562,103.761427222,0.0,0.0
BRIDGE,3FGT8   ,9158587,PA,,CS,21611,353851000,1.20867303744,103.803827619,3.85833,7.51886,2.44346,139.929,2.51327412287,143.998,2023-06-14 23:44:02,False,1.27322371476,103.761395027,0.0,0.0
BRIDGE,3FGT8   ,9158587,PA,,CS,21611,353851000,1.2084578558,103.803974491,3.85833,7.51682,2.46091,140.877,2.49582083035,142.998,2023-06-14 23:44:12,False,1.27320100472,103.761396993,0.360111,0.0
BRIDGE,3FGT8   ,9158587,PA,,CS,21611,353851000,1.20806574681,103.804259196,3.90978,7.57144,2.47837,141.777,2.44346095279,139.999,2023-06-14 23:44:22,False,1.27322555952,103.761428081,0.205778,0.0
BRIDGE,3FGT8   ,9158587,PA,,CS,21611,353851000,1.20787603126,103.804401851,3.85833,7.46214,2.46091,140.921,2.40855436775,137.999,2023-06-14 23:44:32,False,1.27327372365,103.761476446,0.308667,0.0
BRIDGE,3FGT8   ,9158587,PA,,CS,21611,353851000,1.20753583991,103.804722132,3.85833,7.56505,2.46091,139.063,2.40855436775,137.999,2023-06-14 23:44:42,False,1.2732577854,103.761481562,0.308667,0.0
BRIDGE,3FGT8   ,9158587,PA,,CS,21611,353851000,1.20733593337,103.804913811,3.90978,7.55806,2.40855,138.232,2.33874119767,133.995,2023-06-14 23:44:52,False,1.27325002274,103.76142887,0.102889,0.0
BRIDGE,3FGT8   ,9158587,PA,,CS,21611,353851000,1.20698219895,103.80525781,3.90978,7.56158,2.40855,136.25,2.33874119767,132.995,2023-06-14 23:45:02,False,1.27324501748,103.761431327,0.102889,0.0
BRIDGE,3FGT8   ,9158587,PA,,CS,21611,353851000,1.20681744661,103.805430425,3.90978,7.57364,2.35619,135.312,2.30383461263,131.995,2023-06-14 23:45:12,False,1.27324149848,103.761395965,0.102889,0.0
BRIDGE,3FGT8   ,9158587,PA,,CS,21611,353851000,1.20665209416,103.805631237,3.90978,7.57633,2.32129,133.441,2.26892802759,129.996,2023-06-14 23:45:22,False,1.27323715733,103.761400782,0.0514444,0.0
BRIDGE,3FGT8   ,9158587,PA,,CS,21611,353851000,1.20629653221,103.806020556,3.90978,7.58132,2.30383,132.402,2.25147473507,128.996,2023-06-14 23:45:32,False,1.27325854358,103.761410627,0.0514444,0.0
BRIDGE,3FGT8   ,9158587,PA,,CS,21611,353851000,1.20609826061,103.80628455,3.90978,7.60165,2.30383,131.475,2.25147473507,128.996,2023-06-14 23:45:42,False,1.27325097609,103.761431046,0.102889,0.0
BRIDGE,3FGT8   ,9158587,PA,,CS,21611,353851000,1.20596504598,103.806445714,3.90978,7.58393,2.26893,130.426,2.19911485751,125.997,2023-06-14 23:45:52,False,1.2732447542,103.761415936,0.102889,0.0
BRIDGE,3FGT8   ,9158587,PA,,CS,21611,353851000,1.20563875292,103.806884095,3.90978,7.61116,2.25147,129.3,2.18166156499,124.997,2023-06-14 23:46:02,False,1.27325072214,103.761397939,0.102889,0.0
BRIDGE,3FGT8   ,9158587,PA,,CS,21611,353851000,1.20551707711,103.807061597,3.90978,7.61245,2.25147,127.426,2.18166156499,124.997,2023-06-14 23:46:12,False,1.27321918426,103.761399361,0.0514444,0.0
BRIDGE,3FGT8   ,9158587,PA,,CS,21611,353851000,1.20520695506,103.807518778,3.85833,7.51343,2.18166,125.417,2.18166156499,124.997,2023-06-14 23:46:23,False,1.27322537593,103.761402652,0.102889,0.0
BRIDGE,3FGT8   ,9158587,PA,,CS,21611,353851000,1.20504331175,103.807742934,3.85833,7.51343,2.18166,125.417,2.18166156499,124.997,2023-06-14 23:46:33,False,1.27325502579,103.761393894,0.0,0.0
BRIDGE,3FGT8   ,9158587,PA,,CS,21611,353851000,1.20493842046,103.807917422,3.80689,7.42439,2.16421,124.439,2.18166156499,124.997,2023-06-14 23:46:43,False,1.27326839926,103.761413013,0.0514444,0.0
BRIDGE,3FGT8   ,9158587,PA,,CS,21611,353851000,1.20464687557,103.808364428,3.75544,7.30539,2.16421,124.155,2.18166156499,124.997,2023-06-14 23:46:53,False,1.27326618917,103.761397982,0.0514444,0.0
BRIDGE,3FGT8   ,9158587,PA,,CS,21611,353851000,1.20451017743,103.808573136,3.65256,7.13822,2.16421,124.123,2.18166156499,124.997,2023-06-14 23:47:03,False,1.27327752342,103.761410837,0.102889,0.0
BRIDGE,3FGT8   ,9158587,PA,,CS,21611,353851000,1.20440062728,103.808741539,3.54967,6.96018,2.16421,123.956,2.18166156499,124.997,2023-06-14 23:47:13,False,1.27327897755,103.761417146,0.102889,0.0
BRIDGE,3FGT8   ,9158587,PA,,CS,21611,353851000,1.20414914158,103.809107542,3.54967,6.9283,2.14675,122.977,2.18166156499,124.997,2023-06-14 23:47:23,False,1.27328213479,103.761414654,0.102889,0.0
BRIDGE,3FGT8   ,9158587,PA,,CS,21611,353851000,1.20403538767,103.809286649,3.49822,6.83133,2.14675,122.921,2.18166156499,124.997,2023-06-14 23:47:33,False,1.27327569024,103.761409442,0.0514444,0.0
BRIDGE,3FGT8   ,9158587,PA,,CS,21611,353851000,1.20389869832,103.809497218,3.44678,6.83133,2.14675,122.921,2.18166156499,124.997,2023-06-14 23:47:43,False,1.27327662044,103.761412548,0.0514444,0.0
BRIDGE,3FGT8   ,9158587,PA,,CS,21611,353851000,1.20367616668,103.809827503,3.39533,6.6211,2.14675,122.897,2.18166156499,124.997,2023-06-14 23:47:53,False,1.27326502591,103.761407222,0.0,0.0
BRIDGE,3FGT8   ,9158587,PA,,CS,21611,353851000,1.20356398901,103.809994862,3.34389,6.50782,2.14675,122.931,2.18166156499,124.997,2023-06-14 23:48:03,False,1.27326169251,103.761407222,0.0,0.0
BRIDGE,3FGT8   ,9158587,PA,,CS,21611,353851000,1.2033495867,103.810313012,3.29244,6.39454,2.14675,122.965,2.18166156499,124.997,2023-06-14 23:48:13,False,1.27325502569,103.761407222,0.0,0.0
BRIDGE,3FGT8   ,9158587,PA,,CS,21611,353851000,1.20321784755,103.810531925,3.241,6.29758,2.14675,122.905,2.18166156499,124.997,2023-06-14 23:48:23,False,1.27325335927,103.761407222,0.0,0.0
BRIDGE,3FGT8   ,9158587,PA,,CS,21611,353851000,1.20309982318,103.810694554,3.241,6.21118,2.14675,122.994,2.18166156499,124.997,2023-06-14 23:48:33,False,1.27325335927,103.761407222,0.0,0.0
BRIDGE,3FGT8   ,9158587,PA,,CS,21611,353851000,1.20288367236,103.811029814,3.18956,6.21118,2.14675,122.994,2.18166156499,124.997,2023-06-14 23:48:43,False,1.27325335927,103.761407222,0.0,0.0
BRIDGE,3FGT8   ,9158587,PA,,CS,21611,353851000,1.20276491509,103.811204152,3.18956,6.19489,2.14675,123.092,2.18166156499,124.997,2023-06-14 23:48:53,False,1.27323556801,103.761395921,0.0514444,0.0
BRIDGE,3FGT8   ,9158587,PA,,CS,21611,353851000,1.20261475282,103.811413251,3.29244,6.37824,2.14675,123.06,2.12930168743,121.998,2023-06-14 23:49:03,False,1.27323335892,103.761393894,0.0,0.0
BRIDGE,3FGT8   ,9158587,PA,,CS,21611,353851000,1.20236462257,103.811791775,3.34389,6.46462,2.14675,122.973,2.09439510239,119.998,2023-06-14 23:49:13,False,1.27323169249,103.761393894,0.0,0.0
BRIDGE,3FGT8   ,9158587,PA,,CS,21611,353851000,1.20226407643,103.811981582,3.34389,6.47195,2.1293,122.115,2.04203522483,116.999,2023-06-14 23:49:23,False,1.27322335925,103.761393895,0.0,0.0
BRIDGE,3FGT8   ,9158587,PA,,CS,21611,353851000,1.20203958055,103.812393778,3.34389,6.48114,2.0944,120.256,1.98967534727,114.0,2023-06-14 23:49:33,False,1.27321502601,103.761393895,0.0,0.0
BRIDGE,3FGT8   ,9158587,PA,,CS,21611,353851000,1.20195526278,103.812596628,3.34389,6.50639,2.05949,118.556,1.95476876223,111.995,2023-06-14 23:49:43,False,1.27321002562,103.761393895,0.0,0.0
BRIDGE,3FGT8   ,9158587,PA,,CS,21611,353851000,1.20188419679,103.81278884,3.34389,6.512,2.00713,115.647,1.91986217719,109.995,2023-06-14 23:49:53,False,1.2732116926,103.761393895,0.0,0.0
BRIDGE,3FGT8   ,9158587,PA,,CS,21611,353851000,1.20179430164,103.812982297,3.34389,6.52952,2.00713,115.573,1.91986217719,109.995,2023-06-14 23:50:03,False,1.27321335903,103.761393895,0.0,0.0
BRIDGE,3FGT8   ,9158587,PA,,CS,21611,353851000,1.20167101272,103.813419169,3.29244,6.41578,1.91986,110.576,1.88495559215,107.996,2023-06-14 23:50:13,False,1.27320717858,103.761395887,0.0514444,0.0
BRIDGE,3FGT8   ,9158587,PA,,CS,21611,353851000,1.20161075691,103.813629634,3.29244,6.41236,1.90241,109.479,1.86750229963,106.996,2023-06-14 23:50:23,False,1.27320552549,103.761398677,0.0514444,0.0
BRIDGE,3FGT8   ,9158587,PA,,CS,21611,353851000,1.20150198692,103.814045532,3.29244,6.4113,1.88496,108.38,1.85004900711,105.996,2023-06-14 23:50:33,False,1.27319835897,103.761393895,0.0,0.0
BRIDGE,3FGT8   ,9158587,PA,,CS,21611,353851000,1.20144310921,103.814286795,3.29244,6.40304,1.85005,106.399,1.85004900711,105.996,2023-06-14 23:50:43,False,1.27319335905,103.761407224,0.0,0.0
BRIDGE,3FGT8   ,9158587,PA,,CS,21611,353851000,1.20135439102,103.814668839,3.34389,6.48871,1.8326,105.285,1.85004900711,105.996,2023-06-14 23:50:53,False,1.2731900666,103.76141055,0.0,0.0
BRIDGE,3FGT8   ,9158587,PA,,CS,21611,353851000,1.20131386921,103.814854147,3.34389,6.49663,1.81514,104.203,1.85004900711,105.996,2023-06-14 23:51:03,False,1.2731816924,103.761407225,0.0,0.0
BRIDGE,3FGT8   ,9158587,PA,,CS,21611,353851000,1.2012698287,103.815097553,3.34389,6.50686,1.79769,103.123,1.85004900711,105.996,2023-06-14 23:51:13,False,1.2731816924,103.761407225,0.0,0.0
BRIDGE,3FGT8   ,9158587,PA,,CS,21611,353851000,1.20114942312,103.815545869,3.39533,6.60155,1.79769,102.931,1.85004900711,105.996,2023-06-14 23:51:23,False,1.2731616926,103.761393897,0.0,0.0
BRIDGE,3FGT8   ,9158587,PA,,CS,21611,353851000,1.20109475327,103.815762177,3.44678,6.68168,1.79769,102.945,1.83259571459,104.996,2023-06-14 23:51:33,False,1.27314342933,103.761396503,0.0514444,0.0
BRIDGE,3FGT8   ,9158587,PA,,CS,21611,353851000,1.20100120443,103.816184193,3.44678,6.68168,1.79769,102.945,1.83259571459,104.996,2023-06-14 23:51:43,False,1.27315169238,103.761393897,0.0514444,0.0
BRIDGE,3FGT8   ,9158587,PA,,CS,21611,353851000,1.20097305624,103.8164116,3.49822,6.77465,1.78024,101.923,1.83259571459,104.996,2023-06-14 23:51:53,False,1.27315169238,103.761393897,0.0,0.0
BRIDGE,3FGT8   ,9158587,PA,,CS,21611,353851000,1.20090587669,103.816666519,3.49822,6.77808,1.76278,101.245,1.83259571459,104.996,2023-06-14 23:52:03,False,1.27315169238,103.761393897,0.0,0.0
BRIDGE,3FGT8   ,9158587,PA,,CS,21611,353851000,1.20083473433,103.817138541,3.49822,6.85196,1.76278,100.13,1.83259571459,104.996,2023-06-14 23:52:13,False,1.27315502579,103.761393897,0.0,0.0
BRIDGE,3FGT8   ,9158587,PA,,CS,21611,353851000,1.2008012603,103.817346352,3.54967,6.8711,1.74533,100.102,1.83259571459,104.996,2023-06-14 23:52:23,False,1.27316037115,103.761393449,0.0514444,0.0
BRIDGE,3FGT8   ,9158587,PA,,CS,21611,353851000,1.20071824328,103.817791002,3.54967,6.8711,1.74533,100.102,1.83259571459,104.996,2023-06-14 23:52:33,False,1.2731572883,103.761392405,0.0514444,0.0
BRIDGE,3FGT8   ,9158587,PA,,CS,21611,353851000,1.20066454514,103.818042443,3.60111,6.9668,1.74533,99.9617,1.83259571459,104.996,2023-06-14 23:52:43,False,1.27317002584,103.761393896,0.0,0.0
BRIDGE,3FGT8   ,9158587,PA,,CS,21611,353851000,1.20062436356,103.818266418,3.60111,6.9668,1.74533,99.9617,1.83259571459,104.996,2023-06-14 23:52:53,False,1.27317002584,103.761393896,0.0,0.0
BRIDGE,3FGT8   ,9158587,PA,,CS,21611,353851000,1.20053748689,103.818706551,3.60111,6.9668,1.74533,99.9617,1.85004900711,105.996,2023-06-14 23:53:03,False,1.27317634876,103.761393326,0.0514444,0.0
BRIDGE,3FGT8   ,9158587,PA,,CS,21611,353851000,1.2004979941,103.818927856,3.65256,6.9668,1.74533,99.9617,1.86750229963,106.996,2023-06-14 23:53:13,False,1.27317715408,103.761392878,0.0514444,0.0
BRIDGE,3FGT8   ,9158587,PA,,CS,21611,353851000,1.2003968462,103.81944752,3.65256,7.16499,1.74533,99.999,1.86750229963,106.996,2023-06-14 23:53:23,False,1.27317565157,103.761392326,0.0514444,0.0
BRIDGE,3FGT8   ,9158587,PA,,CS,21611,353851000,1.20032581561,103.819690006,3.80689,7.36932,1.78024,101.873,1.86750229963,106.996,2023-06-14 23:53:33,False,1.27317669266,103.761393896,0.0514444,0.0
BRIDGE,3FGT8   ,9158587,PA,,CS,21611,353851000,1.20022798778,103.820164564,3.90978,7.56755,1.78024,101.858,1.86750229963,106.996,2023-06-14 23:53:43,False,1.27317669266,103.761393896,0.0514444,0.0
BRIDGE,3FGT8   ,9158587,PA,,CS,21611,353851000,1.20015753559,103.820406656,4.01267,7.74675,1.78024,101.874,1.88495559215,107.996,2023-06-14 23:53:53,False,1.2731816924,103.761407225,0.0,0.0
BRIDGE,3FGT8   ,9158587,PA,,CS,21611,353851000,1.20010258339,103.82068405,4.06411,7.83275,1.79769,102.76,1.88495559215,107.996,2023-06-14 23:54:03,False,1.2731816924,103.761407225,0.0,0.0
BRIDGE,3FGT8   ,9158587,PA,,CS,21611,353851000,1.19995359395,103.821211183,4.06411,8.11536,1.79769,102.871,1.88495559215,107.996,2023-06-14 23:54:13,False,1.27317835899,103.761407225,0.0,0.0
BRIDGE,3FGT8   ,9158587,PA,,CS,21611,353851000,1.19986355388,103.821539922,4.26989,8.21879,1.79769,102.984,1.88495559215,107.996,2023-06-14 23:54:23,False,1.27318002597,103.761407225,0.0,0.0
BRIDGE,3FGT8   ,9158587,PA,,CS,21611,353851000,1.19980189373,103.821802489,4.26989,8.23773,1.79769,102.954,1.88495559215,107.996,2023-06-14 23:54:33,False,1.27318002597,103.761407225,0.0,0.0
BRIDGE,3FGT8   ,9158587,PA,,CS,21611,353851000,1.1996712392,103.82238194,4.42422,8.53496,1.79769,102.897,1.90240888467,108.995,2023-06-14 23:54:43,False,1.27317669257,103.761407225,0.0,0.0
BRIDGE,3FGT8   ,9158587,PA,,CS,21611,353851000,1.19961054617,103.822657272,4.42422,8.5496,1.79769,102.741,1.90240888467,108.995,2023-06-14 23:54:53,False,1.27317669257,103.761407225,0.0,0.0
BRIDGE,3FGT8   ,9158587,PA,,CS,21611,353851000,1.19943849291,103.823239307,4.57856,8.83047,1.8326,104.403,1.91986217719,109.995,2023-06-14 23:55:03,False,1.27317371026,103.761408524,0.0514444,0.0
BRIDGE,3FGT8   ,9158587,PA,,CS,21611,353851000,1.19934149318,103.823564393,4.63,8.91061,1.8326,104.4,1.91986217719,109.995,2023-06-14 23:55:13,False,1.27317634044,103.761408375,0.0514444,0.0
BRIDGE,3FGT8   ,9158587,PA,,CS,21611,353851000,1.19917989624,103.82412409,4.73289,9.08065,1.8326,104.631,1.91986217719,109.995,2023-06-14 23:55:23,False,1.27314498248,103.761424907,0.411556,0.0
BRIDGE,3FGT8   ,9158587,PA,,CS,21611,353851000,1.19907949156,103.824424509,4.78433,9.18073,1.8326,105.096,1.91986217719,109.995,2023-06-14 23:55:33,False,1.27307428217,103.761234436,1.49189,0.0
BRIDGE,3FGT8   ,9158587,PA,,CS,21611,353851000,1.19898914611,103.824721336,4.83578,9.31886,1.8326,105.486,1.93731546971,110.995,2023-06-14 23:55:43,False,1.2729825633,103.761212055,1.49189,0.0
BRIDGE,3FGT8   ,9158587,PA,,CS,21611,353851000,1.19878025151,103.825360915,4.83578,9.49762,1.8326,106.284,1.93731546971,110.995,2023-06-14 23:55:53,False,1.27299028393,103.761310104,0.926,0.0
BRIDGE,3FGT8   ,9158587,PA,,CS,21611,353851000,1.19869272746,103.8256327,4.93867,9.57228,1.85005,106.153,1.95476876223,111.995,2023-06-14 23:56:03,False,1.27303975596,103.761381757,0.514444,0.0
BRIDGE,3FGT8   ,9158587,PA,,CS,21611,353851000,1.19860424981,103.825932944,4.93867,9.59096,1.85005,106.121,1.95476876223,111.995,2023-06-14 23:56:13,False,1.27315668833,103.761058693,0.514444,0.0
BRIDGE,3FGT8   ,9158587,PA,,CS,21611,353851000,1.19839168084,103.826560111,4.99011,9.80106,1.8675,107.069,1.97222205475,113.0,2023-06-14 23:56:23,False,1.27321323863,103.760930386,2.05778,0.0
BRIDGE,3FGT8   ,9158587,PA,,CS,21611,353851000,1.1982713784,103.826897975,5.093,9.8811,1.8675,107.045,1.97222205475,113.0,2023-06-14 23:56:33,False,1.27335208987,103.760728281,1.69767,0.0
BRIDGE,3FGT8   ,9158587,PA,,CS,21611,353851000,1.19801427141,103.827579382,5.093,9.95227,1.8675,107.975,1.97222205475,113.0,2023-06-14 23:56:43,False,1.27337424613,103.760817186,0.617333,0.0
BRIDGE,3FGT8   ,9158587,PA,,CS,21611,353851000,1.19794164551,103.827765813,5.14444,9.96457,1.90241,108.894,1.97222205475,113.0,2023-06-14 23:56:53,False,1.27334208973,103.760841441,0.102889,0.0
BRIDGE,3FGT8   ,9158587,PA,,CS,21611,353851000,1.19773136792,103.828392839,5.14444,10.0752,1.90241,107.981,1.97222205475,113.0,2023-06-14 23:57:03,False,1.27332968454,103.760825682,0.102889,0.0
BRIDGE,3FGT8   ,9158587,PA,,CS,21611,353851000,1.19759191833,103.828755526,5.24733,10.1612,1.88496,108.054,1.97222205475,113.0,2023-06-14 23:57:13,False,1.27336760537,103.760804516,0.102889,0.0
BRIDGE,3FGT8   ,9158587,PA,,CS,21611,353851000,1.19748819253,103.829071141,5.29878,10.1797,1.90241,108.02,1.97222205475,113.0,2023-06-14 23:57:23,False,1.27339125623,103.760793652,0.360111,0.0
BRIDGE,3FGT8   ,9158587,PA,,CS,21611,353851000,1.19726932634,103.829768116,5.29878,10.1672,1.90241,108.158,1.97222205475,113.0,2023-06-14 23:57:33,False,1.2734144377,103.760824661,0.360111,0.0
BRIDGE,3FGT8   ,9158587,PA,,CS,21611,353851000,1.1971600802,103.830026947,5.24733,10.1118,1.88496,108.261,1.95476876223,111.995,2023-06-14 23:57:43,False,1.27344065409,103.760875247,0.154333,0.0
BRIDGE,3FGT8   ,9158587,PA,,CS,21611,353851000,1.1969508712,103.830720306,5.24733,10.3042,1.8675,107.341,1.95476876223,111.995,2023-06-14 23:57:53,False,1.27344989711,103.760878388,0.154333,0.0
BRIDGE,3FGT8   ,9158587,PA,,CS,21611,353851000,1.19684694664,103.831063539,5.19589,10.1641,1.8675,107.014,1.95476876223,111.995,2023-06-14 23:58:03,False,1.273461276,103.76087328,0.0514444,0.0
BRIDGE,3FGT8   ,9158587,PA,,CS,21611,353851000,1.19675384946,103.831370371,5.19589,10.0784,1.85005,106.932,1.97222205475,113.0,2023-06-14 23:58:13,False,1.27346419316,103.760871841,0.0514444,0.0
BRIDGE,3FGT8   ,9158587,PA,,CS,21611,353851000,1.19658071296,103.83203381,5.14444,9.95408,1.85005,106.099,1.98967534727,114.0,2023-06-14 23:58:23,False,1.27346273526,103.760852537,0.308667,0.0
BRIDGE,3FGT8   ,9158587,PA,,CS,21611,353851000,1.19650281016,103.832273464,5.14444,9.95408,1.85005,106.099,2.00712863979,114.999,2023-06-14 23:58:33,False,1.27340337289,103.760845502,0.102889,0.0
BRIDGE,3FGT8   ,9158587,PA,,CS,21611,353851000,1.19639798465,103.832628282,5.14444,9.97276,1.85005,106.068,2.00712863979,114.999,2023-06-14 23:58:43,False,1.27339595496,103.760849178,0.102889,0.0
BRIDGE,3FGT8   ,9158587,PA,,CS,21611,353851000,1.19617009997,103.833257247,5.093,9.89969,1.8675,107.012,2.02458193231,117.999,2023-06-14 23:58:53,False,1.27337497355,103.760846362,0.102889,0.0
BRIDGE,3FGT8   ,9158587,PA,,CS,21611,353851000,1.19607384961,103.833564008,5.093,9.90539,1.8675,107.119,2.05948851735,117.999,2023-06-14 23:59:03,False,1.27337299488,103.760819757,0.102889,0.0
BRIDGE,3FGT8   ,9158587,PA,,CS,21611,353851000,1.19584652967,103.834145772,5.04156,9.79856,1.90241,108.866,2.11184839491,120.998,2023-06-14 23:59:13,False,1.27340310777,103.760793204,0.205778,0.0
BRIDGE,3FGT8   ,9158587,PA,,CS,21611,353851000,1.19571303602,103.834463285,5.04156,9.68388,1.90241,109.708,2.11184839491,121.998,2023-06-14 23:59:23,False,1.27344870686,103.760809839,0.411556,0.0
BRIDGE,3FGT8   ,9158587,PA,,CS,21611,353851000,1.19546826438,103.835031832,4.93867,9.57818,1.93732,110.679,2.12930168743,121.998,2023-06-14 23:59:33,False,1.27342178819,103.760865525,0.360111,0.0
BRIDGE,3FGT8   ,9158587,PA,,CS,21611,353851000,1.19532910048,103.835313064,4.93867,9.57998,1.95477,111.672,2.14675497995,122.997,2023-06-14 23:59:43,False,1.27338789753,103.760828154,0.0514444,0.0
BRIDGE,3FGT8   ,9158587,PA,,CS,21611,353851000,1.19519790286,103.835615729,4.88722,9.4825,1.95477,111.78,2.14675497995,122.997,2023-06-14 23:59:53,False,1.27338449186,103.760829646,0.0514444,0.0
