name,callsign,imonumber,flag,length,type,grosstonnage,mmsinumber,latitudedegrees,longitudedegrees,speedoverground,speedoverwater,courseoverground,courseoverwater,headingoverground,headingoverwater,timestamp,is_stopped
MSC GRETA III,D5PT8   ,9415296,LR,,CS,32269,636021356,1.27396386885,103.760769203,1.13178,2.18213,5.16617,295.88,2.09439510239,119.998,2023-07-24 01:19:11,False
MSC GRETA III,D5PT8   ,9415296,LR,,CS,32269,636021356,1.27399079031,103.760714369,1.13178,2.18213,5.16617,295.88,2.09439510239,119.998,2023-07-24 01:19:21,False
MSC GRETA III,D5PT8   ,9415296,LR,,CS,32269,636021356,1.27389002586,103.760937225,0.0,0.0,2.64941,0.0,2.09439510239,119.998,2023-07-24 01:19:31,True
MSC GRETA III,D5PT8   ,9415296,LR,,CS,32269,636021356,1.2738466922,103.761018893,0.0,0.0,2.64941,0.0,2.09439510239,119.998,2023-07-24 01:19:41,True
MSC GRETA III,D5PT8   ,9415296,LR,,CS,32269,636021356,1.27382669222,103.761063891,0.0,0.0,2.3911,0.0,2.09439510239,119.998,2023-07-24 01:19:51,True
MSC GRETA III,D5PT8   ,9415296,LR,,CS,32269,636021356,1.27381835901,103.761080563,0.0,0.0,3.08749,0.0,2.09439510239,119.998,2023-07-24 01:20:01,True
MSC GRETA III,D5PT8   ,9415296,LR,,CS,32269,636021356,1.27381835901,103.761080563,0.0,0.0,3.08749,0.0,2.09439510239,119.998,2023-07-24 01:20:11,True
MSC GRETA III,D5PT8   ,9415296,LR,,CS,32269,636021356,1.27381835936,103.761090557,0.0,0.0,3.41561,0.0,2.09439510239,119.998,2023-07-24 01:20:21,True
MSC GRETA III,D5PT8   ,9415296,LR,,CS,32269,636021356,1.27381835936,103.761090557,0.0,0.0,3.53953,0.0,2.09439510239,119.998,2023-07-24 01:20:31,True
MSC GRETA III,D5PT8   ,9415296,LR,,CS,32269,636021356,1.27381335929,103.761083889,0.0,0.0,4.21148,0.0,2.09439510239,119.998,2023-07-24 01:20:41,True
MSC GRETA III,D5PT8   ,9415296,LR,,CS,32269,636021356,1.27381335929,103.761083889,0.0,0.0,4.63385,0.0,2.09439510239,119.998,2023-07-24 01:20:51,True
MSC GRETA III,D5PT8   ,9415296,LR,,CS,32269,636021356,1.27380699358,103.761107686,0.0,0.0824703,4.63385,225.0,2.09439510239,119.998,2023-07-24 01:21:01,True
MSC GRETA III,D5PT8   ,9415296,LR,,CS,32269,636021356,1.27381335911,103.761110555,0.0,0.0,3.37023,0.0,2.09439510239,119.998,2023-07-24 01:21:11,True
MSC GRETA III,D5PT8   ,9415296,LR,,CS,32269,636021356,1.27381335911,103.761110555,0.0,0.0,3.37023,0.0,2.09439510239,119.998,2023-07-24 01:21:21,True
MSC GRETA III,D5PT8   ,9415296,LR,,CS,32269,636021356,1.27381169225,103.76111389,0.0,0.0,3.66345,0.0,2.09439510239,119.998,2023-07-24 01:21:31,True
MSC GRETA III,D5PT8   ,9415296,LR,,CS,32269,636021356,1.27381169225,103.76111389,0.0,0.0,3.66345,0.0,2.09439510239,119.998,2023-07-24 01:21:41,True
MSC GRETA III,D5PT8   ,9415296,LR,,CS,32269,636021356,1.27381169225,103.76111389,0.0,0.0,3.94095,0.0,2.09439510239,119.998,2023-07-24 01:21:51,True
MSC GRETA III,D5PT8   ,9415296,LR,,CS,32269,636021356,1.27381002582,103.76111389,0.0,0.0,4.43488,0.0,2.09439510239,119.998,2023-07-24 01:22:01,True
MSC GRETA III,D5PT8   ,9415296,LR,,CS,32269,636021356,1.27381002582,103.76111389,0.0,0.0,4.12596,0.0,2.09439510239,119.998,2023-07-24 01:22:11,True
MSC GRETA III,D5PT8   ,9415296,LR,,CS,32269,636021356,1.27380835934,103.761112223,0.0,0.0,5.04226,0.0,2.09439510239,119.998,2023-07-24 01:22:21,True
MSC GRETA III,D5PT8   ,9415296,LR,,CS,32269,636021356,1.27380835934,103.761112223,0.0,0.0,5.04226,0.0,2.09439510239,119.998,2023-07-24 01:22:31,True
MSC GRETA III,D5PT8   ,9415296,LR,,CS,32269,636021356,1.27380835922,103.761108897,0.0,0.0,4.68621,0.0,2.09439510239,119.998,2023-07-24 01:22:41,True
MSC GRETA III,D5PT8   ,9415296,LR,,CS,32269,636021356,1.27380835934,103.761112223,0.0,0.0,4.68621,0.0,2.09439510239,119.998,2023-07-24 01:22:51,True
MSC GRETA III,D5PT8   ,9415296,LR,,CS,32269,636021356,1.27380835934,103.761112223,0.0,0.0,5.60251,0.0,2.09439510239,119.998,2023-07-24 01:23:01,True
MSC GRETA III,D5PT8   ,9415296,LR,,CS,32269,636021356,1.27380835934,103.761112223,0.0,0.0,5.60251,0.0,2.09439510239,119.998,2023-07-24 01:23:11,True
MSC GRETA III,D5PT8   ,9415296,LR,,CS,32269,636021356,1.27380835934,103.761112223,0.0,0.0,5.60251,0.0,2.09439510239,119.998,2023-07-24 01:23:21,True
MSC GRETA III,D5PT8   ,9415296,LR,,CS,32269,636021356,1.27380835934,103.761112223,0.0,0.0,5.60251,0.0,2.09439510239,119.998,2023-07-24 01:23:31,True
MSC GRETA III,D5PT8   ,9415296,LR,,CS,32269,636021356,1.27380835934,103.761112223,0.0,0.0,5.60251,0.0,2.09439510239,119.998,2023-07-24 01:23:41,True
MSC GRETA III,D5PT8   ,9415296,LR,,CS,32269,636021356,1.27380835934,103.761112223,0.0,0.0,5.60251,0.0,2.09439510239,119.998,2023-07-24 01:23:51,True
MSC GRETA III,D5PT8   ,9415296,LR,,CS,32269,636021356,1.27380835934,103.761112223,0.0,0.0,5.60251,0.0,2.09439510239,119.998,2023-07-24 01:24:01,True
MSC GRETA III,D5PT8   ,9415296,LR,,CS,32269,636021356,1.27380835934,103.761112223,0.0,0.0,5.60251,0.0,2.09439510239,119.998,2023-07-24 01:24:11,True
MSC GRETA III,D5PT8   ,9415296,LR,,CS,32269,636021356,1.27380835934,103.761112223,0.0,0.0,5.60251,0.0,2.09439510239,119.998,2023-07-24 01:24:21,True
MSC GRETA III,D5PT8   ,9415296,LR,,CS,32269,636021356,1.27380835934,103.761112223,0.0,0.0,5.60251,0.0,2.09439510239,119.998,2023-07-24 01:24:31,True
MSC GRETA III,D5PT8   ,9415296,LR,,CS,32269,636021356,1.27380835934,103.761112223,0.0,0.0,5.60251,0.0,2.09439510239,119.998,2023-07-24 01:24:41,True
MSC GRETA III,D5PT8   ,9415296,LR,,CS,32269,636021356,1.27380835934,103.761112223,0.0,0.0,5.60251,0.0,2.09439510239,119.998,2023-07-24 01:24:51,True
MSC GRETA III,D5PT8   ,9415296,LR,,CS,32269,636021356,1.27382076758,103.761041085,0.0,0.0801468,5.60251,75.9638,2.09439510239,119.998,2023-07-24 01:25:01,True
MSC GRETA III,D5PT8   ,9415296,LR,,CS,32269,636021356,1.27382180651,103.761044148,0.0514444,0.0801468,1.24617,75.9638,2.09439510239,119.998,2023-07-24 01:25:11,True
MSC GRETA III,D5PT8   ,9415296,LR,,CS,32269,636021356,1.27382388383,103.761050281,0.0514444,0.0801468,1.24617,75.9638,2.09439510239,119.998,2023-07-24 01:25:21,True
MSC GRETA III,D5PT8   ,9415296,LR,,CS,32269,636021356,1.27382507126,103.761053791,0.0514444,0.0801468,1.24617,75.9638,2.09439510239,119.998,2023-07-24 01:25:31,True
MSC GRETA III,D5PT8   ,9415296,LR,,CS,32269,636021356,1.27382714857,103.761059924,0.0514444,0.0801468,1.24617,75.9638,2.09439510239,119.998,2023-07-24 01:25:41,True
MSC GRETA III,D5PT8   ,9415296,LR,,CS,32269,636021356,1.27382803901,103.761062548,0.0514444,0.0801468,1.24617,75.9638,2.09439510239,119.998,2023-07-24 01:25:51,True
MSC GRETA III,D5PT8   ,9415296,LR,,CS,32269,636021356,1.27383026482,103.76106912,0.0514444,0.0801468,1.24617,75.9638,2.09439510239,119.998,2023-07-24 01:26:01,True
MSC GRETA III,D5PT8   ,9415296,LR,,CS,32269,636021356,1.27383130375,103.761072191,0.0514444,0.0801468,1.24617,75.9638,2.09439510239,119.998,2023-07-24 01:26:11,True
MSC GRETA III,D5PT8   ,9415296,LR,,CS,32269,636021356,1.27383234213,103.761075254,0.0514444,0.0801468,1.24617,75.9638,2.09439510239,119.998,2023-07-24 01:26:21,True
MSC GRETA III,D5PT8   ,9415296,LR,,CS,32269,636021356,1.27383442,103.761081387,0.0514444,0.0801468,1.24617,75.9638,2.09439510239,119.998,2023-07-24 01:26:31,True
MSC GRETA III,D5PT8   ,9415296,LR,,CS,32269,636021356,1.27383545838,103.761084458,0.0514444,0.0801468,1.24617,75.9638,2.09439510239,119.998,2023-07-24 01:26:41,True
MSC GRETA III,D5PT8   ,9415296,LR,,CS,32269,636021356,1.27383753624,103.761090592,0.0514444,0.0801468,1.24617,75.9638,2.09439510239,119.998,2023-07-24 01:26:51,True
MSC GRETA III,D5PT8   ,9415296,LR,,CS,32269,636021356,1.27383857518,103.761093654,0.0514444,0.0801468,1.24617,75.9638,2.09439510239,119.998,2023-07-24 01:27:01,True
MSC GRETA III,D5PT8   ,9415296,LR,,CS,32269,636021356,1.27384080099,103.761100226,0.0514444,0.0801468,1.24617,75.9638,2.09439510239,119.998,2023-07-24 01:27:11,True
MSC GRETA III,D5PT8   ,9415296,LR,,CS,32269,636021356,1.27384183937,103.761103289,0.0514444,0.0801468,1.24617,75.9638,2.09439510239,119.998,2023-07-24 01:27:21,True
MSC GRETA III,D5PT8   ,9415296,LR,,CS,32269,636021356,1.2738428783,103.76110636,0.0514444,0.0801468,1.24617,75.9638,2.09439510239,119.998,2023-07-24 01:27:31,True
MSC GRETA III,D5PT8   ,9415296,LR,,CS,32269,636021356,1.27384510411,103.761112932,0.0514444,0.0801468,1.24617,75.9638,2.09439510239,119.998,2023-07-24 01:27:41,True
MSC GRETA III,D5PT8   ,9415296,LR,,CS,32269,636021356,1.27384599455,103.761115556,0.0514444,0.0801468,1.24617,75.9638,2.09439510239,119.998,2023-07-24 01:27:51,True
MSC GRETA III,D5PT8   ,9415296,LR,,CS,32269,636021356,1.27381002559,103.76110723,0.0,0.0,2.72795,0.0,2.11184839491,120.998,2023-07-24 01:28:01,True
MSC GRETA III,D5PT8   ,9415296,LR,,CS,32269,636021356,1.27381002559,103.76110723,0.0,0.0,2.72795,0.0,2.11184839491,120.998,2023-07-24 01:28:11,True
MSC GRETA III,D5PT8   ,9415296,LR,,CS,32269,636021356,1.27381002559,103.76110723,0.0,0.0,2.72795,0.0,2.11184839491,120.998,2023-07-24 01:28:21,True
MSC GRETA III,D5PT8   ,9415296,LR,,CS,32269,636021356,1.27381002559,103.76110723,0.0,0.0,2.72795,0.0,2.11184839491,120.998,2023-07-24 01:28:31,True
MSC GRETA III,D5PT8   ,9415296,LR,,CS,32269,636021356,1.27381002559,103.76110723,0.0,0.0,2.72795,0.0,2.11184839491,120.998,2023-07-24 01:28:41,True
MSC GRETA III,D5PT8   ,9415296,LR,,CS,32269,636021356,1.27381002559,103.76110723,0.0,0.0,2.72795,0.0,2.11184839491,120.998,2023-07-24 01:28:51,True
MSC GRETA III,D5PT8   ,9415296,LR,,CS,32269,636021356,1.27381002559,103.76110723,0.0,0.0,2.72795,0.0,2.11184839491,120.998,2023-07-24 01:29:01,True
MSC GRETA III,D5PT8   ,9415296,LR,,CS,32269,636021356,1.27381002559,103.76110723,0.0,0.0,2.72795,0.0,2.11184839491,120.998,2023-07-24 01:29:11,True
MSC GRETA III,D5PT8   ,9415296,LR,,CS,32269,636021356,1.27381002559,103.76110723,0.0,0.0,2.72795,0.0,2.11184839491,120.998,2023-07-24 01:29:21,True
MSC GRETA III,D5PT8   ,9415296,LR,,CS,32269,636021356,1.27381002559,103.76110723,0.0,0.0,2.72795,0.0,2.11184839491,120.998,2023-07-24 01:29:31,True
MSC GRETA III,D5PT8   ,9415296,LR,,CS,32269,636021356,1.27381002559,103.76110723,0.0,0.0,2.72795,0.0,2.11184839491,120.998,2023-07-24 01:29:41,True
MSC GRETA III,D5PT8   ,9415296,LR,,CS,32269,636021356,1.27381002559,103.76110723,0.0,0.0,2.72795,0.0,2.11184839491,120.998,2023-07-24 01:29:51,True
MSC GRETA III,D5PT8   ,9415296,LR,,CS,32269,636021356,1.27381002559,103.76110723,0.0,0.0,2.72795,0.0,2.11184839491,120.998,2023-07-24 01:30:01,True
MSC GRETA III,D5PT8   ,9415296,LR,,CS,32269,636021356,1.27381002559,103.76110723,0.0,0.0,2.72795,0.0,2.11184839491,120.998,2023-07-24 01:30:11,True
MSC GRETA III,D5PT8   ,9415296,LR,,CS,32269,636021356,1.27381002559,103.76110723,0.0,0.0,2.72795,0.0,2.11184839491,120.998,2023-07-24 01:30:21,True
MSC GRETA III,D5PT8   ,9415296,LR,,CS,32269,636021356,1.27381002559,103.76110723,0.0,0.0,2.72795,0.0,2.11184839491,120.998,2023-07-24 01:30:31,True
MSC GRETA III,D5PT8   ,9415296,LR,,CS,32269,636021356,1.27381002559,103.76110723,0.0,0.0,2.72795,0.0,2.11184839491,120.998,2023-07-24 01:30:41,True
MSC GRETA III,D5PT8   ,9415296,LR,,CS,32269,636021356,1.27381002559,103.76110723,0.0,0.0,2.72795,0.0,2.11184839491,120.998,2023-07-24 01:30:51,True
MSC GRETA III,D5PT8   ,9415296,LR,,CS,32269,636021356,1.27380335901,103.76111389,0.0,0.0,2.97055,0.0,2.11184839491,120.998,2023-07-24 01:31:01,True
MSC GRETA III,D5PT8   ,9415296,LR,,CS,32269,636021356,1.27380335901,103.76111389,0.0,0.0,2.97055,0.0,2.11184839491,120.998,2023-07-24 01:31:11,True
MSC GRETA III,D5PT8   ,9415296,LR,,CS,32269,636021356,1.27380335901,103.76111389,0.0,0.0,2.97055,0.0,2.11184839491,120.998,2023-07-24 01:31:21,True
MSC GRETA III,D5PT8   ,9415296,LR,,CS,32269,636021356,1.27380335901,103.76111389,0.0,0.0,2.97055,0.0,2.11184839491,120.998,2023-07-24 01:31:31,True
MSC GRETA III,D5PT8   ,9415296,LR,,CS,32269,636021356,1.27380335901,103.76111389,0.0,0.0,2.97055,0.0,2.11184839491,120.998,2023-07-24 01:31:41,True
MSC GRETA III,D5PT8   ,9415296,LR,,CS,32269,636021356,1.27380335901,103.76111389,0.0,0.0,2.97055,0.0,2.11184839491,120.998,2023-07-24 01:31:51,True
MSC GRETA III,D5PT8   ,9415296,LR,,CS,32269,636021356,1.27380335901,103.76111389,0.0,0.0,2.97055,0.0,2.11184839491,120.998,2023-07-24 01:32:01,True
MSC GRETA III,D5PT8   ,9415296,LR,,CS,32269,636021356,1.27380335901,103.76111389,0.0,0.0,2.97055,0.0,2.11184839491,120.998,2023-07-24 01:32:11,True
MSC GRETA III,D5PT8   ,9415296,LR,,CS,32269,636021356,1.27380335901,103.76111389,0.0,0.0,2.97055,0.0,2.11184839491,120.998,2023-07-24 01:32:21,True
MSC GRETA III,D5PT8   ,9415296,LR,,CS,32269,636021356,1.27380335901,103.76111389,0.0,0.0,2.97055,0.0,2.11184839491,120.998,2023-07-24 01:32:31,True
MSC GRETA III,D5PT8   ,9415296,LR,,CS,32269,636021356,1.27380335901,103.76111389,0.0,0.0,2.97055,0.0,2.11184839491,120.998,2023-07-24 01:32:41,True
MSC GRETA III,D5PT8   ,9415296,LR,,CS,32269,636021356,1.27380335901,103.76111389,0.0,0.0,2.97055,0.0,2.11184839491,120.998,2023-07-24 01:32:51,True
MSC GRETA III,D5PT8   ,9415296,LR,,CS,32269,636021356,1.27380335901,103.76111389,0.0,0.0,2.97055,0.0,2.11184839491,120.998,2023-07-24 01:33:01,True
MSC GRETA III,D5PT8   ,9415296,LR,,CS,32269,636021356,1.27380335901,103.76111389,0.0,0.0,2.97055,0.0,2.11184839491,120.998,2023-07-24 01:33:11,True
MSC GRETA III,D5PT8   ,9415296,LR,,CS,32269,636021356,1.27380335901,103.76111389,0.0,0.0,2.97055,0.0,2.11184839491,120.998,2023-07-24 01:33:21,True
MSC GRETA III,D5PT8   ,9415296,LR,,CS,32269,636021356,1.27380335901,103.76111389,0.0,0.0,2.97055,0.0,2.11184839491,120.998,2023-07-24 01:33:31,True
MSC GRETA III,D5PT8   ,9415296,LR,,CS,32269,636021356,1.27380335901,103.76111389,0.0,0.0,2.97055,0.0,2.11184839491,120.998,2023-07-24 01:33:41,True
MSC GRETA III,D5PT8   ,9415296,LR,,CS,32269,636021356,1.27380335901,103.76111389,0.0,0.0,2.97055,0.0,2.11184839491,120.998,2023-07-24 01:33:51,True
MSC GRETA III,D5PT8   ,9415296,LR,,CS,32269,636021356,1.27380335895,103.761112223,0.0,0.0,2.97055,0.0,2.11184839491,120.998,2023-07-24 01:34:01,True
MSC GRETA III,D5PT8   ,9415296,LR,,CS,32269,636021356,1.27380335895,103.761112223,0.0,0.0,4.96372,0.0,2.11184839491,120.998,2023-07-24 01:34:11,True
MSC GRETA III,D5PT8   ,9415296,LR,,CS,32269,636021356,1.27380335895,103.761112223,0.0,0.0,4.96372,0.0,2.11184839491,120.998,2023-07-24 01:34:21,True
MSC GRETA III,D5PT8   ,9415296,LR,,CS,32269,636021356,1.27380335895,103.761112223,0.0,0.0,4.96372,0.0,2.11184839491,120.998,2023-07-24 01:34:31,True
MSC GRETA III,D5PT8   ,9415296,LR,,CS,32269,636021356,1.27380335895,103.761112223,0.0,0.0,4.96372,0.0,2.11184839491,120.998,2023-07-24 01:34:41,True
MSC GRETA III,D5PT8   ,9415296,LR,,CS,32269,636021356,1.27380335895,103.761112223,0.0,0.0,4.96372,0.0,2.11184839491,120.998,2023-07-24 01:34:51,True
MSC GRETA III,D5PT8   ,9415296,LR,,CS,32269,636021356,1.27380335895,103.761112223,0.0,0.0,4.96372,0.0,2.11184839491,120.998,2023-07-24 01:35:01,True
MSC GRETA III,D5PT8   ,9415296,LR,,CS,32269,636021356,1.27380335895,103.761112223,0.0,0.0,4.96372,0.0,2.11184839491,120.998,2023-07-24 01:35:11,True
MSC GRETA III,D5PT8   ,9415296,LR,,CS,32269,636021356,1.27380335895,103.761112223,0.0,0.0,4.96372,0.0,2.11184839491,120.998,2023-07-24 01:35:21,True
MSC GRETA III,D5PT8   ,9415296,LR,,CS,32269,636021356,1.27380335895,103.761112223,0.0,0.0,4.96372,0.0,2.11184839491,120.998,2023-07-24 01:35:31,True
MSC GRETA III,D5PT8   ,9415296,LR,,CS,32269,636021356,1.27380335895,103.761112223,0.0,0.0,4.96372,0.0,2.11184839491,120.998,2023-07-24 01:35:41,True
MSC GRETA III,D5PT8   ,9415296,LR,,CS,32269,636021356,1.27380335895,103.761112223,0.0,0.0,4.96372,0.0,2.11184839491,120.998,2023-07-24 01:35:51,True
MSC GRETA III,D5PT8   ,9415296,LR,,CS,32269,636021356,1.27380335895,103.761112223,0.0,0.0,4.96372,0.0,2.11184839491,120.998,2023-07-24 01:36:01,True
MSC GRETA III,D5PT8   ,9415296,LR,,CS,32269,636021356,1.27380335895,103.761112223,0.0,0.0,4.96372,0.0,2.11184839491,120.998,2023-07-24 01:36:11,True
MSC GRETA III,D5PT8   ,9415296,LR,,CS,32269,636021356,1.27380335895,103.761112223,0.0,0.0,4.96372,0.0,2.11184839491,120.998,2023-07-24 01:36:21,True
MSC GRETA III,D5PT8   ,9415296,LR,,CS,32269,636021356,1.27380335895,103.761112223,0.0,0.0,4.96372,0.0,2.11184839491,120.998,2023-07-24 01:36:31,True
MSC GRETA III,D5PT8   ,9415296,LR,,CS,32269,636021356,1.27380335895,103.761112223,0.0,0.0,4.96372,0.0,2.11184839491,120.998,2023-07-24 01:36:41,True
MSC GRETA III,D5PT8   ,9415296,LR,,CS,32269,636021356,1.27380335895,103.761112223,0.0,0.0,4.96372,0.0,2.11184839491,120.998,2023-07-24 01:36:51,True
MSC GRETA III,D5PT8   ,9415296,LR,,CS,32269,636021356,1.27379669231,103.761117225,0.0,0.0,5.57982,0.0,2.09439510239,119.998,2023-07-24 01:37:01,True
MSC GRETA III,D5PT8   ,9415296,LR,,CS,32269,636021356,1.27379669231,103.761117225,0.0,0.0,5.57982,0.0,2.09439510239,119.998,2023-07-24 01:37:11,True
MSC GRETA III,D5PT8   ,9415296,LR,,CS,32269,636021356,1.27379669231,103.761117225,0.0,0.0,5.57982,0.0,2.09439510239,119.998,2023-07-24 01:37:21,True
MSC GRETA III,D5PT8   ,9415296,LR,,CS,32269,636021356,1.27379669231,103.761117225,0.0,0.0,5.57982,0.0,2.09439510239,119.998,2023-07-24 01:37:31,True
MSC GRETA III,D5PT8   ,9415296,LR,,CS,32269,636021356,1.27379669231,103.761117225,0.0,0.0,5.57982,0.0,2.09439510239,119.998,2023-07-24 01:37:41,True
MSC GRETA III,D5PT8   ,9415296,LR,,CS,32269,636021356,1.27379669231,103.761117225,0.0,0.0,5.57982,0.0,2.09439510239,119.998,2023-07-24 01:37:51,True
MSC GRETA III,D5PT8   ,9415296,LR,,CS,32269,636021356,1.27379669231,103.761117225,0.0,0.0,5.57982,0.0,2.09439510239,119.998,2023-07-24 01:38:01,True
MSC GRETA III,D5PT8   ,9415296,LR,,CS,32269,636021356,1.27379669231,103.761117225,0.0,0.0,5.57982,0.0,2.09439510239,119.998,2023-07-24 01:38:11,True
MSC GRETA III,D5PT8   ,9415296,LR,,CS,32269,636021356,1.27379669231,103.761117225,0.0,0.0,5.57982,0.0,2.09439510239,119.998,2023-07-24 01:38:21,True
MSC GRETA III,D5PT8   ,9415296,LR,,CS,32269,636021356,1.27379669231,103.761117225,0.0,0.0,5.57982,0.0,2.09439510239,119.998,2023-07-24 01:38:31,True
MSC GRETA III,D5PT8   ,9415296,LR,,CS,32269,636021356,1.27379669231,103.761117225,0.0,0.0,5.57982,0.0,2.09439510239,119.998,2023-07-24 01:38:41,True
MSC GRETA III,D5PT8   ,9415296,LR,,CS,32269,636021356,1.27379669231,103.761117225,0.0,0.0,5.57982,0.0,2.09439510239,119.998,2023-07-24 01:38:51,True
MSC GRETA III,D5PT8   ,9415296,LR,,CS,32269,636021356,1.27379669231,103.761117225,0.0,0.0,5.57982,0.0,2.09439510239,119.998,2023-07-24 01:39:01,True
MSC GRETA III,D5PT8   ,9415296,LR,,CS,32269,636021356,1.27379669231,103.761117225,0.0,0.0,5.57982,0.0,2.09439510239,119.998,2023-07-24 01:39:11,True
MSC GRETA III,D5PT8   ,9415296,LR,,CS,32269,636021356,1.27379669231,103.761117225,0.0,0.0,5.57982,0.0,2.09439510239,119.998,2023-07-24 01:39:21,True
MSC GRETA III,D5PT8   ,9415296,LR,,CS,32269,636021356,1.27379669231,103.761117225,0.0,0.0,5.57982,0.0,2.09439510239,119.998,2023-07-24 01:39:31,True
MSC GRETA III,D5PT8   ,9415296,LR,,CS,32269,636021356,1.27379669231,103.761117225,0.0,0.0,5.57982,0.0,2.09439510239,119.998,2023-07-24 01:39:41,True
MSC GRETA III,D5PT8   ,9415296,LR,,CS,32269,636021356,1.27379669231,103.761117225,0.0,0.0,5.57982,0.0,2.09439510239,119.998,2023-07-24 01:39:51,True
MSC GRETA III,D5PT8   ,9415296,LR,,CS,32269,636021356,1.27380335924,103.761120559,0.0,0.0,2.37365,0.0,2.09439510239,119.998,2023-07-24 01:40:01,True
MSC GRETA III,D5PT8   ,9415296,LR,,CS,32269,636021356,1.27380335924,103.761120559,0.0,0.0,2.37365,0.0,2.09439510239,119.998,2023-07-24 01:40:11,True
MSC GRETA III,D5PT8   ,9415296,LR,,CS,32269,636021356,1.27380335924,103.761120559,0.0,0.0,2.37365,0.0,2.09439510239,119.998,2023-07-24 01:40:21,True
MSC GRETA III,D5PT8   ,9415296,LR,,CS,32269,636021356,1.27380335924,103.761120559,0.0,0.0,2.37365,0.0,2.09439510239,119.998,2023-07-24 01:40:31,True
MSC GRETA III,D5PT8   ,9415296,LR,,CS,32269,636021356,1.27380335924,103.761120559,0.0,0.0,2.37365,0.0,2.09439510239,119.998,2023-07-24 01:40:41,True
MSC GRETA III,D5PT8   ,9415296,LR,,CS,32269,636021356,1.27380335924,103.761120559,0.0,0.0,2.37365,0.0,2.09439510239,119.998,2023-07-24 01:40:51,True
MSC GRETA III,D5PT8   ,9415296,LR,,CS,32269,636021356,1.27380335924,103.761120559,0.0,0.0,2.37365,0.0,2.09439510239,119.998,2023-07-24 01:41:01,True
MSC GRETA III,D5PT8   ,9415296,LR,,CS,32269,636021356,1.27380335924,103.761120559,0.0,0.0,2.37365,0.0,2.09439510239,119.998,2023-07-24 01:41:11,True
MSC GRETA III,D5PT8   ,9415296,LR,,CS,32269,636021356,1.27380335924,103.761120559,0.0,0.0,2.37365,0.0,2.09439510239,119.998,2023-07-24 01:41:21,True
MSC GRETA III,D5PT8   ,9415296,LR,,CS,32269,636021356,1.27380335924,103.761120559,0.0,0.0,2.37365,0.0,2.09439510239,119.998,2023-07-24 01:41:31,True
MSC GRETA III,D5PT8   ,9415296,LR,,CS,32269,636021356,1.27380335924,103.761120559,0.0,0.0,2.37365,0.0,2.09439510239,119.998,2023-07-24 01:41:41,True
MSC GRETA III,D5PT8   ,9415296,LR,,CS,32269,636021356,1.27380335924,103.761120559,0.0,0.0,2.37365,0.0,2.09439510239,119.998,2023-07-24 01:41:51,True
MSC GRETA III,D5PT8   ,9415296,LR,,CS,32269,636021356,1.27380335924,103.761120559,0.0,0.0,2.37365,0.0,2.09439510239,119.998,2023-07-24 01:42:01,True
MSC GRETA III,D5PT8   ,9415296,LR,,CS,32269,636021356,1.27380335924,103.761120559,0.0,0.0,2.37365,0.0,2.09439510239,119.998,2023-07-24 01:42:11,True
MSC GRETA III,D5PT8   ,9415296,LR,,CS,32269,636021356,1.27380335924,103.761120559,0.0,0.0,2.37365,0.0,2.09439510239,119.998,2023-07-24 01:42:21,True
MSC GRETA III,D5PT8   ,9415296,LR,,CS,32269,636021356,1.27380335924,103.761120559,0.0,0.0,2.37365,0.0,2.09439510239,119.998,2023-07-24 01:42:31,True
MSC GRETA III,D5PT8   ,9415296,LR,,CS,32269,636021356,1.27380335924,103.761120559,0.0,0.0,2.37365,0.0,2.09439510239,119.998,2023-07-24 01:42:41,True
MSC GRETA III,D5PT8   ,9415296,LR,,CS,32269,636021356,1.27380335924,103.761120559,0.0,0.0,2.37365,0.0,2.09439510239,119.998,2023-07-24 01:42:51,True
MSC GRETA III,D5PT8   ,9415296,LR,,CS,32269,636021356,1.2737866925,103.761097227,0.0,0.0,0.500909,0.0,2.09439510239,119.998,2023-07-24 01:43:01,True
MSC GRETA III,D5PT8   ,9415296,LR,,CS,32269,636021356,1.2737866925,103.761097227,0.0,0.0,0.500909,0.0,2.09439510239,119.998,2023-07-24 01:43:11,True
MSC GRETA III,D5PT8   ,9415296,LR,,CS,32269,636021356,1.2737866925,103.761097227,0.0,0.0,0.500909,0.0,2.09439510239,119.998,2023-07-24 01:43:21,True
MSC GRETA III,D5PT8   ,9415296,LR,,CS,32269,636021356,1.2737866925,103.761097227,0.0,0.0,0.500909,0.0,2.09439510239,119.998,2023-07-24 01:43:31,True
MSC GRETA III,D5PT8   ,9415296,LR,,CS,32269,636021356,1.2737866925,103.761097227,0.0,0.0,0.500909,0.0,2.09439510239,119.998,2023-07-24 01:43:41,True
MSC GRETA III,D5PT8   ,9415296,LR,,CS,32269,636021356,1.2737866925,103.761097227,0.0,0.0,0.500909,0.0,2.09439510239,119.998,2023-07-24 01:43:51,True
MSC GRETA III,D5PT8   ,9415296,LR,,CS,32269,636021356,1.2737866925,103.761097227,0.0,0.0,0.500909,0.0,2.09439510239,119.998,2023-07-24 01:44:01,True
MSC GRETA III,D5PT8   ,9415296,LR,,CS,32269,636021356,1.2737866925,103.761097227,0.0,0.0,0.500909,0.0,2.09439510239,119.998,2023-07-24 01:44:11,True
MSC GRETA III,D5PT8   ,9415296,LR,,CS,32269,636021356,1.2737866925,103.761097227,0.0,0.0,0.500909,0.0,2.09439510239,119.998,2023-07-24 01:44:21,True
MSC GRETA III,D5PT8   ,9415296,LR,,CS,32269,636021356,1.2737866925,103.761097227,0.0,0.0,0.500909,0.0,2.09439510239,119.998,2023-07-24 01:44:31,True
MSC GRETA III,D5PT8   ,9415296,LR,,CS,32269,636021356,1.2737866925,103.761097227,0.0,0.0,0.500909,0.0,2.09439510239,119.998,2023-07-24 01:44:41,True
MSC GRETA III,D5PT8   ,9415296,LR,,CS,32269,636021356,1.2737866925,103.761097227,0.0,0.0,0.500909,0.0,2.09439510239,119.998,2023-07-24 01:44:51,True
MSC GRETA III,D5PT8   ,9415296,LR,,CS,32269,636021356,1.2737866925,103.761097227,0.0,0.0,0.500909,0.0,2.09439510239,119.998,2023-07-24 01:45:01,True
MSC GRETA III,D5PT8   ,9415296,LR,,CS,32269,636021356,1.2737866925,103.761097227,0.0,0.0,0.500909,0.0,2.09439510239,119.998,2023-07-24 01:45:11,True
MSC GRETA III,D5PT8   ,9415296,LR,,CS,32269,636021356,1.2737866925,103.761097227,0.0,0.0,0.500909,0.0,2.09439510239,119.998,2023-07-24 01:45:21,True
MSC GRETA III,D5PT8   ,9415296,LR,,CS,32269,636021356,1.2737866925,103.761097227,0.0,0.0,0.500909,0.0,2.09439510239,119.998,2023-07-24 01:45:31,True
MSC GRETA III,D5PT8   ,9415296,LR,,CS,32269,636021356,1.2737866925,103.761097227,0.0,0.0,0.500909,0.0,2.09439510239,119.998,2023-07-24 01:45:41,True
MSC GRETA III,D5PT8   ,9415296,LR,,CS,32269,636021356,1.2737866925,103.761097227,0.0,0.0,0.500909,0.0,2.09439510239,119.998,2023-07-24 01:45:51,True
MSC GRETA III,D5PT8   ,9415296,LR,,CS,32269,636021356,1.2737866925,103.761097227,0.0,0.0,0.500909,0.0,2.09439510239,119.998,2023-07-24 01:46:01,True
MSC GRETA III,D5PT8   ,9415296,LR,,CS,32269,636021356,1.27379502554,103.76110723,0.0,0.0,6.06153,0.0,2.09439510239,119.998,2023-07-24 01:46:11,True
MSC GRETA III,D5PT8   ,9415296,LR,,CS,32269,636021356,1.27379502554,103.76110723,0.0,0.0,6.06153,0.0,2.09439510239,119.998,2023-07-24 01:46:21,True
MSC GRETA III,D5PT8   ,9415296,LR,,CS,32269,636021356,1.27379502554,103.76110723,0.0,0.0,6.06153,0.0,2.09439510239,119.998,2023-07-24 01:46:31,True
MSC GRETA III,D5PT8   ,9415296,LR,,CS,32269,636021356,1.27379502554,103.76110723,0.0,0.0,6.06153,0.0,2.09439510239,119.998,2023-07-24 01:46:41,True
MSC GRETA III,D5PT8   ,9415296,LR,,CS,32269,636021356,1.27379502554,103.76110723,0.0,0.0,6.06153,0.0,2.09439510239,119.998,2023-07-24 01:46:51,True
MSC GRETA III,D5PT8   ,9415296,LR,,CS,32269,636021356,1.27379502554,103.76110723,0.0,0.0,6.06153,0.0,2.09439510239,119.998,2023-07-24 01:47:01,True
MSC GRETA III,D5PT8   ,9415296,LR,,CS,32269,636021356,1.27379502554,103.76110723,0.0,0.0,6.06153,0.0,2.09439510239,119.998,2023-07-24 01:47:11,True
MSC GRETA III,D5PT8   ,9415296,LR,,CS,32269,636021356,1.27379502554,103.76110723,0.0,0.0,6.06153,0.0,2.09439510239,119.998,2023-07-24 01:47:21,True
MSC GRETA III,D5PT8   ,9415296,LR,,CS,32269,636021356,1.27379502554,103.76110723,0.0,0.0,6.06153,0.0,2.09439510239,119.998,2023-07-24 01:47:31,True
MSC GRETA III,D5PT8   ,9415296,LR,,CS,32269,636021356,1.27379502554,103.76110723,0.0,0.0,6.06153,0.0,2.09439510239,119.998,2023-07-24 01:47:41,True
MSC GRETA III,D5PT8   ,9415296,LR,,CS,32269,636021356,1.27379502554,103.76110723,0.0,0.0,6.06153,0.0,2.09439510239,119.998,2023-07-24 01:47:51,True
MSC GRETA III,D5PT8   ,9415296,LR,,CS,32269,636021356,1.27379502554,103.76110723,0.0,0.0,6.06153,0.0,2.09439510239,119.998,2023-07-24 01:48:01,True
MSC GRETA III,D5PT8   ,9415296,LR,,CS,32269,636021356,1.27379502554,103.76110723,0.0,0.0,6.06153,0.0,2.09439510239,119.998,2023-07-24 01:48:11,True
MSC GRETA III,D5PT8   ,9415296,LR,,CS,32269,636021356,1.27379502554,103.76110723,0.0,0.0,6.06153,0.0,2.09439510239,119.998,2023-07-24 01:48:21,True
MSC GRETA III,D5PT8   ,9415296,LR,,CS,32269,636021356,1.27379502554,103.76110723,0.0,0.0,6.06153,0.0,2.09439510239,119.998,2023-07-24 01:48:31,True
MSC GRETA III,D5PT8   ,9415296,LR,,CS,32269,636021356,1.27379502554,103.76110723,0.0,0.0,6.06153,0.0,2.09439510239,119.998,2023-07-24 01:48:41,True
MSC GRETA III,D5PT8   ,9415296,LR,,CS,32269,636021356,1.27379502554,103.76110723,0.0,0.0,6.06153,0.0,2.09439510239,119.998,2023-07-24 01:48:51,True
MSC GRETA III,D5PT8   ,9415296,LR,,CS,32269,636021356,1.27379669257,103.761108889,0.0,0.0,5.61298,0.0,2.09439510239,119.998,2023-07-24 01:49:01,True
MSC GRETA III,D5PT8   ,9415296,LR,,CS,32269,636021356,1.27379669257,103.761108889,0.0,0.0,5.61298,0.0,2.09439510239,119.998,2023-07-24 01:49:11,True
MSC GRETA III,D5PT8   ,9415296,LR,,CS,32269,636021356,1.27379669257,103.761108889,0.0,0.0,5.61298,0.0,2.09439510239,119.998,2023-07-24 01:49:21,True
MSC GRETA III,D5PT8   ,9415296,LR,,CS,32269,636021356,1.27379669257,103.761108889,0.0,0.0,5.61298,0.0,2.09439510239,119.998,2023-07-24 01:49:31,True
MSC GRETA III,D5PT8   ,9415296,LR,,CS,32269,636021356,1.27379669257,103.761108889,0.0,0.0,5.61298,0.0,2.09439510239,119.998,2023-07-24 01:49:41,True
MSC GRETA III,D5PT8   ,9415296,LR,,CS,32269,636021356,1.27379669257,103.761108889,0.0,0.0,5.61298,0.0,2.09439510239,119.998,2023-07-24 01:49:51,True
MSC GRETA III,D5PT8   ,9415296,LR,,CS,32269,636021356,1.27379669257,103.761108889,0.0,0.0,5.61298,0.0,2.09439510239,119.998,2023-07-24 01:50:01,True
MSC GRETA III,D5PT8   ,9415296,LR,,CS,32269,636021356,1.27379669257,103.761108889,0.0,0.0,5.61298,0.0,2.09439510239,119.998,2023-07-24 01:50:11,True
MSC GRETA III,D5PT8   ,9415296,LR,,CS,32269,636021356,1.27379669257,103.761108889,0.0,0.0,5.61298,0.0,2.09439510239,119.998,2023-07-24 01:50:21,True
MSC GRETA III,D5PT8   ,9415296,LR,,CS,32269,636021356,1.27379669257,103.761108889,0.0,0.0,5.61298,0.0,2.09439510239,119.998,2023-07-24 01:50:31,True
MSC GRETA III,D5PT8   ,9415296,LR,,CS,32269,636021356,1.27379669257,103.761108889,0.0,0.0,5.61298,0.0,2.09439510239,119.998,2023-07-24 01:50:41,True
MSC GRETA III,D5PT8   ,9415296,LR,,CS,32269,636021356,1.27379669257,103.761108889,0.0,0.0,5.61298,0.0,2.09439510239,119.998,2023-07-24 01:50:51,True
MSC GRETA III,D5PT8   ,9415296,LR,,CS,32269,636021356,1.27379669257,103.761108889,0.0,0.0,5.61298,0.0,2.09439510239,119.998,2023-07-24 01:51:01,True
MSC GRETA III,D5PT8   ,9415296,LR,,CS,32269,636021356,1.27379669257,103.761108889,0.0,0.0,5.61298,0.0,2.09439510239,119.998,2023-07-24 01:51:11,True
MSC GRETA III,D5PT8   ,9415296,LR,,CS,32269,636021356,1.27379669257,103.761108889,0.0,0.0,5.61298,0.0,2.09439510239,119.998,2023-07-24 01:51:21,True
MSC GRETA III,D5PT8   ,9415296,LR,,CS,32269,636021356,1.27379669257,103.761108889,0.0,0.0,5.61298,0.0,2.09439510239,119.998,2023-07-24 01:51:31,True
MSC GRETA III,D5PT8   ,9415296,LR,,CS,32269,636021356,1.27379669257,103.761108889,0.0,0.0,5.61298,0.0,2.09439510239,119.998,2023-07-24 01:51:41,True
MSC GRETA III,D5PT8   ,9415296,LR,,CS,32269,636021356,1.27379669257,103.761108889,0.0,0.0,5.61298,0.0,2.09439510239,119.998,2023-07-24 01:51:51,True
MSC GRETA III,D5PT8   ,9415296,LR,,CS,32269,636021356,1.2738016922,103.761118892,0.0,0.0,5.61298,0.0,2.09439510239,119.998,2023-07-24 01:52:01,True
MSC GRETA III,D5PT8   ,9415296,LR,,CS,32269,636021356,1.2738016922,103.761118892,0.0,0.0,6.02313,0.0,2.09439510239,119.998,2023-07-24 01:52:11,True
MSC GRETA III,D5PT8   ,9415296,LR,,CS,32269,636021356,1.2738016922,103.761118892,0.0,0.0,6.02313,0.0,2.09439510239,119.998,2023-07-24 01:52:21,True
MSC GRETA III,D5PT8   ,9415296,LR,,CS,32269,636021356,1.2738016922,103.761118892,0.0,0.0,6.02313,0.0,2.09439510239,119.998,2023-07-24 01:52:31,True
MSC GRETA III,D5PT8   ,9415296,LR,,CS,32269,636021356,1.2738016922,103.761118892,0.0,0.0,6.02313,0.0,2.09439510239,119.998,2023-07-24 01:52:41,True
MSC GRETA III,D5PT8   ,9415296,LR,,CS,32269,636021356,1.2738016922,103.761118892,0.0,0.0,6.02313,0.0,2.09439510239,119.998,2023-07-24 01:52:51,True
MSC GRETA III,D5PT8   ,9415296,LR,,CS,32269,636021356,1.2738016922,103.761118892,0.0,0.0,6.02313,0.0,2.09439510239,119.998,2023-07-24 01:53:01,True
MSC GRETA III,D5PT8   ,9415296,LR,,CS,32269,636021356,1.2738016922,103.761118892,0.0,0.0,6.02313,0.0,2.09439510239,119.998,2023-07-24 01:53:11,True
MSC GRETA III,D5PT8   ,9415296,LR,,CS,32269,636021356,1.2738016922,103.761118892,0.0,0.0,6.02313,0.0,2.09439510239,119.998,2023-07-24 01:53:21,True
MSC GRETA III,D5PT8   ,9415296,LR,,CS,32269,636021356,1.2738016922,103.761118892,0.0,0.0,6.02313,0.0,2.09439510239,119.998,2023-07-24 01:53:31,True
MSC GRETA III,D5PT8   ,9415296,LR,,CS,32269,636021356,1.2738016922,103.761118892,0.0,0.0,6.02313,0.0,2.09439510239,119.998,2023-07-24 01:53:41,True
MSC GRETA III,D5PT8   ,9415296,LR,,CS,32269,636021356,1.2738016922,103.761118892,0.0,0.0,6.02313,0.0,2.09439510239,119.998,2023-07-24 01:53:51,True
MSC GRETA III,D5PT8   ,9415296,LR,,CS,32269,636021356,1.2738016922,103.761118892,0.0,0.0,6.02313,0.0,2.09439510239,119.998,2023-07-24 01:54:01,True
MSC GRETA III,D5PT8   ,9415296,LR,,CS,32269,636021356,1.2738016922,103.761118892,0.0,0.0,6.02313,0.0,2.09439510239,119.998,2023-07-24 01:54:11,True
MSC GRETA III,D5PT8   ,9415296,LR,,CS,32269,636021356,1.2738016922,103.761118892,0.0,0.0,6.02313,0.0,2.09439510239,119.998,2023-07-24 01:54:21,True
MSC GRETA III,D5PT8   ,9415296,LR,,CS,32269,636021356,1.2738016922,103.761118892,0.0,0.0,6.02313,0.0,2.09439510239,119.998,2023-07-24 01:54:31,True
MSC GRETA III,D5PT8   ,9415296,LR,,CS,32269,636021356,1.2738016922,103.761118892,0.0,0.0,6.02313,0.0,2.09439510239,119.998,2023-07-24 01:54:41,True
MSC GRETA III,D5PT8   ,9415296,LR,,CS,32269,636021356,1.2738016922,103.761118892,0.0,0.0,6.02313,0.0,2.09439510239,119.998,2023-07-24 01:54:51,True
MSC GRETA III,D5PT8   ,9415296,LR,,CS,32269,636021356,1.2738016922,103.761118892,0.0,0.0,6.02313,0.0,2.09439510239,119.998,2023-07-24 01:55:01,True
MSC GRETA III,D5PT8   ,9415296,LR,,CS,32269,636021356,1.27379835917,103.76111389,0.0,0.0,5.30755,0.0,2.09439510239,119.998,2023-07-24 01:55:11,True
MSC GRETA III,D5PT8   ,9415296,LR,,CS,32269,636021356,1.27379835917,103.76111389,0.0,0.0,5.30755,0.0,2.09439510239,119.998,2023-07-24 01:55:21,True
MSC GRETA III,D5PT8   ,9415296,LR,,CS,32269,636021356,1.27379835917,103.76111389,0.0,0.0,5.30755,0.0,2.09439510239,119.998,2023-07-24 01:55:31,True
MSC GRETA III,D5PT8   ,9415296,LR,,CS,32269,636021356,1.27379835917,103.76111389,0.0,0.0,5.30755,0.0,2.09439510239,119.998,2023-07-24 01:55:41,True
MSC GRETA III,D5PT8   ,9415296,LR,,CS,32269,636021356,1.27379835917,103.76111389,0.0,0.0,5.30755,0.0,2.09439510239,119.998,2023-07-24 01:55:51,True
MSC GRETA III,D5PT8   ,9415296,LR,,CS,32269,636021356,1.27379835917,103.76111389,0.0,0.0,5.30755,0.0,2.09439510239,119.998,2023-07-24 01:56:01,True
MSC GRETA III,D5PT8   ,9415296,LR,,CS,32269,636021356,1.27379835917,103.76111389,0.0,0.0,5.30755,0.0,2.09439510239,119.998,2023-07-24 01:56:11,True
MSC GRETA III,D5PT8   ,9415296,LR,,CS,32269,636021356,1.27379835917,103.76111389,0.0,0.0,5.30755,0.0,2.09439510239,119.998,2023-07-24 01:56:21,True
MSC GRETA III,D5PT8   ,9415296,LR,,CS,32269,636021356,1.27379835917,103.76111389,0.0,0.0,5.30755,0.0,2.09439510239,119.998,2023-07-24 01:56:31,True
MSC GRETA III,D5PT8   ,9415296,LR,,CS,32269,636021356,1.27379835917,103.76111389,0.0,0.0,5.30755,0.0,2.09439510239,119.998,2023-07-24 01:56:41,True
MSC GRETA III,D5PT8   ,9415296,LR,,CS,32269,636021356,1.27379835917,103.76111389,0.0,0.0,5.30755,0.0,2.09439510239,119.998,2023-07-24 01:56:51,True
MSC GRETA III,D5PT8   ,9415296,LR,,CS,32269,636021356,1.27379835917,103.76111389,0.0,0.0,5.30755,0.0,2.09439510239,119.998,2023-07-24 01:57:01,True
MSC GRETA III,D5PT8   ,9415296,LR,,CS,32269,636021356,1.27379835917,103.76111389,0.0,0.0,5.30755,0.0,2.09439510239,119.998,2023-07-24 01:57:11,True
MSC GRETA III,D5PT8   ,9415296,LR,,CS,32269,636021356,1.27379835917,103.76111389,0.0,0.0,5.30755,0.0,2.09439510239,119.998,2023-07-24 01:57:21,True
MSC GRETA III,D5PT8   ,9415296,LR,,CS,32269,636021356,1.27379835917,103.76111389,0.0,0.0,5.30755,0.0,2.09439510239,119.998,2023-07-24 01:57:31,True
MSC GRETA III,D5PT8   ,9415296,LR,,CS,32269,636021356,1.27379835917,103.76111389,0.0,0.0,5.30755,0.0,2.09439510239,119.998,2023-07-24 01:57:41,True
MSC GRETA III,D5PT8   ,9415296,LR,,CS,32269,636021356,1.27379835917,103.76111389,0.0,0.0,5.30755,0.0,2.09439510239,119.998,2023-07-24 01:57:51,True
MSC GRETA III,D5PT8   ,9415296,LR,,CS,32269,636021356,1.27380169264,103.761115557,0.0,0.0,0.682424,0.0,2.09439510239,119.998,2023-07-24 01:58:01,True
MSC GRETA III,D5PT8   ,9415296,LR,,CS,32269,636021356,1.27380169264,103.761115557,0.0,0.0,0.682424,0.0,2.09439510239,119.998,2023-07-24 01:58:11,True
MSC GRETA III,D5PT8   ,9415296,LR,,CS,32269,636021356,1.27380169264,103.761115557,0.0,0.0,0.682424,0.0,2.09439510239,119.998,2023-07-24 01:58:21,True
MSC GRETA III,D5PT8   ,9415296,LR,,CS,32269,636021356,1.27380169264,103.761115557,0.0,0.0,0.682424,0.0,2.09439510239,119.998,2023-07-24 01:58:31,True
MSC GRETA III,D5PT8   ,9415296,LR,,CS,32269,636021356,1.27380169264,103.761115557,0.0,0.0,0.682424,0.0,2.09439510239,119.998,2023-07-24 01:58:41,True
MSC GRETA III,D5PT8   ,9415296,LR,,CS,32269,636021356,1.27380169264,103.761115557,0.0,0.0,0.682424,0.0,2.09439510239,119.998,2023-07-24 01:58:51,True
MSC GRETA III,D5PT8   ,9415296,LR,,CS,32269,636021356,1.27380169264,103.761115557,0.0,0.0,0.682424,0.0,2.09439510239,119.998,2023-07-24 01:59:01,True
MSC GRETA III,D5PT8   ,9415296,LR,,CS,32269,636021356,1.27380169264,103.761115557,0.0,0.0,0.682424,0.0,2.09439510239,119.998,2023-07-24 01:59:11,True
MSC GRETA III,D5PT8   ,9415296,LR,,CS,32269,636021356,1.27380169264,103.761115557,0.0,0.0,0.682424,0.0,2.09439510239,119.998,2023-07-24 01:59:21,True
MSC GRETA III,D5PT8   ,9415296,LR,,CS,32269,636021356,1.27380169264,103.761115557,0.0,0.0,0.682424,0.0,2.09439510239,119.998,2023-07-24 01:59:31,True
MSC GRETA III,D5PT8   ,9415296,LR,,CS,32269,636021356,1.27380169264,103.761115557,0.0,0.0,0.682424,0.0,2.09439510239,119.998,2023-07-24 01:59:41,True
MSC GRETA III,D5PT8   ,9415296,LR,,CS,32269,636021356,1.27380169264,103.761115557,0.0,0.0,0.682424,0.0,2.09439510239,119.998,2023-07-24 01:59:51,True
MSC GRETA III,D5PT8   ,9415296,LR,,CS,32269,636021356,1.27380169264,103.761115557,0.0,0.0,0.682424,0.0,2.09439510239,119.998,2023-07-24 02:00:01,True
MSC GRETA III,D5PT8   ,9415296,LR,,CS,32269,636021356,1.27380169264,103.761115557,0.0,0.0,0.682424,0.0,2.09439510239,119.998,2023-07-24 02:00:11,True
MSC GRETA III,D5PT8   ,9415296,LR,,CS,32269,636021356,1.27380169264,103.761115557,0.0,0.0,0.682424,0.0,2.09439510239,119.998,2023-07-24 02:00:21,True
MSC GRETA III,D5PT8   ,9415296,LR,,CS,32269,636021356,1.27380169264,103.761115557,0.0,0.0,0.682424,0.0,2.09439510239,119.998,2023-07-24 02:00:31,True
MSC GRETA III,D5PT8   ,9415296,LR,,CS,32269,636021356,1.27380169264,103.761115557,0.0,0.0,0.682424,0.0,2.09439510239,119.998,2023-07-24 02:00:41,True
MSC GRETA III,D5PT8   ,9415296,LR,,CS,32269,636021356,1.27380169264,103.761115557,0.0,0.0,0.682424,0.0,2.09439510239,119.998,2023-07-24 02:00:51,True
MSC GRETA III,D5PT8   ,9415296,LR,,CS,32269,636021356,1.27380169264,103.761115557,0.0,0.0,0.682424,0.0,2.09439510239,119.998,2023-07-24 02:01:01,True
MSC GRETA III,D5PT8   ,9415296,LR,,CS,32269,636021356,1.27380169264,103.761115557,0.0,0.0,0.682424,0.0,2.09439510239,119.998,2023-07-24 02:01:11,True
MSC GRETA III,D5PT8   ,9415296,LR,,CS,32269,636021356,1.27380169264,103.761115557,0.0,0.0,0.682424,0.0,2.09439510239,119.998,2023-07-24 02:01:21,True
MSC GRETA III,D5PT8   ,9415296,LR,,CS,32269,636021356,1.27380169264,103.761115557,0.0,0.0,0.682424,0.0,2.09439510239,119.998,2023-07-24 02:01:31,True
MSC GRETA III,D5PT8   ,9415296,LR,,CS,32269,636021356,1.27380169264,103.761115557,0.0,0.0,0.682424,0.0,2.09439510239,119.998,2023-07-24 02:01:41,True
MSC GRETA III,D5PT8   ,9415296,LR,,CS,32269,636021356,1.27380169264,103.761115557,0.0,0.0,0.682424,0.0,2.09439510239,119.998,2023-07-24 02:01:51,True
MSC GRETA III,D5PT8   ,9415296,LR,,CS,32269,636021356,1.27380169264,103.761115557,0.0,0.0,0.682424,0.0,2.09439510239,119.998,2023-07-24 02:02:01,True
MSC GRETA III,D5PT8   ,9415296,LR,,CS,32269,636021356,1.27380169264,103.761115557,0.0,0.0,0.682424,0.0,2.09439510239,119.998,2023-07-24 02:02:11,True
MSC GRETA III,D5PT8   ,9415296,LR,,CS,32269,636021356,1.27380169264,103.761115557,0.0,0.0,0.682424,0.0,2.09439510239,119.998,2023-07-24 02:02:21,True
MSC GRETA III,D5PT8   ,9415296,LR,,CS,32269,636021356,1.27380169264,103.761115557,0.0,0.0,0.682424,0.0,2.09439510239,119.998,2023-07-24 02:02:31,True
MSC GRETA III,D5PT8   ,9415296,LR,,CS,32269,636021356,1.27380169264,103.761115557,0.0,0.0,0.682424,0.0,2.09439510239,119.998,2023-07-24 02:02:41,True
MSC GRETA III,D5PT8   ,9415296,LR,,CS,32269,636021356,1.27380169264,103.761115557,0.0,0.0,0.682424,0.0,2.09439510239,119.998,2023-07-24 02:02:51,True
MSC GRETA III,D5PT8   ,9415296,LR,,CS,32269,636021356,1.27380169264,103.761115557,0.0,0.0,0.682424,0.0,2.09439510239,119.998,2023-07-24 02:03:01,True
MSC GRETA III,D5PT8   ,9415296,LR,,CS,32269,636021356,1.27380169264,103.761115557,0.0,0.0,0.682424,0.0,2.09439510239,119.998,2023-07-24 02:03:11,True
MSC GRETA III,D5PT8   ,9415296,LR,,CS,32269,636021356,1.27380169264,103.761115557,0.0,0.0,0.682424,0.0,2.09439510239,119.998,2023-07-24 02:03:21,True
MSC GRETA III,D5PT8   ,9415296,LR,,CS,32269,636021356,1.27380169264,103.761115557,0.0,0.0,0.682424,0.0,2.09439510239,119.998,2023-07-24 02:03:31,True
MSC GRETA III,D5PT8   ,9415296,LR,,CS,32269,636021356,1.27380169264,103.761115557,0.0,0.0,0.682424,0.0,2.09439510239,119.998,2023-07-24 02:03:41,True
MSC GRETA III,D5PT8   ,9415296,LR,,CS,32269,636021356,1.27380169264,103.761115557,0.0,0.0,0.682424,0.0,2.09439510239,119.998,2023-07-24 02:03:51,True
MSC GRETA III,D5PT8   ,9415296,LR,,CS,32269,636021356,1.27380502578,103.761123893,0.0,0.0,0.307178,0.0,2.09439510239,119.998,2023-07-24 02:04:01,True
MSC GRETA III,D5PT8   ,9415296,LR,,CS,32269,636021356,1.27380502578,103.761123893,0.0,0.0,0.307178,0.0,2.09439510239,119.998,2023-07-24 02:04:11,True
MSC GRETA III,D5PT8   ,9415296,LR,,CS,32269,636021356,1.27380502578,103.761123893,0.0,0.0,0.307178,0.0,2.09439510239,119.998,2023-07-24 02:04:21,True
MSC GRETA III,D5PT8   ,9415296,LR,,CS,32269,636021356,1.27380502578,103.761123893,0.0,0.0,0.307178,0.0,2.09439510239,119.998,2023-07-24 02:04:31,True
MSC GRETA III,D5PT8   ,9415296,LR,,CS,32269,636021356,1.27380502578,103.761123893,0.0,0.0,0.307178,0.0,2.09439510239,119.998,2023-07-24 02:04:41,True
MSC GRETA III,D5PT8   ,9415296,LR,,CS,32269,636021356,1.27380502578,103.761123893,0.0,0.0,0.307178,0.0,2.09439510239,119.998,2023-07-24 02:04:51,True
MSC GRETA III,D5PT8   ,9415296,LR,,CS,32269,636021356,1.27380502578,103.761123893,0.0,0.0,0.307178,0.0,2.09439510239,119.998,2023-07-24 02:05:01,True
MSC GRETA III,D5PT8   ,9415296,LR,,CS,32269,636021356,1.27380502578,103.761123893,0.0,0.0,0.307178,0.0,2.09439510239,119.998,2023-07-24 02:05:11,True
MSC GRETA III,D5PT8   ,9415296,LR,,CS,32269,636021356,1.27380502578,103.761123893,0.0,0.0,0.307178,0.0,2.09439510239,119.998,2023-07-24 02:05:21,True
MSC GRETA III,D5PT8   ,9415296,LR,,CS,32269,636021356,1.27380502578,103.761123893,0.0,0.0,0.307178,0.0,2.09439510239,119.998,2023-07-24 02:05:31,True
MSC GRETA III,D5PT8   ,9415296,LR,,CS,32269,636021356,1.27380502578,103.761123893,0.0,0.0,0.307178,0.0,2.09439510239,119.998,2023-07-24 02:05:41,True
MSC GRETA III,D5PT8   ,9415296,LR,,CS,32269,636021356,1.27380502578,103.761123893,0.0,0.0,0.307178,0.0,2.09439510239,119.998,2023-07-24 02:05:51,True
MSC GRETA III,D5PT8   ,9415296,LR,,CS,32269,636021356,1.27380502578,103.761123893,0.0,0.0,0.307178,0.0,2.09439510239,119.998,2023-07-24 02:06:01,True
MSC GRETA III,D5PT8   ,9415296,LR,,CS,32269,636021356,1.27380502578,103.761123893,0.0,0.0,0.307178,0.0,2.09439510239,119.998,2023-07-24 02:06:11,True
MSC GRETA III,D5PT8   ,9415296,LR,,CS,32269,636021356,1.27380502578,103.761123893,0.0,0.0,0.307178,0.0,2.09439510239,119.998,2023-07-24 02:06:21,True
MSC GRETA III,D5PT8   ,9415296,LR,,CS,32269,636021356,1.27380502578,103.761123893,0.0,0.0,0.307178,0.0,2.09439510239,119.998,2023-07-24 02:06:31,True
MSC GRETA III,D5PT8   ,9415296,LR,,CS,32269,636021356,1.27380502578,103.761123893,0.0,0.0,0.307178,0.0,2.09439510239,119.998,2023-07-24 02:06:41,True
MSC GRETA III,D5PT8   ,9415296,LR,,CS,32269,636021356,1.27380502578,103.761123893,0.0,0.0,0.307178,0.0,2.09439510239,119.998,2023-07-24 02:06:51,True
MSC GRETA III,D5PT8   ,9415296,LR,,CS,32269,636021356,1.27380835907,103.761120559,0.0,0.0,0.0541052,0.0,2.09439510239,119.998,2023-07-24 02:07:01,True
MSC GRETA III,D5PT8   ,9415296,LR,,CS,32269,636021356,1.27380835907,103.761120559,0.0,0.0,0.0541052,0.0,2.09439510239,119.998,2023-07-24 02:07:11,True
MSC GRETA III,D5PT8   ,9415296,LR,,CS,32269,636021356,1.27380835907,103.761120559,0.0,0.0,0.0541052,0.0,2.09439510239,119.998,2023-07-24 02:07:21,True
MSC GRETA III,D5PT8   ,9415296,LR,,CS,32269,636021356,1.27380835907,103.761120559,0.0,0.0,0.0541052,0.0,2.09439510239,119.998,2023-07-24 02:07:31,True
MSC GRETA III,D5PT8   ,9415296,LR,,CS,32269,636021356,1.27380835907,103.761120559,0.0,0.0,0.0541052,0.0,2.09439510239,119.998,2023-07-24 02:07:41,True
MSC GRETA III,D5PT8   ,9415296,LR,,CS,32269,636021356,1.27380835907,103.761120559,0.0,0.0,0.0541052,0.0,2.09439510239,119.998,2023-07-24 02:07:51,True
MSC GRETA III,D5PT8   ,9415296,LR,,CS,32269,636021356,1.27380835907,103.761120559,0.0,0.0,0.0541052,0.0,2.09439510239,119.998,2023-07-24 02:08:01,True
MSC GRETA III,D5PT8   ,9415296,LR,,CS,32269,636021356,1.27380835907,103.761120559,0.0,0.0,0.0541052,0.0,2.09439510239,119.998,2023-07-24 02:08:11,True
MSC GRETA III,D5PT8   ,9415296,LR,,CS,32269,636021356,1.27380835907,103.761120559,0.0,0.0,0.0541052,0.0,2.09439510239,119.998,2023-07-24 02:08:21,True
MSC GRETA III,D5PT8   ,9415296,LR,,CS,32269,636021356,1.27380835907,103.761120559,0.0,0.0,0.0541052,0.0,2.09439510239,119.998,2023-07-24 02:08:31,True
MSC GRETA III,D5PT8   ,9415296,LR,,CS,32269,636021356,1.27380835907,103.761120559,0.0,0.0,0.0541052,0.0,2.09439510239,119.998,2023-07-24 02:08:41,True
MSC GRETA III,D5PT8   ,9415296,LR,,CS,32269,636021356,1.27380835907,103.761120559,0.0,0.0,0.0541052,0.0,2.09439510239,119.998,2023-07-24 02:08:51,True
MSC GRETA III,D5PT8   ,9415296,LR,,CS,32269,636021356,1.27380835907,103.761120559,0.0,0.0,0.0541052,0.0,2.09439510239,119.998,2023-07-24 02:09:01,True
MSC GRETA III,D5PT8   ,9415296,LR,,CS,32269,636021356,1.27380835907,103.761120559,0.0,0.0,0.0541052,0.0,2.09439510239,119.998,2023-07-24 02:09:11,True
MSC GRETA III,D5PT8   ,9415296,LR,,CS,32269,636021356,1.27380835907,103.761120559,0.0,0.0,0.0541052,0.0,2.09439510239,119.998,2023-07-24 02:09:21,True
MSC GRETA III,D5PT8   ,9415296,LR,,CS,32269,636021356,1.27380835907,103.761120559,0.0,0.0,0.0541052,0.0,2.09439510239,119.998,2023-07-24 02:09:31,True
MSC GRETA III,D5PT8   ,9415296,LR,,CS,32269,636021356,1.27380835907,103.761120559,0.0,0.0,0.0541052,0.0,2.09439510239,119.998,2023-07-24 02:09:41,True
MSC GRETA III,D5PT8   ,9415296,LR,,CS,32269,636021356,1.27380835907,103.761120559,0.0,0.0,0.0541052,0.0,2.09439510239,119.998,2023-07-24 02:09:51,True
MSC GRETA III,D5PT8   ,9415296,LR,,CS,32269,636021356,1.27381002588,103.761115557,0.0,0.0,1.05941,0.0,2.09439510239,119.998,2023-07-24 02:10:01,True
MSC GRETA III,D5PT8   ,9415296,LR,,CS,32269,636021356,1.27381002588,103.761115557,0.0,0.0,1.05941,0.0,2.09439510239,119.998,2023-07-24 02:10:11,True
MSC GRETA III,D5PT8   ,9415296,LR,,CS,32269,636021356,1.27381002588,103.761115557,0.0,0.0,1.05941,0.0,2.09439510239,119.998,2023-07-24 02:10:21,True
MSC GRETA III,D5PT8   ,9415296,LR,,CS,32269,636021356,1.27381002588,103.761115557,0.0,0.0,1.05941,0.0,2.09439510239,119.998,2023-07-24 02:10:31,True
MSC GRETA III,D5PT8   ,9415296,LR,,CS,32269,636021356,1.27381002588,103.761115557,0.0,0.0,1.05941,0.0,2.09439510239,119.998,2023-07-24 02:10:41,True
MSC GRETA III,D5PT8   ,9415296,LR,,CS,32269,636021356,1.27381002588,103.761115557,0.0,0.0,1.05941,0.0,2.09439510239,119.998,2023-07-24 02:10:51,True
MSC GRETA III,D5PT8   ,9415296,LR,,CS,32269,636021356,1.27381002588,103.761115557,0.0,0.0,1.05941,0.0,2.09439510239,119.998,2023-07-24 02:11:01,True
MSC GRETA III,D5PT8   ,9415296,LR,,CS,32269,636021356,1.27381002588,103.761115557,0.0,0.0,1.05941,0.0,2.09439510239,119.998,2023-07-24 02:11:11,True
MSC GRETA III,D5PT8   ,9415296,LR,,CS,32269,636021356,1.27381002588,103.761115557,0.0,0.0,1.05941,0.0,2.09439510239,119.998,2023-07-24 02:11:21,True
MSC GRETA III,D5PT8   ,9415296,LR,,CS,32269,636021356,1.27381002588,103.761115557,0.0,0.0,1.05941,0.0,2.09439510239,119.998,2023-07-24 02:11:31,True
MSC GRETA III,D5PT8   ,9415296,LR,,CS,32269,636021356,1.27381002588,103.761115557,0.0,0.0,1.05941,0.0,2.09439510239,119.998,2023-07-24 02:11:41,True
MSC GRETA III,D5PT8   ,9415296,LR,,CS,32269,636021356,1.27381002588,103.761115557,0.0,0.0,1.05941,0.0,2.09439510239,119.998,2023-07-24 02:11:51,True
MSC GRETA III,D5PT8   ,9415296,LR,,CS,32269,636021356,1.27381002588,103.761115557,0.0,0.0,1.05941,0.0,2.09439510239,119.998,2023-07-24 02:12:01,True
MSC GRETA III,D5PT8   ,9415296,LR,,CS,32269,636021356,1.27381002588,103.761115557,0.0,0.0,1.05941,0.0,2.09439510239,119.998,2023-07-24 02:12:11,True
MSC GRETA III,D5PT8   ,9415296,LR,,CS,32269,636021356,1.27381002588,103.761115557,0.0,0.0,1.05941,0.0,2.09439510239,119.998,2023-07-24 02:12:21,True
MSC GRETA III,D5PT8   ,9415296,LR,,CS,32269,636021356,1.27381002588,103.761115557,0.0,0.0,1.05941,0.0,2.09439510239,119.998,2023-07-24 02:12:31,True
MSC GRETA III,D5PT8   ,9415296,LR,,CS,32269,636021356,1.27381002588,103.761115557,0.0,0.0,1.05941,0.0,2.09439510239,119.998,2023-07-24 02:12:41,True
MSC GRETA III,D5PT8   ,9415296,LR,,CS,32269,636021356,1.27381002588,103.761115557,0.0,0.0,1.05941,0.0,2.09439510239,119.998,2023-07-24 02:12:51,True
MSC GRETA III,D5PT8   ,9415296,LR,,CS,32269,636021356,1.27380502604,103.761115557,0.0,0.0,1.13272,0.0,2.09439510239,119.998,2023-07-24 02:13:01,True
MSC GRETA III,D5PT8   ,9415296,LR,,CS,32269,636021356,1.27380502604,103.761115557,0.0,0.0,1.13272,0.0,2.09439510239,119.998,2023-07-24 02:13:11,True
MSC GRETA III,D5PT8   ,9415296,LR,,CS,32269,636021356,1.27380502604,103.761115557,0.0,0.0,1.13272,0.0,2.09439510239,119.998,2023-07-24 02:13:21,True
MSC GRETA III,D5PT8   ,9415296,LR,,CS,32269,636021356,1.27380502604,103.761115557,0.0,0.0,1.13272,0.0,2.09439510239,119.998,2023-07-24 02:13:31,True
MSC GRETA III,D5PT8   ,9415296,LR,,CS,32269,636021356,1.27380502604,103.761115557,0.0,0.0,1.13272,0.0,2.09439510239,119.998,2023-07-24 02:13:41,True
MSC GRETA III,D5PT8   ,9415296,LR,,CS,32269,636021356,1.27380502604,103.761115557,0.0,0.0,1.13272,0.0,2.09439510239,119.998,2023-07-24 02:13:51,True
MSC GRETA III,D5PT8   ,9415296,LR,,CS,32269,636021356,1.27380502604,103.761115557,0.0,0.0,1.13272,0.0,2.09439510239,119.998,2023-07-24 02:14:01,True
MSC GRETA III,D5PT8   ,9415296,LR,,CS,32269,636021356,1.27380502604,103.761115557,0.0,0.0,1.13272,0.0,2.09439510239,119.998,2023-07-24 02:14:11,True
MSC GRETA III,D5PT8   ,9415296,LR,,CS,32269,636021356,1.27380502604,103.761115557,0.0,0.0,1.13272,0.0,2.09439510239,119.998,2023-07-24 02:14:21,True
MSC GRETA III,D5PT8   ,9415296,LR,,CS,32269,636021356,1.27380502604,103.761115557,0.0,0.0,1.13272,0.0,2.09439510239,119.998,2023-07-24 02:14:31,True
MSC GRETA III,D5PT8   ,9415296,LR,,CS,32269,636021356,1.27380502604,103.761115557,0.0,0.0,1.13272,0.0,2.09439510239,119.998,2023-07-24 02:14:41,True
MSC GRETA III,D5PT8   ,9415296,LR,,CS,32269,636021356,1.27380502604,103.761115557,0.0,0.0,1.13272,0.0,2.09439510239,119.998,2023-07-24 02:14:51,True
MSC GRETA III,D5PT8   ,9415296,LR,,CS,32269,636021356,1.27380502604,103.761115557,0.0,0.0,1.13272,0.0,2.09439510239,119.998,2023-07-24 02:15:01,True
MSC GRETA III,D5PT8   ,9415296,LR,,CS,32269,636021356,1.27380502604,103.761115557,0.0,0.0,1.13272,0.0,2.09439510239,119.998,2023-07-24 02:15:11,True
MSC GRETA III,D5PT8   ,9415296,LR,,CS,32269,636021356,1.27380502604,103.761115557,0.0,0.0,1.13272,0.0,2.09439510239,119.998,2023-07-24 02:15:21,True
MSC GRETA III,D5PT8   ,9415296,LR,,CS,32269,636021356,1.27380502604,103.761115557,0.0,0.0,1.13272,0.0,2.09439510239,119.998,2023-07-24 02:15:31,True
MSC GRETA III,D5PT8   ,9415296,LR,,CS,32269,636021356,1.27380502604,103.761115557,0.0,0.0,1.13272,0.0,2.09439510239,119.998,2023-07-24 02:15:41,True
MSC GRETA III,D5PT8   ,9415296,LR,,CS,32269,636021356,1.27380502604,103.761115557,0.0,0.0,1.13272,0.0,2.09439510239,119.998,2023-07-24 02:15:51,True
MSC GRETA III,D5PT8   ,9415296,LR,,CS,32269,636021356,1.27380502604,103.761115557,0.0,0.0,1.13272,0.0,2.09439510239,119.998,2023-07-24 02:16:01,True
MSC GRETA III,D5PT8   ,9415296,LR,,CS,32269,636021356,1.27380335912,103.761117224,0.0,0.0,0.855211,0.0,2.09439510239,119.998,2023-07-24 02:16:11,True
MSC GRETA III,D5PT8   ,9415296,LR,,CS,32269,636021356,1.27380335912,103.761117224,0.0,0.0,0.855211,0.0,2.09439510239,119.998,2023-07-24 02:16:21,True
MSC GRETA III,D5PT8   ,9415296,LR,,CS,32269,636021356,1.27380335912,103.761117224,0.0,0.0,0.855211,0.0,2.09439510239,119.998,2023-07-24 02:16:31,True
MSC GRETA III,D5PT8   ,9415296,LR,,CS,32269,636021356,1.27380335912,103.761117224,0.0,0.0,0.855211,0.0,2.09439510239,119.998,2023-07-24 02:16:41,True
MSC GRETA III,D5PT8   ,9415296,LR,,CS,32269,636021356,1.27380335912,103.761117224,0.0,0.0,0.855211,0.0,2.09439510239,119.998,2023-07-24 02:16:51,True
MSC GRETA III,D5PT8   ,9415296,LR,,CS,32269,636021356,1.27380335912,103.761117224,0.0,0.0,0.855211,0.0,2.09439510239,119.998,2023-07-24 02:17:01,True
MSC GRETA III,D5PT8   ,9415296,LR,,CS,32269,636021356,1.27380335912,103.761117224,0.0,0.0,0.855211,0.0,2.09439510239,119.998,2023-07-24 02:17:11,True
MSC GRETA III,D5PT8   ,9415296,LR,,CS,32269,636021356,1.27380335912,103.761117224,0.0,0.0,0.855211,0.0,2.09439510239,119.998,2023-07-24 02:17:21,True
MSC GRETA III,D5PT8   ,9415296,LR,,CS,32269,636021356,1.27380335912,103.761117224,0.0,0.0,0.855211,0.0,2.09439510239,119.998,2023-07-24 02:17:31,True
MSC GRETA III,D5PT8   ,9415296,LR,,CS,32269,636021356,1.27380335912,103.761117224,0.0,0.0,0.855211,0.0,2.09439510239,119.998,2023-07-24 02:17:41,True
MSC GRETA III,D5PT8   ,9415296,LR,,CS,32269,636021356,1.27380335912,103.761117224,0.0,0.0,0.855211,0.0,2.09439510239,119.998,2023-07-24 02:17:51,True
MSC GRETA III,D5PT8   ,9415296,LR,,CS,32269,636021356,1.27380335912,103.761117224,0.0,0.0,0.855211,0.0,2.09439510239,119.998,2023-07-24 02:18:01,True
MSC GRETA III,D5PT8   ,9415296,LR,,CS,32269,636021356,1.27380335912,103.761117224,0.0,0.0,0.855211,0.0,2.09439510239,119.998,2023-07-24 02:18:11,True
MSC GRETA III,D5PT8   ,9415296,LR,,CS,32269,636021356,1.27380335912,103.761117224,0.0,0.0,0.855211,0.0,2.09439510239,119.998,2023-07-24 02:18:21,True
MSC GRETA III,D5PT8   ,9415296,LR,,CS,32269,636021356,1.27380335912,103.761117224,0.0,0.0,0.855211,0.0,2.09439510239,119.998,2023-07-24 02:18:31,True
MSC GRETA III,D5PT8   ,9415296,LR,,CS,32269,636021356,1.27380335912,103.761117224,0.0,0.0,0.855211,0.0,2.09439510239,119.998,2023-07-24 02:18:41,True
MSC GRETA III,D5PT8   ,9415296,LR,,CS,32269,636021356,1.27380335912,103.761117224,0.0,0.0,0.855211,0.0,2.09439510239,119.998,2023-07-24 02:18:51,True
MSC GRETA III,D5PT8   ,9415296,LR,,CS,32269,636021356,1.27379335905,103.761105563,0.0,0.0,0.855211,0.0,2.09439510239,119.998,2023-07-24 02:19:01,True
MSC GRETA III,D5PT8   ,9415296,LR,,CS,32269,636021356,1.27379335905,103.761105563,0.0,0.0,0.855211,0.0,2.09439510239,119.998,2023-07-24 02:19:11,True
MSC GRETA III,D5PT8   ,9415296,LR,,CS,32269,636021356,1.27379335905,103.761105563,0.0,0.0,5.42448,0.0,2.09439510239,119.998,2023-07-24 02:19:21,True
MSC GRETA III,D5PT8   ,9415296,LR,,CS,32269,636021356,1.27379335905,103.761105563,0.0,0.0,5.42448,0.0,2.09439510239,119.998,2023-07-24 02:19:31,True
MSC GRETA III,D5PT8   ,9415296,LR,,CS,32269,636021356,1.27379335905,103.761105563,0.0,0.0,5.42448,0.0,2.09439510239,119.998,2023-07-24 02:19:41,True
MSC GRETA III,D5PT8   ,9415296,LR,,CS,32269,636021356,1.27379335905,103.761105563,0.0,0.0,5.42448,0.0,2.09439510239,119.998,2023-07-24 02:19:51,True
MSC GRETA III,D5PT8   ,9415296,LR,,CS,32269,636021356,1.27379335905,103.761105563,0.0,0.0,5.42448,0.0,2.09439510239,119.998,2023-07-24 02:20:01,True
MSC GRETA III,D5PT8   ,9415296,LR,,CS,32269,636021356,1.27379335905,103.761105563,0.0,0.0,5.42448,0.0,2.09439510239,119.998,2023-07-24 02:20:11,True
MSC GRETA III,D5PT8   ,9415296,LR,,CS,32269,636021356,1.27379335905,103.761105563,0.0,0.0,5.42448,0.0,2.09439510239,119.998,2023-07-24 02:20:21,True
MSC GRETA III,D5PT8   ,9415296,LR,,CS,32269,636021356,1.27379335905,103.761105563,0.0,0.0,5.42448,0.0,2.09439510239,119.998,2023-07-24 02:20:31,True
MSC GRETA III,D5PT8   ,9415296,LR,,CS,32269,636021356,1.27379335905,103.761105563,0.0,0.0,5.42448,0.0,2.09439510239,119.998,2023-07-24 02:20:41,True
MSC GRETA III,D5PT8   ,9415296,LR,,CS,32269,636021356,1.27379335905,103.761105563,0.0,0.0,5.42448,0.0,2.09439510239,119.998,2023-07-24 02:20:51,True
MSC GRETA III,D5PT8   ,9415296,LR,,CS,32269,636021356,1.27379335905,103.761105563,0.0,0.0,5.42448,0.0,2.09439510239,119.998,2023-07-24 02:21:01,True
MSC GRETA III,D5PT8   ,9415296,LR,,CS,32269,636021356,1.27379335905,103.761105563,0.0,0.0,5.42448,0.0,2.09439510239,119.998,2023-07-24 02:21:11,True
MSC GRETA III,D5PT8   ,9415296,LR,,CS,32269,636021356,1.27379335905,103.761105563,0.0,0.0,5.42448,0.0,2.09439510239,119.998,2023-07-24 02:21:21,True
MSC GRETA III,D5PT8   ,9415296,LR,,CS,32269,636021356,1.27379335905,103.761105563,0.0,0.0,5.42448,0.0,2.09439510239,119.998,2023-07-24 02:21:31,True
MSC GRETA III,D5PT8   ,9415296,LR,,CS,32269,636021356,1.27379335905,103.761105563,0.0,0.0,5.42448,0.0,2.09439510239,119.998,2023-07-24 02:21:41,True
MSC GRETA III,D5PT8   ,9415296,LR,,CS,32269,636021356,1.27379335905,103.761105563,0.0,0.0,5.42448,0.0,2.09439510239,119.998,2023-07-24 02:21:51,True
MSC GRETA III,D5PT8   ,9415296,LR,,CS,32269,636021356,1.27379669251,103.76110723,0.0,0.0,5.42448,0.0,2.09439510239,119.998,2023-07-24 02:22:01,True
MSC GRETA III,D5PT8   ,9415296,LR,,CS,32269,636021356,1.27379669251,103.76110723,0.0,0.0,6.1296,0.0,2.09439510239,119.998,2023-07-24 02:22:11,True
MSC GRETA III,D5PT8   ,9415296,LR,,CS,32269,636021356,1.27379669251,103.76110723,0.0,0.0,6.1296,0.0,2.09439510239,119.998,2023-07-24 02:22:21,True
MSC GRETA III,D5PT8   ,9415296,LR,,CS,32269,636021356,1.27379669251,103.76110723,0.0,0.0,6.1296,0.0,2.09439510239,119.998,2023-07-24 02:22:31,True
MSC GRETA III,D5PT8   ,9415296,LR,,CS,32269,636021356,1.27379669251,103.76110723,0.0,0.0,6.1296,0.0,2.09439510239,119.998,2023-07-24 02:22:41,True
MSC GRETA III,D5PT8   ,9415296,LR,,CS,32269,636021356,1.27379669251,103.76110723,0.0,0.0,6.1296,0.0,2.09439510239,119.998,2023-07-24 02:22:51,True
MSC GRETA III,D5PT8   ,9415296,LR,,CS,32269,636021356,1.27379669251,103.76110723,0.0,0.0,6.1296,0.0,2.09439510239,119.998,2023-07-24 02:23:01,True
MSC GRETA III,D5PT8   ,9415296,LR,,CS,32269,636021356,1.27379669251,103.76110723,0.0,0.0,6.1296,0.0,2.09439510239,119.998,2023-07-24 02:23:11,True
MSC GRETA III,D5PT8   ,9415296,LR,,CS,32269,636021356,1.27379669251,103.76110723,0.0,0.0,6.1296,0.0,2.09439510239,119.998,2023-07-24 02:23:21,True
MSC GRETA III,D5PT8   ,9415296,LR,,CS,32269,636021356,1.27379669251,103.76110723,0.0,0.0,6.1296,0.0,2.09439510239,119.998,2023-07-24 02:23:31,True
MSC GRETA III,D5PT8   ,9415296,LR,,CS,32269,636021356,1.27379669251,103.76110723,0.0,0.0,6.1296,0.0,2.09439510239,119.998,2023-07-24 02:23:41,True
MSC GRETA III,D5PT8   ,9415296,LR,,CS,32269,636021356,1.27379669251,103.76110723,0.0,0.0,6.1296,0.0,2.09439510239,119.998,2023-07-24 02:23:51,True
MSC GRETA III,D5PT8   ,9415296,LR,,CS,32269,636021356,1.27379669251,103.76110723,0.0,0.0,6.1296,0.0,2.09439510239,119.998,2023-07-24 02:24:01,True
MSC GRETA III,D5PT8   ,9415296,LR,,CS,32269,636021356,1.27379669251,103.76110723,0.0,0.0,6.1296,0.0,2.09439510239,119.998,2023-07-24 02:24:11,True
MSC GRETA III,D5PT8   ,9415296,LR,,CS,32269,636021356,1.27379669251,103.76110723,0.0,0.0,6.1296,0.0,2.09439510239,119.998,2023-07-24 02:24:21,True
MSC GRETA III,D5PT8   ,9415296,LR,,CS,32269,636021356,1.27379669251,103.76110723,0.0,0.0,6.1296,0.0,2.09439510239,119.998,2023-07-24 02:24:31,True
MSC GRETA III,D5PT8   ,9415296,LR,,CS,32269,636021356,1.27379669251,103.76110723,0.0,0.0,6.1296,0.0,2.09439510239,119.998,2023-07-24 02:24:41,True
MSC GRETA III,D5PT8   ,9415296,LR,,CS,32269,636021356,1.27379669251,103.76110723,0.0,0.0,6.1296,0.0,2.09439510239,119.998,2023-07-24 02:24:51,True
MSC GRETA III,D5PT8   ,9415296,LR,,CS,32269,636021356,1.27379669251,103.76110723,0.0,0.0,6.1296,0.0,2.09439510239,119.998,2023-07-24 02:25:01,True
MSC GRETA III,D5PT8   ,9415296,LR,,CS,32269,636021356,1.27379669251,103.76110723,0.0,0.0,6.1296,0.0,2.09439510239,119.998,2023-07-24 02:25:11,True
MSC GRETA III,D5PT8   ,9415296,LR,,CS,32269,636021356,1.27379669251,103.76110723,0.0,0.0,6.1296,0.0,2.09439510239,119.998,2023-07-24 02:25:21,True
MSC GRETA III,D5PT8   ,9415296,LR,,CS,32269,636021356,1.27379669251,103.76110723,0.0,0.0,6.1296,0.0,2.09439510239,119.998,2023-07-24 02:25:31,True
MSC GRETA III,D5PT8   ,9415296,LR,,CS,32269,636021356,1.27379669251,103.76110723,0.0,0.0,6.1296,0.0,2.09439510239,119.998,2023-07-24 02:25:41,True
MSC GRETA III,D5PT8   ,9415296,LR,,CS,32269,636021356,1.27379669251,103.76110723,0.0,0.0,6.1296,0.0,2.09439510239,119.998,2023-07-24 02:25:51,True
MSC GRETA III,D5PT8   ,9415296,LR,,CS,32269,636021356,1.27379669251,103.76110723,0.0,0.0,6.1296,0.0,2.09439510239,119.998,2023-07-24 02:26:01,True
MSC GRETA III,D5PT8   ,9415296,LR,,CS,32269,636021356,1.27379669251,103.76110723,0.0,0.0,6.1296,0.0,2.09439510239,119.998,2023-07-24 02:26:11,True
MSC GRETA III,D5PT8   ,9415296,LR,,CS,32269,636021356,1.27379669251,103.76110723,0.0,0.0,6.1296,0.0,2.09439510239,119.998,2023-07-24 02:26:21,True
MSC GRETA III,D5PT8   ,9415296,LR,,CS,32269,636021356,1.27379669251,103.76110723,0.0,0.0,6.1296,0.0,2.09439510239,119.998,2023-07-24 02:26:31,True
MSC GRETA III,D5PT8   ,9415296,LR,,CS,32269,636021356,1.27379669251,103.76110723,0.0,0.0,6.1296,0.0,2.09439510239,119.998,2023-07-24 02:26:41,True
MSC GRETA III,D5PT8   ,9415296,LR,,CS,32269,636021356,1.27379669251,103.76110723,0.0,0.0,6.1296,0.0,2.09439510239,119.998,2023-07-24 02:26:51,True
MSC GRETA III,D5PT8   ,9415296,LR,,CS,32269,636021356,1.27379669251,103.76110723,0.0,0.0,6.1296,0.0,2.09439510239,119.998,2023-07-24 02:27:01,True
MSC GRETA III,D5PT8   ,9415296,LR,,CS,32269,636021356,1.27379669251,103.76110723,0.0,0.0,6.1296,0.0,2.09439510239,119.998,2023-07-24 02:27:11,True
MSC GRETA III,D5PT8   ,9415296,LR,,CS,32269,636021356,1.27379669251,103.76110723,0.0,0.0,6.1296,0.0,2.09439510239,119.998,2023-07-24 02:27:21,True
MSC GRETA III,D5PT8   ,9415296,LR,,CS,32269,636021356,1.27379669251,103.76110723,0.0,0.0,6.1296,0.0,2.09439510239,119.998,2023-07-24 02:27:31,True
MSC GRETA III,D5PT8   ,9415296,LR,,CS,32269,636021356,1.27379669251,103.76110723,0.0,0.0,6.1296,0.0,2.09439510239,119.998,2023-07-24 02:27:41,True
MSC GRETA III,D5PT8   ,9415296,LR,,CS,32269,636021356,1.27379669251,103.76110723,0.0,0.0,6.1296,0.0,2.09439510239,119.998,2023-07-24 02:27:51,True
MSC GRETA III,D5PT8   ,9415296,LR,,CS,32269,636021356,1.27380169258,103.76111389,0.0,0.0,0.963422,0.0,2.09439510239,119.998,2023-07-24 02:28:01,True
MSC GRETA III,D5PT8   ,9415296,LR,,CS,32269,636021356,1.27380169258,103.76111389,0.0,0.0,0.963422,0.0,2.09439510239,119.998,2023-07-24 02:28:11,True
MSC GRETA III,D5PT8   ,9415296,LR,,CS,32269,636021356,1.27380169258,103.76111389,0.0,0.0,0.963422,0.0,2.09439510239,119.998,2023-07-24 02:28:21,True
MSC GRETA III,D5PT8   ,9415296,LR,,CS,32269,636021356,1.27380169258,103.76111389,0.0,0.0,0.963422,0.0,2.09439510239,119.998,2023-07-24 02:28:31,True
MSC GRETA III,D5PT8   ,9415296,LR,,CS,32269,636021356,1.27380169258,103.76111389,0.0,0.0,0.963422,0.0,2.09439510239,119.998,2023-07-24 02:28:41,True
MSC GRETA III,D5PT8   ,9415296,LR,,CS,32269,636021356,1.27380169258,103.76111389,0.0,0.0,0.963422,0.0,2.09439510239,119.998,2023-07-24 02:28:51,True
MSC GRETA III,D5PT8   ,9415296,LR,,CS,32269,636021356,1.27380169258,103.76111389,0.0,0.0,0.963422,0.0,2.09439510239,119.998,2023-07-24 02:29:01,True
MSC GRETA III,D5PT8   ,9415296,LR,,CS,32269,636021356,1.27380169258,103.76111389,0.0,0.0,0.963422,0.0,2.09439510239,119.998,2023-07-24 02:29:11,True
MSC GRETA III,D5PT8   ,9415296,LR,,CS,32269,636021356,1.27380169258,103.76111389,0.0,0.0,0.963422,0.0,2.09439510239,119.998,2023-07-24 02:29:21,True
MSC GRETA III,D5PT8   ,9415296,LR,,CS,32269,636021356,1.27380169258,103.76111389,0.0,0.0,0.963422,0.0,2.09439510239,119.998,2023-07-24 02:29:31,True
MSC GRETA III,D5PT8   ,9415296,LR,,CS,32269,636021356,1.27380169258,103.76111389,0.0,0.0,0.963422,0.0,2.09439510239,119.998,2023-07-24 02:29:41,True
MSC GRETA III,D5PT8   ,9415296,LR,,CS,32269,636021356,1.27380169258,103.76111389,0.0,0.0,0.963422,0.0,2.09439510239,119.998,2023-07-24 02:29:51,True
MSC GRETA III,D5PT8   ,9415296,LR,,CS,32269,636021356,1.27380169258,103.76111389,0.0,0.0,0.963422,0.0,2.09439510239,119.998,2023-07-24 02:30:01,True
MSC GRETA III,D5PT8   ,9415296,LR,,CS,32269,636021356,1.27380169258,103.76111389,0.0,0.0,0.963422,0.0,2.09439510239,119.998,2023-07-24 02:30:11,True
MSC GRETA III,D5PT8   ,9415296,LR,,CS,32269,636021356,1.27380169258,103.76111389,0.0,0.0,0.963422,0.0,2.09439510239,119.998,2023-07-24 02:30:21,True
MSC GRETA III,D5PT8   ,9415296,LR,,CS,32269,636021356,1.27380169258,103.76111389,0.0,0.0,0.963422,0.0,2.09439510239,119.998,2023-07-24 02:30:31,True
MSC GRETA III,D5PT8   ,9415296,LR,,CS,32269,636021356,1.27380169258,103.76111389,0.0,0.0,0.963422,0.0,2.09439510239,119.998,2023-07-24 02:30:41,True
MSC GRETA III,D5PT8   ,9415296,LR,,CS,32269,636021356,1.27380169258,103.76111389,0.0,0.0,0.963422,0.0,2.09439510239,119.998,2023-07-24 02:30:51,True
MSC GRETA III,D5PT8   ,9415296,LR,,CS,32269,636021356,1.27380502576,103.76110723,0.0,0.0,0.68766,0.0,2.09439510239,119.998,2023-07-24 02:31:01,True
MSC GRETA III,D5PT8   ,9415296,LR,,CS,32269,636021356,1.27380502576,103.76110723,0.0,0.0,0.68766,0.0,2.09439510239,119.998,2023-07-24 02:31:11,True
MSC GRETA III,D5PT8   ,9415296,LR,,CS,32269,636021356,1.27380502576,103.76110723,0.0,0.0,0.68766,0.0,2.09439510239,119.998,2023-07-24 02:31:21,True
MSC GRETA III,D5PT8   ,9415296,LR,,CS,32269,636021356,1.27380502576,103.76110723,0.0,0.0,0.68766,0.0,2.09439510239,119.998,2023-07-24 02:31:31,True
MSC GRETA III,D5PT8   ,9415296,LR,,CS,32269,636021356,1.27380502576,103.76110723,0.0,0.0,0.68766,0.0,2.09439510239,119.998,2023-07-24 02:31:41,True
MSC GRETA III,D5PT8   ,9415296,LR,,CS,32269,636021356,1.27380502576,103.76110723,0.0,0.0,0.68766,0.0,2.09439510239,119.998,2023-07-24 02:31:51,True
MSC GRETA III,D5PT8   ,9415296,LR,,CS,32269,636021356,1.27380502576,103.76110723,0.0,0.0,0.68766,0.0,2.09439510239,119.998,2023-07-24 02:32:01,True
MSC GRETA III,D5PT8   ,9415296,LR,,CS,32269,636021356,1.27380502576,103.76110723,0.0,0.0,0.68766,0.0,2.09439510239,119.998,2023-07-24 02:32:11,True
MSC GRETA III,D5PT8   ,9415296,LR,,CS,32269,636021356,1.27380502576,103.76110723,0.0,0.0,0.68766,0.0,2.09439510239,119.998,2023-07-24 02:32:21,True
MSC GRETA III,D5PT8   ,9415296,LR,,CS,32269,636021356,1.27380502576,103.76110723,0.0,0.0,0.68766,0.0,2.09439510239,119.998,2023-07-24 02:32:31,True
MSC GRETA III,D5PT8   ,9415296,LR,,CS,32269,636021356,1.27380502576,103.76110723,0.0,0.0,0.68766,0.0,2.09439510239,119.998,2023-07-24 02:32:41,True
MSC GRETA III,D5PT8   ,9415296,LR,,CS,32269,636021356,1.27380502576,103.76110723,0.0,0.0,0.68766,0.0,2.09439510239,119.998,2023-07-24 02:32:51,True
MSC GRETA III,D5PT8   ,9415296,LR,,CS,32269,636021356,1.27380502576,103.76110723,0.0,0.0,0.68766,0.0,2.09439510239,119.998,2023-07-24 02:33:01,True
MSC GRETA III,D5PT8   ,9415296,LR,,CS,32269,636021356,1.27380502576,103.76110723,0.0,0.0,0.68766,0.0,2.09439510239,119.998,2023-07-24 02:33:11,True
MSC GRETA III,D5PT8   ,9415296,LR,,CS,32269,636021356,1.27380502576,103.76110723,0.0,0.0,0.68766,0.0,2.09439510239,119.998,2023-07-24 02:33:21,True
MSC GRETA III,D5PT8   ,9415296,LR,,CS,32269,636021356,1.27380502576,103.76110723,0.0,0.0,0.68766,0.0,2.09439510239,119.998,2023-07-24 02:33:31,True
MSC GRETA III,D5PT8   ,9415296,LR,,CS,32269,636021356,1.27380502576,103.76110723,0.0,0.0,0.68766,0.0,2.09439510239,119.998,2023-07-24 02:33:41,True
MSC GRETA III,D5PT8   ,9415296,LR,,CS,32269,636021356,1.27380502576,103.76110723,0.0,0.0,0.68766,0.0,2.09439510239,119.998,2023-07-24 02:33:51,True
MSC GRETA III,D5PT8   ,9415296,LR,,CS,32269,636021356,1.27380502576,103.76110723,0.0,0.0,0.68766,0.0,2.09439510239,119.998,2023-07-24 02:34:01,True
MSC GRETA III,D5PT8   ,9415296,LR,,CS,32269,636021356,1.27380835916,103.76110723,0.0,0.0,0.537561,0.0,2.09439510239,119.998,2023-07-24 02:34:11,True
MSC GRETA III,D5PT8   ,9415296,LR,,CS,32269,636021356,1.27380835916,103.76110723,0.0,0.0,0.537561,0.0,2.09439510239,119.998,2023-07-24 02:34:21,True
MSC GRETA III,D5PT8   ,9415296,LR,,CS,32269,636021356,1.27380835916,103.76110723,0.0,0.0,0.537561,0.0,2.09439510239,119.998,2023-07-24 02:34:31,True
MSC GRETA III,D5PT8   ,9415296,LR,,CS,32269,636021356,1.27380835916,103.76110723,0.0,0.0,0.537561,0.0,2.09439510239,119.998,2023-07-24 02:34:41,True
MSC GRETA III,D5PT8   ,9415296,LR,,CS,32269,636021356,1.27380835916,103.76110723,0.0,0.0,0.537561,0.0,2.09439510239,119.998,2023-07-24 02:34:51,True
MSC GRETA III,D5PT8   ,9415296,LR,,CS,32269,636021356,1.27380835916,103.76110723,0.0,0.0,0.537561,0.0,2.09439510239,119.998,2023-07-24 02:35:01,True
MSC GRETA III,D5PT8   ,9415296,LR,,CS,32269,636021356,1.27380835916,103.76110723,0.0,0.0,0.537561,0.0,2.09439510239,119.998,2023-07-24 02:35:11,True
MSC GRETA III,D5PT8   ,9415296,LR,,CS,32269,636021356,1.27380835916,103.76110723,0.0,0.0,0.537561,0.0,2.09439510239,119.998,2023-07-24 02:35:21,True
MSC GRETA III,D5PT8   ,9415296,LR,,CS,32269,636021356,1.27380835916,103.76110723,0.0,0.0,0.537561,0.0,2.09439510239,119.998,2023-07-24 02:35:31,True
MSC GRETA III,D5PT8   ,9415296,LR,,CS,32269,636021356,1.27380835916,103.76110723,0.0,0.0,0.537561,0.0,2.09439510239,119.998,2023-07-24 02:35:41,True
MSC GRETA III,D5PT8   ,9415296,LR,,CS,32269,636021356,1.27380835916,103.76110723,0.0,0.0,0.537561,0.0,2.09439510239,119.998,2023-07-24 02:35:51,True
MSC GRETA III,D5PT8   ,9415296,LR,,CS,32269,636021356,1.27380835916,103.76110723,0.0,0.0,0.537561,0.0,2.09439510239,119.998,2023-07-24 02:36:01,True
MSC GRETA III,D5PT8   ,9415296,LR,,CS,32269,636021356,1.27380835916,103.76110723,0.0,0.0,0.537561,0.0,2.09439510239,119.998,2023-07-24 02:36:11,True
MSC GRETA III,D5PT8   ,9415296,LR,,CS,32269,636021356,1.27380835916,103.76110723,0.0,0.0,0.537561,0.0,2.09439510239,119.998,2023-07-24 02:36:21,True
MSC GRETA III,D5PT8   ,9415296,LR,,CS,32269,636021356,1.27380835916,103.76110723,0.0,0.0,0.537561,0.0,2.09439510239,119.998,2023-07-24 02:36:31,True
MSC GRETA III,D5PT8   ,9415296,LR,,CS,32269,636021356,1.27380835916,103.76110723,0.0,0.0,0.537561,0.0,2.09439510239,119.998,2023-07-24 02:36:41,True
MSC GRETA III,D5PT8   ,9415296,LR,,CS,32269,636021356,1.27380835916,103.76110723,0.0,0.0,0.537561,0.0,2.09439510239,119.998,2023-07-24 02:36:51,True
MSC GRETA III,D5PT8   ,9415296,LR,,CS,32269,636021356,1.27379669231,103.761117225,0.0,0.0,0.513127,0.0,2.09439510239,119.998,2023-07-24 02:37:01,True
MSC GRETA III,D5PT8   ,9415296,LR,,CS,32269,636021356,1.27379669231,103.761117225,0.0,0.0,0.513127,0.0,2.09439510239,119.998,2023-07-24 02:37:11,True
MSC GRETA III,D5PT8   ,9415296,LR,,CS,32269,636021356,1.27379669231,103.761117225,0.0,0.0,0.513127,0.0,2.09439510239,119.998,2023-07-24 02:37:21,True
MSC GRETA III,D5PT8   ,9415296,LR,,CS,32269,636021356,1.27379669231,103.761117225,0.0,0.0,0.513127,0.0,2.09439510239,119.998,2023-07-24 02:37:31,True
MSC GRETA III,D5PT8   ,9415296,LR,,CS,32269,636021356,1.27379669231,103.761117225,0.0,0.0,0.513127,0.0,2.09439510239,119.998,2023-07-24 02:37:41,True
MSC GRETA III,D5PT8   ,9415296,LR,,CS,32269,636021356,1.27379669231,103.761117225,0.0,0.0,0.513127,0.0,2.09439510239,119.998,2023-07-24 02:37:51,True
MSC GRETA III,D5PT8   ,9415296,LR,,CS,32269,636021356,1.27379669231,103.761117225,0.0,0.0,0.513127,0.0,2.09439510239,119.998,2023-07-24 02:38:01,True
MSC GRETA III,D5PT8   ,9415296,LR,,CS,32269,636021356,1.27379669231,103.761117225,0.0,0.0,0.513127,0.0,2.09439510239,119.998,2023-07-24 02:38:11,True
MSC GRETA III,D5PT8   ,9415296,LR,,CS,32269,636021356,1.27379669231,103.761117225,0.0,0.0,0.513127,0.0,2.09439510239,119.998,2023-07-24 02:38:21,True
MSC GRETA III,D5PT8   ,9415296,LR,,CS,32269,636021356,1.27379669231,103.761117225,0.0,0.0,0.513127,0.0,2.09439510239,119.998,2023-07-24 02:38:31,True
MSC GRETA III,D5PT8   ,9415296,LR,,CS,32269,636021356,1.27379669231,103.761117225,0.0,0.0,0.513127,0.0,2.09439510239,119.998,2023-07-24 02:38:41,True
MSC GRETA III,D5PT8   ,9415296,LR,,CS,32269,636021356,1.27379669231,103.761117225,0.0,0.0,0.513127,0.0,2.09439510239,119.998,2023-07-24 02:38:51,True
MSC GRETA III,D5PT8   ,9415296,LR,,CS,32269,636021356,1.27379669231,103.761117225,0.0,0.0,0.513127,0.0,2.09439510239,119.998,2023-07-24 02:39:01,True
MSC GRETA III,D5PT8   ,9415296,LR,,CS,32269,636021356,1.27379669231,103.761117225,0.0,0.0,0.513127,0.0,2.09439510239,119.998,2023-07-24 02:39:11,True
MSC GRETA III,D5PT8   ,9415296,LR,,CS,32269,636021356,1.27379669231,103.761117225,0.0,0.0,0.513127,0.0,2.09439510239,119.998,2023-07-24 02:39:21,True
MSC GRETA III,D5PT8   ,9415296,LR,,CS,32269,636021356,1.27379669231,103.761117225,0.0,0.0,0.513127,0.0,2.09439510239,119.998,2023-07-24 02:39:31,True
MSC GRETA III,D5PT8   ,9415296,LR,,CS,32269,636021356,1.27379669231,103.761117225,0.0,0.0,0.513127,0.0,2.09439510239,119.998,2023-07-24 02:39:41,True
MSC GRETA III,D5PT8   ,9415296,LR,,CS,32269,636021356,1.27379669231,103.761117225,0.0,0.0,0.513127,0.0,2.09439510239,119.998,2023-07-24 02:39:51,True
MSC GRETA III,D5PT8   ,9415296,LR,,CS,32269,636021356,1.27381169266,103.761093892,0.0,0.0,1.11352,0.0,2.07694180987,118.998,2023-07-24 02:40:01,True
MSC GRETA III,D5PT8   ,9415296,LR,,CS,32269,636021356,1.27381169266,103.761093892,0.0,0.0,1.11352,0.0,2.07694180987,118.998,2023-07-24 02:40:11,True
MSC GRETA III,D5PT8   ,9415296,LR,,CS,32269,636021356,1.27381169266,103.761093892,0.0,0.0,1.11352,0.0,2.07694180987,118.998,2023-07-24 02:40:21,True
MSC GRETA III,D5PT8   ,9415296,LR,,CS,32269,636021356,1.27381169266,103.761093892,0.0,0.0,1.11352,0.0,2.07694180987,118.998,2023-07-24 02:40:31,True
MSC GRETA III,D5PT8   ,9415296,LR,,CS,32269,636021356,1.27381169266,103.761093892,0.0,0.0,1.11352,0.0,2.07694180987,118.998,2023-07-24 02:40:41,True
MSC GRETA III,D5PT8   ,9415296,LR,,CS,32269,636021356,1.27381169266,103.761093892,0.0,0.0,1.11352,0.0,2.07694180987,118.998,2023-07-24 02:40:51,True
MSC GRETA III,D5PT8   ,9415296,LR,,CS,32269,636021356,1.27381169266,103.761093892,0.0,0.0,1.11352,0.0,2.07694180987,118.998,2023-07-24 02:41:01,True
MSC GRETA III,D5PT8   ,9415296,LR,,CS,32269,636021356,1.27381169266,103.761093892,0.0,0.0,1.11352,0.0,2.07694180987,118.998,2023-07-24 02:41:11,True
MSC GRETA III,D5PT8   ,9415296,LR,,CS,32269,636021356,1.27381169266,103.761093892,0.0,0.0,1.11352,0.0,2.07694180987,118.998,2023-07-24 02:41:21,True
MSC GRETA III,D5PT8   ,9415296,LR,,CS,32269,636021356,1.27381169266,103.761093892,0.0,0.0,1.11352,0.0,2.07694180987,118.998,2023-07-24 02:41:31,True
MSC GRETA III,D5PT8   ,9415296,LR,,CS,32269,636021356,1.27381169266,103.761093892,0.0,0.0,1.11352,0.0,2.07694180987,118.998,2023-07-24 02:41:41,True
MSC GRETA III,D5PT8   ,9415296,LR,,CS,32269,636021356,1.27381169266,103.761093892,0.0,0.0,1.11352,0.0,2.07694180987,118.998,2023-07-24 02:41:51,True
MSC GRETA III,D5PT8   ,9415296,LR,,CS,32269,636021356,1.27381169266,103.761093892,0.0,0.0,1.11352,0.0,2.07694180987,118.998,2023-07-24 02:42:01,True
MSC GRETA III,D5PT8   ,9415296,LR,,CS,32269,636021356,1.27381169266,103.761093892,0.0,0.0,1.11352,0.0,2.07694180987,118.998,2023-07-24 02:42:11,True
MSC GRETA III,D5PT8   ,9415296,LR,,CS,32269,636021356,1.27381169266,103.761093892,0.0,0.0,1.11352,0.0,2.07694180987,118.998,2023-07-24 02:42:21,True
MSC GRETA III,D5PT8   ,9415296,LR,,CS,32269,636021356,1.27381169266,103.761093892,0.0,0.0,1.11352,0.0,2.07694180987,118.998,2023-07-24 02:42:31,True
MSC GRETA III,D5PT8   ,9415296,LR,,CS,32269,636021356,1.27381169266,103.761093892,0.0,0.0,1.11352,0.0,2.07694180987,118.998,2023-07-24 02:42:41,True
MSC GRETA III,D5PT8   ,9415296,LR,,CS,32269,636021356,1.27381169266,103.761093892,0.0,0.0,1.11352,0.0,2.07694180987,118.998,2023-07-24 02:42:51,True
MSC GRETA III,D5PT8   ,9415296,LR,,CS,32269,636021356,1.27381169266,103.761093892,0.0,0.0,1.11352,0.0,2.07694180987,118.998,2023-07-24 02:43:01,True
MSC GRETA III,D5PT8   ,9415296,LR,,CS,32269,636021356,1.27381002553,103.761105562,0.0,0.0,5.57982,0.0,2.07694180987,118.998,2023-07-24 02:43:11,True
MSC GRETA III,D5PT8   ,9415296,LR,,CS,32269,636021356,1.27381002553,103.761105562,0.0,0.0,5.57982,0.0,2.07694180987,118.998,2023-07-24 02:43:21,True
MSC GRETA III,D5PT8   ,9415296,LR,,CS,32269,636021356,1.27381002553,103.761105562,0.0,0.0,5.57982,0.0,2.07694180987,118.998,2023-07-24 02:43:31,True
MSC GRETA III,D5PT8   ,9415296,LR,,CS,32269,636021356,1.27381002553,103.761105562,0.0,0.0,5.57982,0.0,2.07694180987,118.998,2023-07-24 02:43:41,True
MSC GRETA III,D5PT8   ,9415296,LR,,CS,32269,636021356,1.27381002553,103.761105562,0.0,0.0,5.57982,0.0,2.07694180987,118.998,2023-07-24 02:43:51,True
MSC GRETA III,D5PT8   ,9415296,LR,,CS,32269,636021356,1.27381002553,103.761105562,0.0,0.0,5.57982,0.0,2.07694180987,118.998,2023-07-24 02:44:01,True
MSC GRETA III,D5PT8   ,9415296,LR,,CS,32269,636021356,1.27381002553,103.761105562,0.0,0.0,5.57982,0.0,2.07694180987,118.998,2023-07-24 02:44:11,True
MSC GRETA III,D5PT8   ,9415296,LR,,CS,32269,636021356,1.27381002553,103.761105562,0.0,0.0,5.57982,0.0,2.07694180987,118.998,2023-07-24 02:44:21,True
MSC GRETA III,D5PT8   ,9415296,LR,,CS,32269,636021356,1.27381002553,103.761105562,0.0,0.0,5.57982,0.0,2.07694180987,118.998,2023-07-24 02:44:31,True
MSC GRETA III,D5PT8   ,9415296,LR,,CS,32269,636021356,1.27381002553,103.761105562,0.0,0.0,5.57982,0.0,2.07694180987,118.998,2023-07-24 02:44:41,True
MSC GRETA III,D5PT8   ,9415296,LR,,CS,32269,636021356,1.27381002553,103.761105562,0.0,0.0,5.57982,0.0,2.07694180987,118.998,2023-07-24 02:44:51,True
MSC GRETA III,D5PT8   ,9415296,LR,,CS,32269,636021356,1.27381002553,103.761105562,0.0,0.0,5.57982,0.0,2.07694180987,118.998,2023-07-24 02:45:01,True
MSC GRETA III,D5PT8   ,9415296,LR,,CS,32269,636021356,1.27381002553,103.761105562,0.0,0.0,5.57982,0.0,2.07694180987,118.998,2023-07-24 02:45:11,True
MSC GRETA III,D5PT8   ,9415296,LR,,CS,32269,636021356,1.27381002553,103.761105562,0.0,0.0,5.57982,0.0,2.07694180987,118.998,2023-07-24 02:45:21,True
MSC GRETA III,D5PT8   ,9415296,LR,,CS,32269,636021356,1.27381002553,103.761105562,0.0,0.0,5.57982,0.0,2.07694180987,118.998,2023-07-24 02:45:31,True
MSC GRETA III,D5PT8   ,9415296,LR,,CS,32269,636021356,1.27381002553,103.761105562,0.0,0.0,5.57982,0.0,2.07694180987,118.998,2023-07-24 02:45:41,True
MSC GRETA III,D5PT8   ,9415296,LR,,CS,32269,636021356,1.27381002553,103.761105562,0.0,0.0,5.57982,0.0,2.07694180987,118.998,2023-07-24 02:45:51,True
MSC GRETA III,D5PT8   ,9415296,LR,,CS,32269,636021356,1.27381669238,103.761090557,0.0,0.0,5.76657,0.0,2.07694180987,118.998,2023-07-24 02:46:01,True
MSC GRETA III,D5PT8   ,9415296,LR,,CS,32269,636021356,1.27381669238,103.761090557,0.0,0.0,5.76657,0.0,2.07694180987,118.998,2023-07-24 02:46:11,True
MSC GRETA III,D5PT8   ,9415296,LR,,CS,32269,636021356,1.27381669238,103.761090557,0.0,0.0,5.76657,0.0,2.07694180987,118.998,2023-07-24 02:46:21,True
MSC GRETA III,D5PT8   ,9415296,LR,,CS,32269,636021356,1.27381669238,103.761090557,0.0,0.0,5.76657,0.0,2.07694180987,118.998,2023-07-24 02:46:31,True
MSC GRETA III,D5PT8   ,9415296,LR,,CS,32269,636021356,1.27381669238,103.761090557,0.0,0.0,5.76657,0.0,2.07694180987,118.998,2023-07-24 02:46:41,True
MSC GRETA III,D5PT8   ,9415296,LR,,CS,32269,636021356,1.27381669238,103.761090557,0.0,0.0,5.76657,0.0,2.07694180987,118.998,2023-07-24 02:46:51,True
MSC GRETA III,D5PT8   ,9415296,LR,,CS,32269,636021356,1.27381669238,103.761090557,0.0,0.0,5.76657,0.0,2.07694180987,118.998,2023-07-24 02:47:01,True
MSC GRETA III,D5PT8   ,9415296,LR,,CS,32269,636021356,1.27381669238,103.761090557,0.0,0.0,5.76657,0.0,2.07694180987,118.998,2023-07-24 02:47:11,True
MSC GRETA III,D5PT8   ,9415296,LR,,CS,32269,636021356,1.27381669238,103.761090557,0.0,0.0,5.76657,0.0,2.07694180987,118.998,2023-07-24 02:47:21,True
MSC GRETA III,D5PT8   ,9415296,LR,,CS,32269,636021356,1.27381669238,103.761090557,0.0,0.0,5.76657,0.0,2.07694180987,118.998,2023-07-24 02:47:31,True
MSC GRETA III,D5PT8   ,9415296,LR,,CS,32269,636021356,1.27381669238,103.761090557,0.0,0.0,5.76657,0.0,2.07694180987,118.998,2023-07-24 02:47:41,True
MSC GRETA III,D5PT8   ,9415296,LR,,CS,32269,636021356,1.27381669238,103.761090557,0.0,0.0,5.76657,0.0,2.07694180987,118.998,2023-07-24 02:47:51,True
MSC GRETA III,D5PT8   ,9415296,LR,,CS,32269,636021356,1.27381669238,103.761090557,0.0,0.0,5.76657,0.0,2.07694180987,118.998,2023-07-24 02:48:01,True
MSC GRETA III,D5PT8   ,9415296,LR,,CS,32269,636021356,1.27381669238,103.761090557,0.0,0.0,5.76657,0.0,2.07694180987,118.998,2023-07-24 02:48:11,True
MSC GRETA III,D5PT8   ,9415296,LR,,CS,32269,636021356,1.27381669238,103.761090557,0.0,0.0,5.76657,0.0,2.07694180987,118.998,2023-07-24 02:48:21,True
MSC GRETA III,D5PT8   ,9415296,LR,,CS,32269,636021356,1.27381669238,103.761090557,0.0,0.0,5.76657,0.0,2.07694180987,118.998,2023-07-24 02:48:31,True
MSC GRETA III,D5PT8   ,9415296,LR,,CS,32269,636021356,1.27381669238,103.761090557,0.0,0.0,5.76657,0.0,2.07694180987,118.998,2023-07-24 02:48:41,True
MSC GRETA III,D5PT8   ,9415296,LR,,CS,32269,636021356,1.27381669238,103.761090557,0.0,0.0,5.76657,0.0,2.07694180987,118.998,2023-07-24 02:48:51,True
MSC GRETA III,D5PT8   ,9415296,LR,,CS,32269,636021356,1.27381169266,103.761093892,0.0,0.0,5.76657,0.0,2.07694180987,118.998,2023-07-24 02:49:01,True
MSC GRETA III,D5PT8   ,9415296,LR,,CS,32269,636021356,1.27381169266,103.761093892,0.0,0.0,5.76657,0.0,2.07694180987,118.998,2023-07-24 02:49:11,True
