name,callsign,imonumber,flag,length,type,grosstonnage,mmsinumber,latitudedegrees,longitudedegrees,speedoverground,speedoverwater,courseoverground,courseoverwater,headingoverground,headingoverwater,timestamp,is_stopped,lat_tug_9727340,lon_tug_9727340,sog_tug_9727340,heading_tug_9727340
HERTA,CQHO    ,9535151,PT,,CS,59307,255805590,1.28634778162,103.757053562,5.14444,9.99153,5.73166,328.444,2.07694180987,118.998,2023-07-07 06:27:55,False,1.28585669149,103.756683889,0.0,0.0
HERTA,CQHO    ,9535151,PT,,CS,59307,255805590,1.28530479249,103.757685665,1.08033,2.09042,3.55,202.989,2.07694180987,118.998,2023-07-07 06:28:05,False,1.28585669149,103.756683889,0.0,0.0
HERTA,CQHO    ,9535151,PT,,CS,59307,255805590,1.28530479249,103.757685665,1.08033,2.09042,3.55,202.989,2.07694180987,118.998,2023-07-07 06:28:15,False,1.28585669149,103.756683889,0.0,0.0
HERTA,CQHO    ,9535151,PT,,CS,59307,255805590,1.28521669249,103.757757227,0.0,0.0,2.93215,0.0,2.07694180987,118.998,2023-07-07 06:28:25,True,1.28585669149,103.756683889,0.0,0.0
HERTA,CQHO    ,9535151,PT,,CS,59307,255805590,1.28520835956,103.757750558,0.0,0.0,2.99498,0.0,2.07694180987,118.998,2023-07-07 06:28:35,True,1.28585669149,103.756683889,0.0,0.0
HERTA,CQHO    ,9535151,PT,,CS,59307,255805590,1.28520835956,103.757750558,0.0,0.0,2.99498,0.0,2.07694180987,118.998,2023-07-07 06:28:45,True,1.28585669149,103.756683889,0.0,0.0
HERTA,CQHO    ,9535151,PT,,CS,59307,255805590,1.28528002484,103.757707226,0.0,0.0,2.48535,0.0,2.07694180987,118.998,2023-07-07 06:28:55,True,1.28584502534,103.756697227,0.0,0.0
HERTA,CQHO    ,9535151,PT,,CS,59307,255805590,1.28528002484,103.757707226,0.0,0.0,0.755728,0.0,2.07694180987,118.998,2023-07-07 06:29:05,True,1.28584502534,103.756697227,0.0,0.0
HERTA,CQHO    ,9535151,PT,,CS,59307,255805590,1.28531835885,103.757710559,0.0,0.0,0.755728,0.0,2.07694180987,118.998,2023-07-07 06:29:15,True,1.28584502534,103.756697227,0.0,0.0
HERTA,CQHO    ,9535151,PT,,CS,59307,255805590,1.28531169345,103.757718895,0.0,0.0,1.08734,0.0,2.07694180987,118.998,2023-07-07 06:29:25,True,1.28584502534,103.756697227,0.0,0.0
HERTA,CQHO    ,9535151,PT,,CS,59307,255805590,1.28529502677,103.757743895,0.0,0.0,1.13795,0.0,2.07694180987,118.998,2023-07-07 06:29:35,True,1.28584502534,103.756697227,0.0,0.0
HERTA,CQHO    ,9535151,PT,,CS,59307,255805590,1.28529502677,103.757743895,0.0,0.0,1.13795,0.0,2.07694180987,118.998,2023-07-07 06:29:45,True,1.28584502534,103.756697227,0.0,0.0
HERTA,CQHO    ,9535151,PT,,CS,59307,255805590,1.28528002511,103.757775555,0.0,0.0,0.642281,0.0,2.07694180987,118.998,2023-07-07 06:29:55,True,1.28584502534,103.756697227,0.0,0.0
HERTA,CQHO    ,9535151,PT,,CS,59307,255805590,1.28528002511,103.757775555,0.0,0.0,0.642281,0.0,2.07694180987,118.998,2023-07-07 06:30:05,True,1.28584502534,103.756697227,0.0,0.0
HERTA,CQHO    ,9535151,PT,,CS,59307,255805590,1.28527502651,103.75777889,0.0,0.0,0.513127,0.0,2.07694180987,118.998,2023-07-07 06:30:15,True,1.28584502534,103.756697227,0.0,0.0
HERTA,CQHO    ,9535151,PT,,CS,59307,255805590,1.28533669172,103.757785556,0.0,0.0,0.233874,0.0,2.07694180987,118.998,2023-07-07 06:30:25,True,1.28584502534,103.756697227,0.0,0.0
HERTA,CQHO    ,9535151,PT,,CS,59307,255805590,1.28533669172,103.757785556,0.0,0.0,6.19941,0.0,2.07694180987,118.998,2023-07-07 06:30:35,True,1.28584502534,103.756697227,0.0,0.0
HERTA,CQHO    ,9535151,PT,,CS,59307,255805590,1.28531335998,103.757767227,0.0,0.0,6.19941,0.0,2.07694180987,118.998,2023-07-07 06:30:45,True,1.28584502534,103.756697227,0.0,0.0
HERTA,CQHO    ,9535151,PT,,CS,59307,255805590,1.28530669158,103.757753889,0.0,0.0,5.88001,0.0,2.07694180987,118.998,2023-07-07 06:30:55,True,1.28584502534,103.756697227,0.0,0.0
HERTA,CQHO    ,9535151,PT,,CS,59307,255805590,1.28530169137,103.757773896,0.0,0.0,5.80322,0.0,2.07694180987,118.998,2023-07-07 06:31:05,True,1.28584502534,103.756697227,0.0,0.0
HERTA,CQHO    ,9535151,PT,,CS,59307,255805590,1.28530169137,103.757773896,0.0,0.0,5.80322,0.0,2.07694180987,118.998,2023-07-07 06:31:15,True,1.28584502534,103.756697227,0.0,0.0
HERTA,CQHO    ,9535151,PT,,CS,59307,255805590,1.28533335985,103.757782222,0.0,0.0,5.80322,0.0,2.07694180987,118.998,2023-07-07 06:31:25,True,1.28584502534,103.756697227,0.0,0.0
HERTA,CQHO    ,9535151,PT,,CS,59307,255805590,1.28532835892,103.757782222,0.0,0.0,5.13999,0.0,2.07694180987,118.998,2023-07-07 06:31:35,True,1.28584502534,103.756697227,0.0,0.0
HERTA,CQHO    ,9535151,PT,,CS,59307,255805590,1.28532835892,103.757782222,0.0,0.0,4.84678,0.0,2.07694180987,118.998,2023-07-07 06:31:45,True,1.28584502534,103.756697227,0.0,0.0
HERTA,CQHO    ,9535151,PT,,CS,59307,255805590,1.28527335922,103.757770563,0.0,0.0,4.88343,0.0,2.07694180987,118.998,2023-07-07 06:31:55,True,1.28585835817,103.756675561,0.0,0.0
HERTA,CQHO    ,9535151,PT,,CS,59307,255805590,1.28527335922,103.757770563,0.0,0.0,4.88343,0.0,2.07694180987,118.998,2023-07-07 06:32:05,True,1.28585835817,103.756675561,0.0,0.0
HERTA,CQHO    ,9535151,PT,,CS,59307,255805590,1.28527335922,103.757770563,0.0,0.0,4.88343,0.0,2.07694180987,118.998,2023-07-07 06:32:15,True,1.28585835817,103.756675561,0.0,0.0
HERTA,CQHO    ,9535151,PT,,CS,59307,255805590,1.28527335922,103.757770563,0.0,0.0,4.88343,0.0,2.07694180987,118.998,2023-07-07 06:32:25,True,1.28585835817,103.756675561,0.0,0.0
HERTA,CQHO    ,9535151,PT,,CS,59307,255805590,1.28527335922,103.757770563,0.0,0.0,4.88343,0.0,2.07694180987,118.998,2023-07-07 06:32:35,True,1.28585835817,103.756675561,0.0,0.0
HERTA,CQHO    ,9535151,PT,,CS,59307,255805590,1.28527335922,103.757770563,0.0,0.0,4.88343,0.0,2.07694180987,118.998,2023-07-07 06:32:45,True,1.28585835817,103.756675561,0.0,0.0
HERTA,CQHO    ,9535151,PT,,CS,59307,255805590,1.28527335922,103.757770563,0.0,0.0,4.88343,0.0,2.07694180987,118.998,2023-07-07 06:32:55,True,1.28585835817,103.756675561,0.0,0.0
HERTA,CQHO    ,9535151,PT,,CS,59307,255805590,1.28527335922,103.757770563,0.0,0.0,4.88343,0.0,2.07694180987,118.998,2023-07-07 06:33:05,True,1.28585835817,103.756675561,0.0,0.0
HERTA,CQHO    ,9535151,PT,,CS,59307,255805590,1.28527335922,103.757770563,0.0,0.0,4.88343,0.0,2.07694180987,118.998,2023-07-07 06:33:15,True,1.28585835817,103.756675561,0.0,0.0
HERTA,CQHO    ,9535151,PT,,CS,59307,255805590,1.28527335922,103.757770563,0.0,0.0,4.88343,0.0,2.07694180987,118.998,2023-07-07 06:33:25,True,1.28585835817,103.756675561,0.0,0.0
HERTA,CQHO    ,9535151,PT,,CS,59307,255805590,1.28527335922,103.757770563,0.0,0.0,4.88343,0.0,2.07694180987,118.998,2023-07-07 06:33:35,True,1.28585835817,103.756675561,0.0,0.0
HERTA,CQHO    ,9535151,PT,,CS,59307,255805590,1.28527335922,103.757770563,0.0,0.0,4.88343,0.0,2.07694180987,118.998,2023-07-07 06:33:45,True,1.28585835817,103.756675561,0.0,0.0
HERTA,CQHO    ,9535151,PT,,CS,59307,255805590,1.28527335922,103.757770563,0.0,0.0,4.88343,0.0,2.07694180987,118.998,2023-07-07 06:33:55,True,1.28585835817,103.756675561,0.0,0.0
HERTA,CQHO    ,9535151,PT,,CS,59307,255805590,1.28529502578,103.757777222,0.0,0.0,5.14872,0.0,2.07694180987,118.998,2023-07-07 06:34:05,True,1.28585835817,103.756675561,0.0,0.0
HERTA,CQHO    ,9535151,PT,,CS,59307,255805590,1.28529502578,103.757777222,0.0,0.0,5.14872,0.0,2.07694180987,118.998,2023-07-07 06:34:15,True,1.28585835817,103.756675561,0.0,0.0
HERTA,CQHO    ,9535151,PT,,CS,59307,255805590,1.28529502578,103.757777222,0.0,0.0,5.14872,0.0,2.07694180987,118.998,2023-07-07 06:34:25,True,1.28585835817,103.756675561,0.0,0.0
HERTA,CQHO    ,9535151,PT,,CS,59307,255805590,1.28529502578,103.757777222,0.0,0.0,5.14872,0.0,2.07694180987,118.998,2023-07-07 06:34:35,True,1.28585835817,103.756675561,0.0,0.0
HERTA,CQHO    ,9535151,PT,,CS,59307,255805590,1.28529502578,103.757777222,0.0,0.0,5.14872,0.0,2.07694180987,118.998,2023-07-07 06:34:45,True,1.28585835817,103.756675561,0.0,0.0
HERTA,CQHO    ,9535151,PT,,CS,59307,255805590,1.28529502578,103.757777222,0.0,0.0,5.14872,0.0,2.07694180987,118.998,2023-07-07 06:34:55,True,1.28585835817,103.756675561,0.0,0.0
HERTA,CQHO    ,9535151,PT,,CS,59307,255805590,1.28529502578,103.757777222,0.0,0.0,5.14872,0.0,2.07694180987,118.998,2023-07-07 06:35:05,True,1.28585835817,103.756675561,0.0,0.0
HERTA,CQHO    ,9535151,PT,,CS,59307,255805590,1.28529502578,103.757777222,0.0,0.0,5.14872,0.0,2.07694180987,118.998,2023-07-07 06:35:15,True,1.28585835817,103.756675561,0.0,0.0
HERTA,CQHO    ,9535151,PT,,CS,59307,255805590,1.28529502578,103.757777222,0.0,0.0,5.14872,0.0,2.07694180987,118.998,2023-07-07 06:35:25,True,1.28585835817,103.756675561,0.0,0.0
HERTA,CQHO    ,9535151,PT,,CS,59307,255805590,1.28529502578,103.757777222,0.0,0.0,5.14872,0.0,2.07694180987,118.998,2023-07-07 06:35:35,True,1.28585835817,103.756675561,0.0,0.0
HERTA,CQHO    ,9535151,PT,,CS,59307,255805590,1.28529502578,103.757777222,0.0,0.0,5.14872,0.0,2.07694180987,118.998,2023-07-07 06:35:45,True,1.28585835817,103.756675561,0.0,0.0
HERTA,CQHO    ,9535151,PT,,CS,59307,255805590,1.28529502578,103.757777222,0.0,0.0,5.14872,0.0,2.07694180987,118.998,2023-07-07 06:35:55,True,1.28585835817,103.756675561,0.0,0.0
HERTA,CQHO    ,9535151,PT,,CS,59307,255805590,1.28529502578,103.757777222,0.0,0.0,5.14872,0.0,2.07694180987,118.998,2023-07-07 06:36:05,True,1.28585835817,103.756675561,0.0,0.0
HERTA,CQHO    ,9535151,PT,,CS,59307,255805590,1.28529502578,103.757777222,0.0,0.0,5.14872,0.0,2.07694180987,118.998,2023-07-07 06:36:15,True,1.28585835817,103.756675561,0.0,0.0
HERTA,CQHO    ,9535151,PT,,CS,59307,255805590,1.28529502578,103.757777222,0.0,0.0,5.14872,0.0,2.07694180987,118.998,2023-07-07 06:36:25,True,1.28585835817,103.756675561,0.0,0.0
HERTA,CQHO    ,9535151,PT,,CS,59307,255805590,1.28529502578,103.757777222,0.0,0.0,5.14872,0.0,2.07694180987,118.998,2023-07-07 06:36:35,True,1.28585835817,103.756675561,0.0,0.0
HERTA,CQHO    ,9535151,PT,,CS,59307,255805590,1.28529502578,103.757777222,0.0,0.0,5.14872,0.0,2.07694180987,118.998,2023-07-07 06:36:45,True,1.28585835817,103.756675561,0.0,0.0
HERTA,CQHO    ,9535151,PT,,CS,59307,255805590,1.28529502578,103.757777222,0.0,0.0,5.14872,0.0,2.07694180987,118.998,2023-07-07 06:36:55,True,1.28585835817,103.756675561,0.0,0.0
HERTA,CQHO    ,9535151,PT,,CS,59307,255805590,1.28534002526,103.757773895,0.0,0.0,5.98299,0.0,2.07694180987,118.998,2023-07-07 06:37:05,True,1.28585835817,103.756675561,0.0,0.0
HERTA,CQHO    ,9535151,PT,,CS,59307,255805590,1.28534002526,103.757773895,0.0,0.0,5.98299,0.0,2.07694180987,118.998,2023-07-07 06:37:15,True,1.28585835817,103.756675561,0.0,0.0
HERTA,CQHO    ,9535151,PT,,CS,59307,255805590,1.28534002526,103.757773895,0.0,0.0,5.98299,0.0,2.07694180987,118.998,2023-07-07 06:37:25,True,1.28585835817,103.756675561,0.0,0.0
HERTA,CQHO    ,9535151,PT,,CS,59307,255805590,1.28534002526,103.757773895,0.0,0.0,5.98299,0.0,2.07694180987,118.998,2023-07-07 06:37:35,True,1.28585835817,103.756675561,0.0,0.0
HERTA,CQHO    ,9535151,PT,,CS,59307,255805590,1.28534002526,103.757773895,0.0,0.0,5.98299,0.0,2.07694180987,118.998,2023-07-07 06:37:45,True,1.28585835817,103.756675561,0.0,0.0
HERTA,CQHO    ,9535151,PT,,CS,59307,255805590,1.28534002526,103.757773895,0.0,0.0,5.98299,0.0,2.07694180987,118.998,2023-07-07 06:37:55,True,1.285840026,103.756680564,0.0,0.0
HERTA,CQHO    ,9535151,PT,,CS,59307,255805590,1.28534002526,103.757773895,0.0,0.0,5.98299,0.0,2.07694180987,118.998,2023-07-07 06:38:05,True,1.285840026,103.756680564,0.0,0.0
HERTA,CQHO    ,9535151,PT,,CS,59307,255805590,1.28534002526,103.757773895,0.0,0.0,5.98299,0.0,2.07694180987,118.998,2023-07-07 06:38:15,True,1.285840026,103.756680564,0.0,0.0
HERTA,CQHO    ,9535151,PT,,CS,59307,255805590,1.28534002526,103.757773895,0.0,0.0,5.98299,0.0,2.07694180987,118.998,2023-07-07 06:38:25,True,1.285840026,103.756680564,0.0,0.0
HERTA,CQHO    ,9535151,PT,,CS,59307,255805590,1.28534002526,103.757773895,0.0,0.0,5.98299,0.0,2.07694180987,118.998,2023-07-07 06:38:35,True,1.285840026,103.756680564,0.0,0.0
HERTA,CQHO    ,9535151,PT,,CS,59307,255805590,1.28534002526,103.757773895,0.0,0.0,5.98299,0.0,2.07694180987,118.998,2023-07-07 06:38:45,True,1.285840026,103.756680564,0.0,0.0
HERTA,CQHO    ,9535151,PT,,CS,59307,255805590,1.28534002526,103.757773895,0.0,0.0,5.98299,0.0,2.07694180987,118.998,2023-07-07 06:38:55,True,1.285840026,103.756680564,0.0,0.0
HERTA,CQHO    ,9535151,PT,,CS,59307,255805590,1.28534002526,103.757773895,0.0,0.0,5.98299,0.0,2.07694180987,118.998,2023-07-07 06:39:05,True,1.285840026,103.756680564,0.0,0.0
HERTA,CQHO    ,9535151,PT,,CS,59307,255805590,1.28534002526,103.757773895,0.0,0.0,5.98299,0.0,2.07694180987,118.998,2023-07-07 06:39:15,True,1.285840026,103.756680564,0.0,0.0
HERTA,CQHO    ,9535151,PT,,CS,59307,255805590,1.28534002526,103.757773895,0.0,0.0,5.98299,0.0,2.07694180987,118.998,2023-07-07 06:39:25,True,1.285840026,103.756680564,0.0,0.0
HERTA,CQHO    ,9535151,PT,,CS,59307,255805590,1.28534002526,103.757773895,0.0,0.0,5.98299,0.0,2.07694180987,118.998,2023-07-07 06:39:35,True,1.285840026,103.756680564,0.0,0.0
HERTA,CQHO    ,9535151,PT,,CS,59307,255805590,1.28534002526,103.757773895,0.0,0.0,5.98299,0.0,2.07694180987,118.998,2023-07-07 06:39:45,True,1.285840026,103.756680564,0.0,0.0
HERTA,CQHO    ,9535151,PT,,CS,59307,255805590,1.28533502617,103.757763892,0.0,0.0,0.389208,0.0,2.07694180987,118.998,2023-07-07 06:39:55,True,1.285840026,103.756680564,0.0,0.0
HERTA,CQHO    ,9535151,PT,,CS,59307,255805590,1.28533502617,103.757763892,0.0,0.0,0.389208,0.0,2.07694180987,118.998,2023-07-07 06:40:05,True,1.285840026,103.756680564,0.0,0.0
HERTA,CQHO    ,9535151,PT,,CS,59307,255805590,1.28533502617,103.757763892,0.0,0.0,0.389208,0.0,2.07694180987,118.998,2023-07-07 06:40:15,True,1.285840026,103.756680564,0.0,0.0
HERTA,CQHO    ,9535151,PT,,CS,59307,255805590,1.28533502617,103.757763892,0.0,0.0,0.389208,0.0,2.07694180987,118.998,2023-07-07 06:40:25,True,1.285840026,103.756680564,0.0,0.0
HERTA,CQHO    ,9535151,PT,,CS,59307,255805590,1.28533502617,103.757763892,0.0,0.0,0.389208,0.0,2.07694180987,118.998,2023-07-07 06:40:35,True,1.285840026,103.756680564,0.0,0.0
HERTA,CQHO    ,9535151,PT,,CS,59307,255805590,1.28533502617,103.757763892,0.0,0.0,0.389208,0.0,2.07694180987,118.998,2023-07-07 06:40:45,True,1.285840026,103.756680564,0.0,0.0
HERTA,CQHO    ,9535151,PT,,CS,59307,255805590,1.28533502617,103.757763892,0.0,0.0,0.389208,0.0,2.07694180987,118.998,2023-07-07 06:40:55,True,1.28584335995,103.756680564,0.0,0.0
HERTA,CQHO    ,9535151,PT,,CS,59307,255805590,1.28533502617,103.757763892,0.0,0.0,0.389208,0.0,2.07694180987,118.998,2023-07-07 06:41:05,True,1.28584335995,103.756680564,0.0,0.0
HERTA,CQHO    ,9535151,PT,,CS,59307,255805590,1.28533502617,103.757763892,0.0,0.0,0.389208,0.0,2.07694180987,118.998,2023-07-07 06:41:15,True,1.28584335995,103.756680564,0.0,0.0
HERTA,CQHO    ,9535151,PT,,CS,59307,255805590,1.28533502617,103.757763892,0.0,0.0,0.389208,0.0,2.07694180987,118.998,2023-07-07 06:41:25,True,1.28584335995,103.756680564,0.0,0.0
HERTA,CQHO    ,9535151,PT,,CS,59307,255805590,1.28533502617,103.757763892,0.0,0.0,0.389208,0.0,2.07694180987,118.998,2023-07-07 06:41:35,True,1.28584335995,103.756680564,0.0,0.0
HERTA,CQHO    ,9535151,PT,,CS,59307,255805590,1.28533502617,103.757763892,0.0,0.0,0.389208,0.0,2.07694180987,118.998,2023-07-07 06:41:45,True,1.28584335995,103.756680564,0.0,0.0
HERTA,CQHO    ,9535151,PT,,CS,59307,255805590,1.28533502617,103.757763892,0.0,0.0,0.389208,0.0,2.07694180987,118.998,2023-07-07 06:41:55,True,1.28584335995,103.756680564,0.0,0.0
HERTA,CQHO    ,9535151,PT,,CS,59307,255805590,1.28533502617,103.757763892,0.0,0.0,0.389208,0.0,2.07694180987,118.998,2023-07-07 06:42:05,True,1.28584335995,103.756680564,0.0,0.0
HERTA,CQHO    ,9535151,PT,,CS,59307,255805590,1.28533502617,103.757763892,0.0,0.0,0.389208,0.0,2.07694180987,118.998,2023-07-07 06:42:15,True,1.28584335995,103.756680564,0.0,0.0
HERTA,CQHO    ,9535151,PT,,CS,59307,255805590,1.28533502617,103.757763892,0.0,0.0,0.389208,0.0,2.07694180987,118.998,2023-07-07 06:42:25,True,1.28584335995,103.756680564,0.0,0.0
HERTA,CQHO    ,9535151,PT,,CS,59307,255805590,1.28533502617,103.757763892,0.0,0.0,0.389208,0.0,2.07694180987,118.998,2023-07-07 06:42:35,True,1.28584335995,103.756680564,0.0,0.0
HERTA,CQHO    ,9535151,PT,,CS,59307,255805590,1.28533502617,103.757763892,0.0,0.0,0.389208,0.0,2.07694180987,118.998,2023-07-07 06:42:45,True,1.28584335995,103.756680564,0.0,0.0
HERTA,CQHO    ,9535151,PT,,CS,59307,255805590,1.28532002641,103.757787224,0.0,0.0,0.18675,0.0,2.07694180987,118.998,2023-07-07 06:42:55,True,1.28584335995,103.756680564,0.0,0.0
HERTA,CQHO    ,9535151,PT,,CS,59307,255805590,1.28532002641,103.757787224,0.0,0.0,0.18675,0.0,2.07694180987,118.998,2023-07-07 06:43:05,True,1.28584335995,103.756680564,0.0,0.0
HERTA,CQHO    ,9535151,PT,,CS,59307,255805590,1.28532002641,103.757787224,0.0,0.0,0.18675,0.0,2.07694180987,118.998,2023-07-07 06:43:15,True,1.28584335995,103.756680564,0.0,0.0
HERTA,CQHO    ,9535151,PT,,CS,59307,255805590,1.28532002641,103.757787224,0.0,0.0,0.18675,0.0,2.07694180987,118.998,2023-07-07 06:43:25,True,1.28584335995,103.756680564,0.0,0.0
HERTA,CQHO    ,9535151,PT,,CS,59307,255805590,1.28532002641,103.757787224,0.0,0.0,0.18675,0.0,2.07694180987,118.998,2023-07-07 06:43:35,True,1.28584335995,103.756680564,0.0,0.0
HERTA,CQHO    ,9535151,PT,,CS,59307,255805590,1.28532002641,103.757787224,0.0,0.0,0.18675,0.0,2.07694180987,118.998,2023-07-07 06:43:45,True,1.28584335995,103.756680564,0.0,0.0
HERTA,CQHO    ,9535151,PT,,CS,59307,255805590,1.28532002641,103.757787224,0.0,0.0,0.18675,0.0,2.07694180987,118.998,2023-07-07 06:43:55,True,1.28584502497,103.756687224,0.0,0.0
HERTA,CQHO    ,9535151,PT,,CS,59307,255805590,1.28532002641,103.757787224,0.0,0.0,0.18675,0.0,2.07694180987,118.998,2023-07-07 06:44:05,True,1.28584502497,103.756687224,0.0,0.0
HERTA,CQHO    ,9535151,PT,,CS,59307,255805590,1.28532002641,103.757787224,0.0,0.0,0.18675,0.0,2.07694180987,118.998,2023-07-07 06:44:15,True,1.28584502497,103.756687224,0.0,0.0
HERTA,CQHO    ,9535151,PT,,CS,59307,255805590,1.28532002641,103.757787224,0.0,0.0,0.18675,0.0,2.07694180987,118.998,2023-07-07 06:44:25,True,1.28584502497,103.756687224,0.0,0.0
HERTA,CQHO    ,9535151,PT,,CS,59307,255805590,1.28532002641,103.757787224,0.0,0.0,0.18675,0.0,2.07694180987,118.998,2023-07-07 06:44:35,True,1.28584502497,103.756687224,0.0,0.0
HERTA,CQHO    ,9535151,PT,,CS,59307,255805590,1.28532002641,103.757787224,0.0,0.0,0.18675,0.0,2.07694180987,118.998,2023-07-07 06:44:45,True,1.28584502497,103.756687224,0.0,0.0
HERTA,CQHO    ,9535151,PT,,CS,59307,255805590,1.28532002641,103.757787224,0.0,0.0,0.18675,0.0,2.07694180987,118.998,2023-07-07 06:44:55,True,1.28584502497,103.756687224,0.0,0.0
HERTA,CQHO    ,9535151,PT,,CS,59307,255805590,1.28532002641,103.757787224,0.0,0.0,0.18675,0.0,2.07694180987,118.998,2023-07-07 06:45:05,True,1.28584502497,103.756687224,0.0,0.0
HERTA,CQHO    ,9535151,PT,,CS,59307,255805590,1.28532002641,103.757787224,0.0,0.0,0.18675,0.0,2.07694180987,118.998,2023-07-07 06:45:15,True,1.28584502497,103.756687224,0.0,0.0
HERTA,CQHO    ,9535151,PT,,CS,59307,255805590,1.28532002641,103.757787224,0.0,0.0,0.18675,0.0,2.07694180987,118.998,2023-07-07 06:45:25,True,1.28584502497,103.756687224,0.0,0.0
HERTA,CQHO    ,9535151,PT,,CS,59307,255805590,1.28532002641,103.757787224,0.0,0.0,0.18675,0.0,2.07694180987,118.998,2023-07-07 06:45:35,True,1.28584502497,103.756687224,0.0,0.0
HERTA,CQHO    ,9535151,PT,,CS,59307,255805590,1.28532002641,103.757787224,0.0,0.0,0.18675,0.0,2.07694180987,118.998,2023-07-07 06:45:45,True,1.28584502497,103.756687224,0.0,0.0
HERTA,CQHO    ,9535151,PT,,CS,59307,255805590,1.28532002641,103.757787224,0.0,0.0,0.18675,0.0,2.07694180987,118.998,2023-07-07 06:45:55,True,1.28584502497,103.756687224,0.0,0.0
HERTA,CQHO    ,9535151,PT,,CS,59307,255805590,1.28532169173,103.757802229,0.0,0.0,1.00007,0.0,2.07694180987,118.998,2023-07-07 06:46:05,True,1.28584502497,103.756687224,0.0,0.0
HERTA,CQHO    ,9535151,PT,,CS,59307,255805590,1.28532169173,103.757802229,0.0,0.0,1.00007,0.0,2.07694180987,118.998,2023-07-07 06:46:15,True,1.28584502497,103.756687224,0.0,0.0
HERTA,CQHO    ,9535151,PT,,CS,59307,255805590,1.28532169173,103.757802229,0.0,0.0,1.00007,0.0,2.07694180987,118.998,2023-07-07 06:46:25,True,1.28584502497,103.756687224,0.0,0.0
HERTA,CQHO    ,9535151,PT,,CS,59307,255805590,1.28532169173,103.757802229,0.0,0.0,1.00007,0.0,2.07694180987,118.998,2023-07-07 06:46:35,True,1.28584502497,103.756687224,0.0,0.0
HERTA,CQHO    ,9535151,PT,,CS,59307,255805590,1.28532169173,103.757802229,0.0,0.0,1.00007,0.0,2.07694180987,118.998,2023-07-07 06:46:45,True,1.28584502497,103.756687224,0.0,0.0
HERTA,CQHO    ,9535151,PT,,CS,59307,255805590,1.28532169173,103.757802229,0.0,0.0,1.00007,0.0,2.07694180987,118.998,2023-07-07 06:46:55,True,1.2858416915,103.756700561,0.0,0.0
HERTA,CQHO    ,9535151,PT,,CS,59307,255805590,1.28532169173,103.757802229,0.0,0.0,1.00007,0.0,2.07694180987,118.998,2023-07-07 06:47:05,True,1.2858416915,103.756700561,0.0,0.0
HERTA,CQHO    ,9535151,PT,,CS,59307,255805590,1.28532169173,103.757802229,0.0,0.0,1.00007,0.0,2.07694180987,118.998,2023-07-07 06:47:15,True,1.2858416915,103.756700561,0.0,0.0
HERTA,CQHO    ,9535151,PT,,CS,59307,255805590,1.28532169173,103.757802229,0.0,0.0,1.00007,0.0,2.07694180987,118.998,2023-07-07 06:47:25,True,1.2858416915,103.756700561,0.0,0.0
HERTA,CQHO    ,9535151,PT,,CS,59307,255805590,1.28532169173,103.757802229,0.0,0.0,1.00007,0.0,2.07694180987,118.998,2023-07-07 06:47:35,True,1.2858416915,103.756700561,0.0,0.0
HERTA,CQHO    ,9535151,PT,,CS,59307,255805590,1.28532169173,103.757802229,0.0,0.0,1.00007,0.0,2.07694180987,118.998,2023-07-07 06:47:45,True,1.2858416915,103.756700561,0.0,0.0
HERTA,CQHO    ,9535151,PT,,CS,59307,255805590,1.28532169173,103.757802229,0.0,0.0,1.00007,0.0,2.07694180987,118.998,2023-07-07 06:47:55,True,1.2858416915,103.756700561,0.0,0.0
HERTA,CQHO    ,9535151,PT,,CS,59307,255805590,1.28532169173,103.757802229,0.0,0.0,1.00007,0.0,2.07694180987,118.998,2023-07-07 06:48:05,True,1.2858416915,103.756700561,0.0,0.0
HERTA,CQHO    ,9535151,PT,,CS,59307,255805590,1.28532169173,103.757802229,0.0,0.0,1.00007,0.0,2.07694180987,118.998,2023-07-07 06:48:15,True,1.2858416915,103.756700561,0.0,0.0
HERTA,CQHO    ,9535151,PT,,CS,59307,255805590,1.28532169173,103.757802229,0.0,0.0,1.00007,0.0,2.07694180987,118.998,2023-07-07 06:48:25,True,1.2858416915,103.756700561,0.0,0.0
HERTA,CQHO    ,9535151,PT,,CS,59307,255805590,1.28532169173,103.757802229,0.0,0.0,1.00007,0.0,2.07694180987,118.998,2023-07-07 06:48:35,True,1.2858416915,103.756700561,0.0,0.0
HERTA,CQHO    ,9535151,PT,,CS,59307,255805590,1.28532169173,103.757802229,0.0,0.0,1.00007,0.0,2.07694180987,118.998,2023-07-07 06:48:45,True,1.2858416915,103.756700561,0.0,0.0
HERTA,CQHO    ,9535151,PT,,CS,59307,255805590,1.28532169173,103.757802229,0.0,0.0,1.00007,0.0,2.07694180987,118.998,2023-07-07 06:48:55,True,1.2858416915,103.756700561,0.0,0.0
HERTA,CQHO    ,9535151,PT,,CS,59307,255805590,1.28532169173,103.757802229,0.0,0.0,1.00007,0.0,2.07694180987,118.998,2023-07-07 06:49:05,True,1.2858416915,103.756700561,0.0,0.0
HERTA,CQHO    ,9535151,PT,,CS,59307,255805590,1.28532169173,103.757802229,0.0,0.0,1.00007,0.0,2.07694180987,118.998,2023-07-07 06:49:15,True,1.2858416915,103.756700561,0.0,0.0
HERTA,CQHO    ,9535151,PT,,CS,59307,255805590,1.28532169173,103.757802229,0.0,0.0,1.00007,0.0,2.07694180987,118.998,2023-07-07 06:49:25,True,1.2858416915,103.756700561,0.0,0.0
HERTA,CQHO    ,9535151,PT,,CS,59307,255805590,1.28532169173,103.757802229,0.0,0.0,1.00007,0.0,2.07694180987,118.998,2023-07-07 06:49:35,True,1.2858416915,103.756700561,0.0,0.0
HERTA,CQHO    ,9535151,PT,,CS,59307,255805590,1.28532169173,103.757802229,0.0,0.0,1.00007,0.0,2.07694180987,118.998,2023-07-07 06:49:45,True,1.2858416915,103.756700561,0.0,0.0
HERTA,CQHO    ,9535151,PT,,CS,59307,255805590,1.28532169173,103.757802229,0.0,0.0,1.00007,0.0,2.07694180987,118.998,2023-07-07 06:49:55,True,1.28583835871,103.756672228,0.0,0.0
HERTA,CQHO    ,9535151,PT,,CS,59307,255805590,1.28532169173,103.757802229,0.0,0.0,1.00007,0.0,2.07694180987,118.998,2023-07-07 06:50:05,True,1.28583835871,103.756672228,0.0,0.0
HERTA,CQHO    ,9535151,PT,,CS,59307,255805590,1.28532169173,103.757802229,0.0,0.0,1.00007,0.0,2.07694180987,118.998,2023-07-07 06:50:15,True,1.28583835871,103.756672228,0.0,0.0
HERTA,CQHO    ,9535151,PT,,CS,59307,255805590,1.28532169173,103.757802229,0.0,0.0,1.00007,0.0,2.07694180987,118.998,2023-07-07 06:50:25,True,1.28583835871,103.756672228,0.0,0.0
HERTA,CQHO    ,9535151,PT,,CS,59307,255805590,1.28532169173,103.757802229,0.0,0.0,1.00007,0.0,2.07694180987,118.998,2023-07-07 06:50:35,True,1.28583835871,103.756672228,0.0,0.0
HERTA,CQHO    ,9535151,PT,,CS,59307,255805590,1.28532169173,103.757802229,0.0,0.0,1.00007,0.0,2.07694180987,118.998,2023-07-07 06:50:45,True,1.28583835871,103.756672228,0.0,0.0
HERTA,CQHO    ,9535151,PT,,CS,59307,255805590,1.28532169173,103.757802229,0.0,0.0,1.00007,0.0,2.07694180987,118.998,2023-07-07 06:50:55,True,1.28583835871,103.756672228,0.0,0.0
HERTA,CQHO    ,9535151,PT,,CS,59307,255805590,1.28532169173,103.757802229,0.0,0.0,1.00007,0.0,2.07694180987,118.998,2023-07-07 06:51:05,True,1.28583835871,103.756672228,0.0,0.0
HERTA,CQHO    ,9535151,PT,,CS,59307,255805590,1.28532169173,103.757802229,0.0,0.0,1.00007,0.0,2.07694180987,118.998,2023-07-07 06:51:15,True,1.28583835871,103.756672228,0.0,0.0
HERTA,CQHO    ,9535151,PT,,CS,59307,255805590,1.28532169173,103.757802229,0.0,0.0,1.00007,0.0,2.07694180987,118.998,2023-07-07 06:51:25,True,1.28583835871,103.756672228,0.0,0.0
HERTA,CQHO    ,9535151,PT,,CS,59307,255805590,1.28532169173,103.757802229,0.0,0.0,1.00007,0.0,2.07694180987,118.998,2023-07-07 06:51:35,True,1.28583835871,103.756672228,0.0,0.0
HERTA,CQHO    ,9535151,PT,,CS,59307,255805590,1.28532169173,103.757802229,0.0,0.0,1.00007,0.0,2.07694180987,118.998,2023-07-07 06:51:45,True,1.28583835871,103.756672228,0.0,0.0
HERTA,CQHO    ,9535151,PT,,CS,59307,255805590,1.28532169173,103.757802229,0.0,0.0,1.00007,0.0,2.07694180987,118.998,2023-07-07 06:51:55,True,1.28583835871,103.756672228,0.0,0.0
HERTA,CQHO    ,9535151,PT,,CS,59307,255805590,1.28533002689,103.757748896,0.0,0.0,5.97077,0.0,2.07694180987,118.998,2023-07-07 06:52:05,True,1.28583835871,103.756672228,0.0,0.0
HERTA,CQHO    ,9535151,PT,,CS,59307,255805590,1.28533002689,103.757748896,0.0,0.0,5.97077,0.0,2.07694180987,118.998,2023-07-07 06:52:15,True,1.28583835871,103.756672228,0.0,0.0
HERTA,CQHO    ,9535151,PT,,CS,59307,255805590,1.28533002689,103.757748896,0.0,0.0,5.97077,0.0,2.07694180987,118.998,2023-07-07 06:52:25,True,1.28583835871,103.756672228,0.0,0.0
HERTA,CQHO    ,9535151,PT,,CS,59307,255805590,1.28533002689,103.757748896,0.0,0.0,5.97077,0.0,2.07694180987,118.998,2023-07-07 06:52:35,True,1.28583835871,103.756672228,0.0,0.0
HERTA,CQHO    ,9535151,PT,,CS,59307,255805590,1.28533002689,103.757748896,0.0,0.0,5.97077,0.0,2.07694180987,118.998,2023-07-07 06:52:45,True,1.28583835871,103.756672228,0.0,0.0
HERTA,CQHO    ,9535151,PT,,CS,59307,255805590,1.28533002689,103.757748896,0.0,0.0,5.97077,0.0,2.07694180987,118.998,2023-07-07 06:52:55,True,1.28583835871,103.756672228,0.0,0.0
HERTA,CQHO    ,9535151,PT,,CS,59307,255805590,1.28533002689,103.757748896,0.0,0.0,5.97077,0.0,2.07694180987,118.998,2023-07-07 06:53:05,True,1.28583835871,103.756672228,0.0,0.0
HERTA,CQHO    ,9535151,PT,,CS,59307,255805590,1.28533002689,103.757748896,0.0,0.0,5.97077,0.0,2.07694180987,118.998,2023-07-07 06:53:15,True,1.28583835871,103.756672228,0.0,0.0
HERTA,CQHO    ,9535151,PT,,CS,59307,255805590,1.28533002689,103.757748896,0.0,0.0,5.97077,0.0,2.07694180987,118.998,2023-07-07 06:53:25,True,1.28583835871,103.756672228,0.0,0.0
HERTA,CQHO    ,9535151,PT,,CS,59307,255805590,1.28533002689,103.757748896,0.0,0.0,5.97077,0.0,2.07694180987,118.998,2023-07-07 06:53:35,True,1.28583835871,103.756672228,0.0,0.0
HERTA,CQHO    ,9535151,PT,,CS,59307,255805590,1.28533002689,103.757748896,0.0,0.0,5.97077,0.0,2.07694180987,118.998,2023-07-07 06:53:45,True,1.28583835871,103.756672228,0.0,0.0
HERTA,CQHO    ,9535151,PT,,CS,59307,255805590,1.28533002689,103.757748896,0.0,0.0,5.97077,0.0,2.07694180987,118.998,2023-07-07 06:53:55,True,1.28583835871,103.756672228,0.0,0.0
HERTA,CQHO    ,9535151,PT,,CS,59307,255805590,1.28533002689,103.757748896,0.0,0.0,5.97077,0.0,2.07694180987,118.998,2023-07-07 06:54:05,True,1.28583835871,103.756672228,0.0,0.0
HERTA,CQHO    ,9535151,PT,,CS,59307,255805590,1.28533002689,103.757748896,0.0,0.0,5.97077,0.0,2.07694180987,118.998,2023-07-07 06:54:15,True,1.28583835871,103.756672228,0.0,0.0
HERTA,CQHO    ,9535151,PT,,CS,59307,255805590,1.28533002689,103.757748896,0.0,0.0,5.97077,0.0,2.07694180987,118.998,2023-07-07 06:54:25,True,1.28583835871,103.756672228,0.0,0.0
HERTA,CQHO    ,9535151,PT,,CS,59307,255805590,1.28533002689,103.757748896,0.0,0.0,5.97077,0.0,2.07694180987,118.998,2023-07-07 06:54:35,True,1.28583835871,103.756672228,0.0,0.0
HERTA,CQHO    ,9535151,PT,,CS,59307,255805590,1.28533002689,103.757748896,0.0,0.0,5.97077,0.0,2.07694180987,118.998,2023-07-07 06:54:45,True,1.28583835871,103.756672228,0.0,0.0
HERTA,CQHO    ,9535151,PT,,CS,59307,255805590,1.28533002689,103.757748896,0.0,0.0,5.97077,0.0,2.07694180987,118.998,2023-07-07 06:54:55,True,1.28583835871,103.756672228,0.0,0.0
HERTA,CQHO    ,9535151,PT,,CS,59307,255805590,1.285331693,103.757785557,0.0,0.0,5.97077,0.0,2.07694180987,118.998,2023-07-07 06:55:05,True,1.28583835871,103.756672228,0.0,0.0
HERTA,CQHO    ,9535151,PT,,CS,59307,255805590,1.285331693,103.757785557,0.0,0.0,0.479966,0.0,2.07694180987,118.998,2023-07-07 06:55:15,True,1.28583835871,103.756672228,0.0,0.0
HERTA,CQHO    ,9535151,PT,,CS,59307,255805590,1.285331693,103.757785557,0.0,0.0,0.479966,0.0,2.07694180987,118.998,2023-07-07 06:55:25,True,1.28583835871,103.756672228,0.0,0.0
HERTA,CQHO    ,9535151,PT,,CS,59307,255805590,1.285331693,103.757785557,0.0,0.0,0.479966,0.0,2.07694180987,118.998,2023-07-07 06:55:35,True,1.28583835871,103.756672228,0.0,0.0
HERTA,CQHO    ,9535151,PT,,CS,59307,255805590,1.285331693,103.757785557,0.0,0.0,0.479966,0.0,2.07694180987,118.998,2023-07-07 06:55:45,True,1.28583835871,103.756672228,0.0,0.0
HERTA,CQHO    ,9535151,PT,,CS,59307,255805590,1.285331693,103.757785557,0.0,0.0,0.479966,0.0,2.07694180987,118.998,2023-07-07 06:55:55,True,1.28583002602,103.756672228,0.0,0.0
HERTA,CQHO    ,9535151,PT,,CS,59307,255805590,1.285331693,103.757785557,0.0,0.0,0.479966,0.0,2.07694180987,118.998,2023-07-07 06:56:05,True,1.28583002602,103.756672228,0.0,0.0
HERTA,CQHO    ,9535151,PT,,CS,59307,255805590,1.285331693,103.757785557,0.0,0.0,0.479966,0.0,2.07694180987,118.998,2023-07-07 06:56:15,True,1.28583002602,103.756672228,0.0,0.0
HERTA,CQHO    ,9535151,PT,,CS,59307,255805590,1.285331693,103.757785557,0.0,0.0,0.479966,0.0,2.07694180987,118.998,2023-07-07 06:56:25,True,1.28583002602,103.756672228,0.0,0.0
HERTA,CQHO    ,9535151,PT,,CS,59307,255805590,1.285331693,103.757785557,0.0,0.0,0.479966,0.0,2.07694180987,118.998,2023-07-07 06:56:35,True,1.28583002602,103.756672228,0.0,0.0
HERTA,CQHO    ,9535151,PT,,CS,59307,255805590,1.285331693,103.757785557,0.0,0.0,0.479966,0.0,2.07694180987,118.998,2023-07-07 06:56:45,True,1.28583002602,103.756672228,0.0,0.0
HERTA,CQHO    ,9535151,PT,,CS,59307,255805590,1.285331693,103.757785557,0.0,0.0,0.479966,0.0,2.07694180987,118.998,2023-07-07 06:56:55,True,1.28583002602,103.756672228,0.0,0.0
HERTA,CQHO    ,9535151,PT,,CS,59307,255805590,1.285331693,103.757785557,0.0,0.0,0.479966,0.0,2.07694180987,118.998,2023-07-07 06:57:05,True,1.28583002602,103.756672228,0.0,0.0
HERTA,CQHO    ,9535151,PT,,CS,59307,255805590,1.285331693,103.757785557,0.0,0.0,0.479966,0.0,2.07694180987,118.998,2023-07-07 06:57:15,True,1.28583002602,103.756672228,0.0,0.0
HERTA,CQHO    ,9535151,PT,,CS,59307,255805590,1.285331693,103.757785557,0.0,0.0,0.479966,0.0,2.07694180987,118.998,2023-07-07 06:57:25,True,1.28583002602,103.756672228,0.0,0.0
HERTA,CQHO    ,9535151,PT,,CS,59307,255805590,1.285331693,103.757785557,0.0,0.0,0.479966,0.0,2.07694180987,118.998,2023-07-07 06:57:35,True,1.28583002602,103.756672228,0.0,0.0
HERTA,CQHO    ,9535151,PT,,CS,59307,255805590,1.285331693,103.757785557,0.0,0.0,0.479966,0.0,2.07694180987,118.998,2023-07-07 06:57:45,True,1.28583002602,103.756672228,0.0,0.0
HERTA,CQHO    ,9535151,PT,,CS,59307,255805590,1.285331693,103.757785557,0.0,0.0,0.479966,0.0,2.07694180987,118.998,2023-07-07 06:57:55,True,1.28583002602,103.756672228,0.0,0.0
HERTA,CQHO    ,9535151,PT,,CS,59307,255805590,1.28529669188,103.757813892,0.0,0.0,0.479966,0.0,2.07694180987,118.998,2023-07-07 06:58:05,True,1.28583002602,103.756672228,0.0,0.0
HERTA,CQHO    ,9535151,PT,,CS,59307,255805590,1.28529669188,103.757813892,0.0,0.0,0.326377,0.0,2.07694180987,118.998,2023-07-07 06:58:15,True,1.28583002602,103.756672228,0.0,0.0
HERTA,CQHO    ,9535151,PT,,CS,59307,255805590,1.28529669188,103.757813892,0.0,0.0,0.326377,0.0,2.07694180987,118.998,2023-07-07 06:58:25,True,1.28583002602,103.756672228,0.0,0.0
HERTA,CQHO    ,9535151,PT,,CS,59307,255805590,1.28529669188,103.757813892,0.0,0.0,0.326377,0.0,2.07694180987,118.998,2023-07-07 06:58:35,True,1.28583002602,103.756672228,0.0,0.0
HERTA,CQHO    ,9535151,PT,,CS,59307,255805590,1.28529669188,103.757813892,0.0,0.0,0.326377,0.0,2.07694180987,118.998,2023-07-07 06:58:45,True,1.28583002602,103.756672228,0.0,0.0
HERTA,CQHO    ,9535151,PT,,CS,59307,255805590,1.28529669188,103.757813892,0.0,0.0,0.326377,0.0,2.07694180987,118.998,2023-07-07 06:58:55,True,1.28584335977,103.756675562,0.0,0.0
HERTA,CQHO    ,9535151,PT,,CS,59307,255805590,1.28529669188,103.757813892,0.0,0.0,0.326377,0.0,2.07694180987,118.998,2023-07-07 06:59:05,True,1.28584335977,103.756675562,0.0,0.0
HERTA,CQHO    ,9535151,PT,,CS,59307,255805590,1.28529669188,103.757813892,0.0,0.0,0.326377,0.0,2.07694180987,118.998,2023-07-07 06:59:15,True,1.28584335977,103.756675562,0.0,0.0
HERTA,CQHO    ,9535151,PT,,CS,59307,255805590,1.28529669188,103.757813892,0.0,0.0,0.326377,0.0,2.07694180987,118.998,2023-07-07 06:59:25,True,1.28584335977,103.756675562,0.0,0.0
HERTA,CQHO    ,9535151,PT,,CS,59307,255805590,1.28529669188,103.757813892,0.0,0.0,0.326377,0.0,2.07694180987,118.998,2023-07-07 06:59:35,True,1.28584335977,103.756675562,0.0,0.0
HERTA,CQHO    ,9535151,PT,,CS,59307,255805590,1.28529669188,103.757813892,0.0,0.0,0.326377,0.0,2.07694180987,118.998,2023-07-07 06:59:45,True,1.28584335977,103.756675562,0.0,0.0
HERTA,CQHO    ,9535151,PT,,CS,59307,255805590,1.28529669188,103.757813892,0.0,0.0,0.326377,0.0,2.07694180987,118.998,2023-07-07 06:59:55,True,1.28584335977,103.756675562,0.0,0.0
HERTA,CQHO    ,9535151,PT,,CS,59307,255805590,1.28529669188,103.757813892,0.0,0.0,0.326377,0.0,2.07694180987,118.998,2023-07-07 07:00:05,True,1.28584335977,103.756675562,0.0,0.0
HERTA,CQHO    ,9535151,PT,,CS,59307,255805590,1.28529669188,103.757813892,0.0,0.0,0.326377,0.0,2.07694180987,118.998,2023-07-07 07:00:15,True,1.28584335977,103.756675562,0.0,0.0
HERTA,CQHO    ,9535151,PT,,CS,59307,255805590,1.28529669188,103.757813892,0.0,0.0,0.326377,0.0,2.07694180987,118.998,2023-07-07 07:00:25,True,1.28584335977,103.756675562,0.0,0.0
HERTA,CQHO    ,9535151,PT,,CS,59307,255805590,1.28529669188,103.757813892,0.0,0.0,0.326377,0.0,2.07694180987,118.998,2023-07-07 07:00:35,True,1.28584335977,103.756675562,0.0,0.0
HERTA,CQHO    ,9535151,PT,,CS,59307,255805590,1.28529669188,103.757813892,0.0,0.0,0.326377,0.0,2.07694180987,118.998,2023-07-07 07:00:45,True,1.28584335977,103.756675562,0.0,0.0
HERTA,CQHO    ,9535151,PT,,CS,59307,255805590,1.28529669188,103.757813892,0.0,0.0,0.326377,0.0,2.07694180987,118.998,2023-07-07 07:00:55,True,1.28584335977,103.756675562,0.0,0.0
HERTA,CQHO    ,9535151,PT,,CS,59307,255805590,1.28534335994,103.757793892,0.0,0.0,5.85907,0.0,2.07694180987,118.998,2023-07-07 07:01:05,True,1.28584335977,103.756675562,0.0,0.0
HERTA,CQHO    ,9535151,PT,,CS,59307,255805590,1.28534335994,103.757793892,0.0,0.0,5.85907,0.0,2.07694180987,118.998,2023-07-07 07:01:15,True,1.28584335977,103.756675562,0.0,0.0
HERTA,CQHO    ,9535151,PT,,CS,59307,255805590,1.28534335994,103.757793892,0.0,0.0,5.85907,0.0,2.07694180987,118.998,2023-07-07 07:01:25,True,1.28584335977,103.756675562,0.0,0.0
HERTA,CQHO    ,9535151,PT,,CS,59307,255805590,1.28534335994,103.757793892,0.0,0.0,5.85907,0.0,2.07694180987,118.998,2023-07-07 07:01:35,True,1.28584335977,103.756675562,0.0,0.0
HERTA,CQHO    ,9535151,PT,,CS,59307,255805590,1.28534335994,103.757793892,0.0,0.0,5.85907,0.0,2.07694180987,118.998,2023-07-07 07:01:45,True,1.28584335977,103.756675562,0.0,0.0
HERTA,CQHO    ,9535151,PT,,CS,59307,255805590,1.28534335994,103.757793892,0.0,0.0,5.85907,0.0,2.07694180987,118.998,2023-07-07 07:01:55,True,1.2858500256,103.756678896,0.0,0.0
HERTA,CQHO    ,9535151,PT,,CS,59307,255805590,1.28534335994,103.757793892,0.0,0.0,5.85907,0.0,2.07694180987,118.998,2023-07-07 07:02:05,True,1.2858500256,103.756678896,0.0,0.0
HERTA,CQHO    ,9535151,PT,,CS,59307,255805590,1.28534335994,103.757793892,0.0,0.0,5.85907,0.0,2.07694180987,118.998,2023-07-07 07:02:15,True,1.2858500256,103.756678896,0.0,0.0
HERTA,CQHO    ,9535151,PT,,CS,59307,255805590,1.28534335994,103.757793892,0.0,0.0,5.85907,0.0,2.07694180987,118.998,2023-07-07 07:02:25,True,1.2858500256,103.756678896,0.0,0.0
HERTA,CQHO    ,9535151,PT,,CS,59307,255805590,1.28534335994,103.757793892,0.0,0.0,5.85907,0.0,2.07694180987,118.998,2023-07-07 07:02:35,True,1.2858500256,103.756678896,0.0,0.0
HERTA,CQHO    ,9535151,PT,,CS,59307,255805590,1.28534335994,103.757793892,0.0,0.0,5.85907,0.0,2.07694180987,118.998,2023-07-07 07:02:45,True,1.2858500256,103.756678896,0.0,0.0
HERTA,CQHO    ,9535151,PT,,CS,59307,255805590,1.28534335994,103.757793892,0.0,0.0,5.85907,0.0,2.07694180987,118.998,2023-07-07 07:02:55,True,1.2858500256,103.756678896,0.0,0.0
HERTA,CQHO    ,9535151,PT,,CS,59307,255805590,1.28534335994,103.757793892,0.0,0.0,5.85907,0.0,2.07694180987,118.998,2023-07-07 07:03:05,True,1.2858500256,103.756678896,0.0,0.0
HERTA,CQHO    ,9535151,PT,,CS,59307,255805590,1.28534335994,103.757793892,0.0,0.0,5.85907,0.0,2.07694180987,118.998,2023-07-07 07:03:15,True,1.2858500256,103.756678896,0.0,0.0
HERTA,CQHO    ,9535151,PT,,CS,59307,255805590,1.28534335994,103.757793892,0.0,0.0,5.85907,0.0,2.07694180987,118.998,2023-07-07 07:03:25,True,1.2858500256,103.756678896,0.0,0.0
HERTA,CQHO    ,9535151,PT,,CS,59307,255805590,1.28534335994,103.757793892,0.0,0.0,5.85907,0.0,2.07694180987,118.998,2023-07-07 07:03:35,True,1.2858500256,103.756678896,0.0,0.0
HERTA,CQHO    ,9535151,PT,,CS,59307,255805590,1.28534335994,103.757793892,0.0,0.0,5.85907,0.0,2.07694180987,118.998,2023-07-07 07:03:45,True,1.2858500256,103.756678896,0.0,0.0
HERTA,CQHO    ,9535151,PT,,CS,59307,255805590,1.28534335994,103.757793892,0.0,0.0,5.85907,0.0,2.07694180987,118.998,2023-07-07 07:03:55,True,1.2858500256,103.756678896,0.0,0.0
HERTA,CQHO    ,9535151,PT,,CS,59307,255805590,1.28531835804,103.757748896,0.0,0.0,4.6164,0.0,2.07694180987,118.998,2023-07-07 07:04:05,True,1.2858500256,103.756678896,0.0,0.0
HERTA,CQHO    ,9535151,PT,,CS,59307,255805590,1.28531835804,103.757748896,0.0,0.0,4.6164,0.0,2.07694180987,118.998,2023-07-07 07:04:15,True,1.2858500256,103.756678896,0.0,0.0
HERTA,CQHO    ,9535151,PT,,CS,59307,255805590,1.28531835804,103.757748896,0.0,0.0,4.6164,0.0,2.07694180987,118.998,2023-07-07 07:04:25,True,1.2858500256,103.756678896,0.0,0.0
HERTA,CQHO    ,9535151,PT,,CS,59307,255805590,1.28531835804,103.757748896,0.0,0.0,4.6164,0.0,2.07694180987,118.998,2023-07-07 07:04:35,True,1.2858500256,103.756678896,0.0,0.0
HERTA,CQHO    ,9535151,PT,,CS,59307,255805590,1.28531835804,103.757748896,0.0,0.0,4.6164,0.0,2.07694180987,118.998,2023-07-07 07:04:45,True,1.28584502577,103.756708889,0.0,0.0
HERTA,CQHO    ,9535151,PT,,CS,59307,255805590,1.28531835804,103.757748896,0.0,0.0,4.6164,0.0,2.07694180987,118.998,2023-07-07 07:04:55,True,1.28584502577,103.756708889,0.0,0.0
HERTA,CQHO    ,9535151,PT,,CS,59307,255805590,1.28531835804,103.757748896,0.0,0.0,4.6164,0.0,2.07694180987,118.998,2023-07-07 07:05:05,True,1.28584502577,103.756708889,0.0,0.0
HERTA,CQHO    ,9535151,PT,,CS,59307,255805590,1.28531835804,103.757748896,0.0,0.0,4.6164,0.0,2.07694180987,118.998,2023-07-07 07:05:15,True,1.28584502577,103.756708889,0.0,0.0
HERTA,CQHO    ,9535151,PT,,CS,59307,255805590,1.28531835804,103.757748896,0.0,0.0,4.6164,0.0,2.07694180987,118.998,2023-07-07 07:05:25,True,1.28584502577,103.756708889,0.0,0.0
HERTA,CQHO    ,9535151,PT,,CS,59307,255805590,1.28531835804,103.757748896,0.0,0.0,4.6164,0.0,2.07694180987,118.998,2023-07-07 07:05:35,True,1.28584502577,103.756708889,0.0,0.0
HERTA,CQHO    ,9535151,PT,,CS,59307,255805590,1.28531835804,103.757748896,0.0,0.0,4.6164,0.0,2.07694180987,118.998,2023-07-07 07:05:45,True,1.28584502577,103.756708889,0.0,0.0
HERTA,CQHO    ,9535151,PT,,CS,59307,255805590,1.28531835804,103.757748896,0.0,0.0,4.6164,0.0,2.07694180987,118.998,2023-07-07 07:05:55,True,1.28584502577,103.756708889,0.0,0.0
HERTA,CQHO    ,9535151,PT,,CS,59307,255805590,1.28531835804,103.757748896,0.0,0.0,4.6164,0.0,2.07694180987,118.998,2023-07-07 07:06:05,True,1.28584502577,103.756708889,0.0,0.0
HERTA,CQHO    ,9535151,PT,,CS,59307,255805590,1.28531835804,103.757748896,0.0,0.0,4.6164,0.0,2.07694180987,118.998,2023-07-07 07:06:15,True,1.28584502577,103.756708889,0.0,0.0
HERTA,CQHO    ,9535151,PT,,CS,59307,255805590,1.28531835804,103.757748896,0.0,0.0,4.6164,0.0,2.07694180987,118.998,2023-07-07 07:06:25,True,1.28584502577,103.756708889,0.0,0.0
HERTA,CQHO    ,9535151,PT,,CS,59307,255805590,1.28531835804,103.757748896,0.0,0.0,4.6164,0.0,2.07694180987,118.998,2023-07-07 07:06:35,True,1.28584502577,103.756708889,0.0,0.0
HERTA,CQHO    ,9535151,PT,,CS,59307,255805590,1.28531835804,103.757748896,0.0,0.0,4.6164,0.0,2.07694180987,118.998,2023-07-07 07:06:45,True,1.28584502577,103.756708889,0.0,0.0
HERTA,CQHO    ,9535151,PT,,CS,59307,255805590,1.28531002608,103.757768894,0.0,0.0,4.6164,0.0,2.07694180987,118.998,2023-07-07 07:06:55,True,1.28584502577,103.756708889,0.0,0.0
HERTA,CQHO    ,9535151,PT,,CS,59307,255805590,1.28531002608,103.757768894,0.0,0.0,5.15047,0.0,2.07694180987,118.998,2023-07-07 07:07:05,True,1.28584502577,103.756708889,0.0,0.0
HERTA,CQHO    ,9535151,PT,,CS,59307,255805590,1.28531002608,103.757768894,0.0,0.0,5.15047,0.0,2.07694180987,118.998,2023-07-07 07:07:15,True,1.28584502577,103.756708889,0.0,0.0
HERTA,CQHO    ,9535151,PT,,CS,59307,255805590,1.28531002608,103.757768894,0.0,0.0,5.15047,0.0,2.07694180987,118.998,2023-07-07 07:07:25,True,1.28584502577,103.756708889,0.0,0.0
HERTA,CQHO    ,9535151,PT,,CS,59307,255805590,1.28531002608,103.757768894,0.0,0.0,5.15047,0.0,2.07694180987,118.998,2023-07-07 07:07:35,True,1.28584502577,103.756708889,0.0,0.0
HERTA,CQHO    ,9535151,PT,,CS,59307,255805590,1.28531002608,103.757768894,0.0,0.0,5.15047,0.0,2.07694180987,118.998,2023-07-07 07:07:45,True,1.2858616931,103.756702228,0.0,0.0
HERTA,CQHO    ,9535151,PT,,CS,59307,255805590,1.28531002608,103.757768894,0.0,0.0,5.15047,0.0,2.07694180987,118.998,2023-07-07 07:07:55,True,1.2858616931,103.756702228,0.0,0.0
HERTA,CQHO    ,9535151,PT,,CS,59307,255805590,1.28531002608,103.757768894,0.0,0.0,5.15047,0.0,2.07694180987,118.998,2023-07-07 07:08:05,True,1.2858616931,103.756702228,0.0,0.0
HERTA,CQHO    ,9535151,PT,,CS,59307,255805590,1.28531002608,103.757768894,0.0,0.0,5.15047,0.0,2.07694180987,118.998,2023-07-07 07:08:15,True,1.2858616931,103.756702228,0.0,0.0
HERTA,CQHO    ,9535151,PT,,CS,59307,255805590,1.28531002608,103.757768894,0.0,0.0,5.15047,0.0,2.07694180987,118.998,2023-07-07 07:08:25,True,1.2858616931,103.756702228,0.0,0.0
HERTA,CQHO    ,9535151,PT,,CS,59307,255805590,1.28531002608,103.757768894,0.0,0.0,5.15047,0.0,2.07694180987,118.998,2023-07-07 07:08:35,True,1.2858616931,103.756702228,0.0,0.0
HERTA,CQHO    ,9535151,PT,,CS,59307,255805590,1.28531002608,103.757768894,0.0,0.0,5.15047,0.0,2.07694180987,118.998,2023-07-07 07:08:45,True,1.2858616931,103.756702228,0.0,0.0
HERTA,CQHO    ,9535151,PT,,CS,59307,255805590,1.28531002608,103.757768894,0.0,0.0,5.15047,0.0,2.07694180987,118.998,2023-07-07 07:08:55,True,1.2858616931,103.756702228,0.0,0.0
HERTA,CQHO    ,9535151,PT,,CS,59307,255805590,1.28531002608,103.757768894,0.0,0.0,5.15047,0.0,2.07694180987,118.998,2023-07-07 07:09:05,True,1.2858616931,103.756702228,0.0,0.0
HERTA,CQHO    ,9535151,PT,,CS,59307,255805590,1.28531002608,103.757768894,0.0,0.0,5.15047,0.0,2.07694180987,118.998,2023-07-07 07:09:15,True,1.2858616931,103.756702228,0.0,0.0
HERTA,CQHO    ,9535151,PT,,CS,59307,255805590,1.28531002608,103.757768894,0.0,0.0,5.15047,0.0,2.07694180987,118.998,2023-07-07 07:09:25,True,1.2858616931,103.756702228,0.0,0.0
HERTA,CQHO    ,9535151,PT,,CS,59307,255805590,1.28531002608,103.757768894,0.0,0.0,5.15047,0.0,2.07694180987,118.998,2023-07-07 07:09:35,True,1.2858616931,103.756702228,0.0,0.0
HERTA,CQHO    ,9535151,PT,,CS,59307,255805590,1.28531002608,103.757768894,0.0,0.0,5.15047,0.0,2.07694180987,118.998,2023-07-07 07:09:45,True,1.2858616931,103.756702228,0.0,0.0
HERTA,CQHO    ,9535151,PT,,CS,59307,255805590,1.28531002608,103.757768894,0.0,0.0,5.15047,0.0,2.07694180987,118.998,2023-07-07 07:09:55,True,1.2858616931,103.756702228,0.0,0.0
HERTA,CQHO    ,9535151,PT,,CS,59307,255805590,1.28532002593,103.757773895,0.0,0.0,5.15047,0.0,2.07694180987,118.998,2023-07-07 07:10:05,True,1.2858616931,103.756702228,0.0,0.0
HERTA,CQHO    ,9535151,PT,,CS,59307,255805590,1.28532002593,103.757773895,0.0,0.0,6.20115,0.0,2.07694180987,118.998,2023-07-07 07:10:15,True,1.2858616931,103.756702228,0.0,0.0
HERTA,CQHO    ,9535151,PT,,CS,59307,255805590,1.28532002593,103.757773895,0.0,0.0,6.20115,0.0,2.07694180987,118.998,2023-07-07 07:10:25,True,1.2858616931,103.756702228,0.0,0.0
HERTA,CQHO    ,9535151,PT,,CS,59307,255805590,1.28532002593,103.757773895,0.0,0.0,6.20115,0.0,2.07694180987,118.998,2023-07-07 07:10:35,True,1.2858616931,103.756702228,0.0,0.0
HERTA,CQHO    ,9535151,PT,,CS,59307,255805590,1.28532002593,103.757773895,0.0,0.0,6.20115,0.0,2.07694180987,118.998,2023-07-07 07:10:45,True,1.2858616931,103.756702228,0.0,0.0
HERTA,CQHO    ,9535151,PT,,CS,59307,255805590,1.28532002593,103.757773895,0.0,0.0,6.20115,0.0,2.07694180987,118.998,2023-07-07 07:10:55,True,1.28584835936,103.756698894,0.0,0.0
HERTA,CQHO    ,9535151,PT,,CS,59307,255805590,1.28532002593,103.757773895,0.0,0.0,6.20115,0.0,2.07694180987,118.998,2023-07-07 07:11:05,True,1.28584835936,103.756698894,0.0,0.0
HERTA,CQHO    ,9535151,PT,,CS,59307,255805590,1.28532002593,103.757773895,0.0,0.0,6.20115,0.0,2.07694180987,118.998,2023-07-07 07:11:15,True,1.28584835936,103.756698894,0.0,0.0
HERTA,CQHO    ,9535151,PT,,CS,59307,255805590,1.28532002593,103.757773895,0.0,0.0,6.20115,0.0,2.07694180987,118.998,2023-07-07 07:11:25,True,1.28584835936,103.756698894,0.0,0.0
HERTA,CQHO    ,9535151,PT,,CS,59307,255805590,1.28532002593,103.757773895,0.0,0.0,6.20115,0.0,2.07694180987,118.998,2023-07-07 07:11:35,True,1.28584835936,103.756698894,0.0,0.0
HERTA,CQHO    ,9535151,PT,,CS,59307,255805590,1.28532002593,103.757773895,0.0,0.0,6.20115,0.0,2.07694180987,118.998,2023-07-07 07:11:45,True,1.28584835936,103.756698894,0.0,0.0
HERTA,CQHO    ,9535151,PT,,CS,59307,255805590,1.28532002593,103.757773895,0.0,0.0,6.20115,0.0,2.07694180987,118.998,2023-07-07 07:11:55,True,1.28584835936,103.756698894,0.0,0.0
HERTA,CQHO    ,9535151,PT,,CS,59307,255805590,1.28532002593,103.757773895,0.0,0.0,6.20115,0.0,2.07694180987,118.998,2023-07-07 07:12:05,True,1.28584835936,103.756698894,0.0,0.0
HERTA,CQHO    ,9535151,PT,,CS,59307,255805590,1.28532002593,103.757773895,0.0,0.0,6.20115,0.0,2.07694180987,118.998,2023-07-07 07:12:15,True,1.28584835936,103.756698894,0.0,0.0
HERTA,CQHO    ,9535151,PT,,CS,59307,255805590,1.28532002593,103.757773895,0.0,0.0,6.20115,0.0,2.07694180987,118.998,2023-07-07 07:12:25,True,1.28584835936,103.756698894,0.0,0.0
HERTA,CQHO    ,9535151,PT,,CS,59307,255805590,1.28532002593,103.757773895,0.0,0.0,6.20115,0.0,2.07694180987,118.998,2023-07-07 07:12:35,True,1.28584835936,103.756698894,0.0,0.0
HERTA,CQHO    ,9535151,PT,,CS,59307,255805590,1.28532002593,103.757773895,0.0,0.0,6.20115,0.0,2.07694180987,118.998,2023-07-07 07:12:45,True,1.28584835936,103.756698894,0.0,0.0
HERTA,CQHO    ,9535151,PT,,CS,59307,255805590,1.28532002593,103.757773895,0.0,0.0,6.20115,0.0,2.07694180987,118.998,2023-07-07 07:12:55,True,1.28584835936,103.756698894,0.0,0.0
HERTA,CQHO    ,9535151,PT,,CS,59307,255805590,1.28532002593,103.757773895,0.0,0.0,6.20115,0.0,2.07694180987,118.998,2023-07-07 07:13:05,True,1.28584835936,103.756698894,0.0,0.0
HERTA,CQHO    ,9535151,PT,,CS,59307,255805590,1.28532002593,103.757773895,0.0,0.0,6.20115,0.0,2.07694180987,118.998,2023-07-07 07:13:15,True,1.28584835936,103.756698894,0.0,0.0
HERTA,CQHO    ,9535151,PT,,CS,59307,255805590,1.28532002593,103.757773895,0.0,0.0,6.20115,0.0,2.07694180987,118.998,2023-07-07 07:13:25,True,1.28584835936,103.756698894,0.0,0.0
HERTA,CQHO    ,9535151,PT,,CS,59307,255805590,1.28532002593,103.757773895,0.0,0.0,6.20115,0.0,2.07694180987,118.998,2023-07-07 07:13:35,True,1.28584835936,103.756698894,0.0,0.0
HERTA,CQHO    ,9535151,PT,,CS,59307,255805590,1.28532002593,103.757773895,0.0,0.0,6.20115,0.0,2.07694180987,118.998,2023-07-07 07:13:45,True,1.28584835936,103.756698894,0.0,0.0
HERTA,CQHO    ,9535151,PT,,CS,59307,255805590,1.28532002593,103.757773895,0.0,0.0,6.20115,0.0,2.07694180987,118.998,2023-07-07 07:13:55,True,1.28584002636,103.756690558,0.0,0.0
HERTA,CQHO    ,9535151,PT,,CS,59307,255805590,1.28532002593,103.757773895,0.0,0.0,6.20115,0.0,2.07694180987,118.998,2023-07-07 07:14:05,True,1.28584002636,103.756690558,0.0,0.0
HERTA,CQHO    ,9535151,PT,,CS,59307,255805590,1.28532002593,103.757773895,0.0,0.0,6.20115,0.0,2.07694180987,118.998,2023-07-07 07:14:15,True,1.28584002636,103.756690558,0.0,0.0
HERTA,CQHO    ,9535151,PT,,CS,59307,255805590,1.28532002593,103.757773895,0.0,0.0,6.20115,0.0,2.07694180987,118.998,2023-07-07 07:14:25,True,1.28584002636,103.756690558,0.0,0.0
HERTA,CQHO    ,9535151,PT,,CS,59307,255805590,1.28532002593,103.757773895,0.0,0.0,6.20115,0.0,2.07694180987,118.998,2023-07-07 07:14:35,True,1.28584002636,103.756690558,0.0,0.0
HERTA,CQHO    ,9535151,PT,,CS,59307,255805590,1.28532002593,103.757773895,0.0,0.0,6.20115,0.0,2.07694180987,118.998,2023-07-07 07:14:45,True,1.28584002636,103.756690558,0.0,0.0
HERTA,CQHO    ,9535151,PT,,CS,59307,255805590,1.28532002593,103.757773895,0.0,0.0,6.20115,0.0,2.07694180987,118.998,2023-07-07 07:14:55,True,1.28584002636,103.756690558,0.0,0.0
HERTA,CQHO    ,9535151,PT,,CS,59307,255805590,1.28532002593,103.757773895,0.0,0.0,6.20115,0.0,2.07694180987,118.998,2023-07-07 07:15:05,True,1.28584002636,103.756690558,0.0,0.0
HERTA,CQHO    ,9535151,PT,,CS,59307,255805590,1.28532002593,103.757773895,0.0,0.0,6.20115,0.0,2.07694180987,118.998,2023-07-07 07:15:15,True,1.28584002636,103.756690558,0.0,0.0
HERTA,CQHO    ,9535151,PT,,CS,59307,255805590,1.28532002593,103.757773895,0.0,0.0,6.20115,0.0,2.07694180987,118.998,2023-07-07 07:15:25,True,1.28584002636,103.756690558,0.0,0.0
HERTA,CQHO    ,9535151,PT,,CS,59307,255805590,1.28532002593,103.757773895,0.0,0.0,6.20115,0.0,2.07694180987,118.998,2023-07-07 07:15:35,True,1.28584002636,103.756690558,0.0,0.0
HERTA,CQHO    ,9535151,PT,,CS,59307,255805590,1.28532002593,103.757773895,0.0,0.0,6.20115,0.0,2.07694180987,118.998,2023-07-07 07:15:45,True,1.28584002636,103.756690558,0.0,0.0
HERTA,CQHO    ,9535151,PT,,CS,59307,255805590,1.28532002593,103.757773895,0.0,0.0,6.20115,0.0,2.07694180987,118.998,2023-07-07 07:15:55,True,1.28584002636,103.756690558,0.0,0.0
HERTA,CQHO    ,9535151,PT,,CS,59307,255805590,1.2853183584,103.757758891,0.0,0.0,4.83107,0.0,2.07694180987,118.998,2023-07-07 07:16:05,True,1.28584002636,103.756690558,0.0,0.0
HERTA,CQHO    ,9535151,PT,,CS,59307,255805590,1.2853183584,103.757758891,0.0,0.0,4.83107,0.0,2.07694180987,118.998,2023-07-07 07:16:15,True,1.28584002636,103.756690558,0.0,0.0
HERTA,CQHO    ,9535151,PT,,CS,59307,255805590,1.2853183584,103.757758891,0.0,0.0,4.83107,0.0,2.07694180987,118.998,2023-07-07 07:16:25,True,1.28584002636,103.756690558,0.0,0.0
HERTA,CQHO    ,9535151,PT,,CS,59307,255805590,1.2853183584,103.757758891,0.0,0.0,4.83107,0.0,2.07694180987,118.998,2023-07-07 07:16:35,True,1.28584002636,103.756690558,0.0,0.0
HERTA,CQHO    ,9535151,PT,,CS,59307,255805590,1.2853183584,103.757758891,0.0,0.0,4.83107,0.0,2.07694180987,118.998,2023-07-07 07:16:45,True,1.28584002636,103.756690558,0.0,0.0
HERTA,CQHO    ,9535151,PT,,CS,59307,255805590,1.2853183584,103.757758891,0.0,0.0,4.83107,0.0,2.07694180987,118.998,2023-07-07 07:16:55,True,1.28583169312,103.756735556,0.0,0.0
HERTA,CQHO    ,9535151,PT,,CS,59307,255805590,1.2853183584,103.757758891,0.0,0.0,4.83107,0.0,2.07694180987,118.998,2023-07-07 07:17:05,True,1.28583169312,103.756735556,0.0,0.0
HERTA,CQHO    ,9535151,PT,,CS,59307,255805590,1.2853183584,103.757758891,0.0,0.0,4.83107,0.0,2.07694180987,118.998,2023-07-07 07:17:15,True,1.28583169312,103.756735556,0.0,0.0
HERTA,CQHO    ,9535151,PT,,CS,59307,255805590,1.2853183584,103.757758891,0.0,0.0,4.83107,0.0,2.07694180987,118.998,2023-07-07 07:17:25,True,1.28583169312,103.756735556,0.0,0.0
HERTA,CQHO    ,9535151,PT,,CS,59307,255805590,1.2853183584,103.757758891,0.0,0.0,4.83107,0.0,2.07694180987,118.998,2023-07-07 07:17:35,True,1.28583169312,103.756735556,0.0,0.0
HERTA,CQHO    ,9535151,PT,,CS,59307,255805590,1.2853183584,103.757758891,0.0,0.0,4.83107,0.0,2.07694180987,118.998,2023-07-07 07:17:45,True,1.28583169312,103.756735556,0.0,0.0
HERTA,CQHO    ,9535151,PT,,CS,59307,255805590,1.2853183584,103.757758891,0.0,0.0,4.83107,0.0,2.07694180987,118.998,2023-07-07 07:17:55,True,1.28583169312,103.756735556,0.0,0.0
HERTA,CQHO    ,9535151,PT,,CS,59307,255805590,1.2853183584,103.757758891,0.0,0.0,4.83107,0.0,2.07694180987,118.998,2023-07-07 07:18:05,True,1.28583169312,103.756735556,0.0,0.0
HERTA,CQHO    ,9535151,PT,,CS,59307,255805590,1.2853183584,103.757758891,0.0,0.0,4.83107,0.0,2.07694180987,118.998,2023-07-07 07:18:15,True,1.28583169312,103.756735556,0.0,0.0
HERTA,CQHO    ,9535151,PT,,CS,59307,255805590,1.2853183584,103.757758891,0.0,0.0,4.83107,0.0,2.07694180987,118.998,2023-07-07 07:18:25,True,1.28583169312,103.756735556,0.0,0.0
HERTA,CQHO    ,9535151,PT,,CS,59307,255805590,1.2853183584,103.757758891,0.0,0.0,4.83107,0.0,2.07694180987,118.998,2023-07-07 07:18:35,True,1.28583169312,103.756735556,0.0,0.0
HERTA,CQHO    ,9535151,PT,,CS,59307,255805590,1.2853183584,103.757758891,0.0,0.0,4.83107,0.0,2.07694180987,118.998,2023-07-07 07:18:45,True,1.28583169312,103.756735556,0.0,0.0
HERTA,CQHO    ,9535151,PT,,CS,59307,255805590,1.2853183584,103.757758891,0.0,0.0,4.83107,0.0,2.07694180987,118.998,2023-07-07 07:18:55,True,1.28583169312,103.756735556,0.0,0.0
HERTA,CQHO    ,9535151,PT,,CS,59307,255805590,1.28531169269,103.757758891,0.0,0.0,4.49946,0.0,2.07694180987,118.998,2023-07-07 07:19:05,True,1.28583169312,103.756735556,0.0,0.0
HERTA,CQHO    ,9535151,PT,,CS,59307,255805590,1.28531169269,103.757758891,0.0,0.0,4.49946,0.0,2.07694180987,118.998,2023-07-07 07:19:15,True,1.28583169312,103.756735556,0.0,0.0
HERTA,CQHO    ,9535151,PT,,CS,59307,255805590,1.28531169269,103.757758891,0.0,0.0,4.49946,0.0,2.07694180987,118.998,2023-07-07 07:19:25,True,1.28583169312,103.756735556,0.0,0.0
HERTA,CQHO    ,9535151,PT,,CS,59307,255805590,1.28531169269,103.757758891,0.0,0.0,4.49946,0.0,2.07694180987,118.998,2023-07-07 07:19:35,True,1.28583169312,103.756735556,0.0,0.0
HERTA,CQHO    ,9535151,PT,,CS,59307,255805590,1.28531169269,103.757758891,0.0,0.0,4.49946,0.0,2.07694180987,118.998,2023-07-07 07:19:45,True,1.28583169312,103.756735556,0.0,0.0
HERTA,CQHO    ,9535151,PT,,CS,59307,255805590,1.28531169269,103.757758891,0.0,0.0,4.49946,0.0,2.07694180987,118.998,2023-07-07 07:19:55,True,1.2858183595,103.756675563,0.0,0.0
HERTA,CQHO    ,9535151,PT,,CS,59307,255805590,1.28531169269,103.757758891,0.0,0.0,4.49946,0.0,2.07694180987,118.998,2023-07-07 07:20:05,True,1.2858183595,103.756675563,0.0,0.0
HERTA,CQHO    ,9535151,PT,,CS,59307,255805590,1.28531169269,103.757758891,0.0,0.0,4.49946,0.0,2.07694180987,118.998,2023-07-07 07:20:15,True,1.2858183595,103.756675563,0.0,0.0
HERTA,CQHO    ,9535151,PT,,CS,59307,255805590,1.28531169269,103.757758891,0.0,0.0,4.49946,0.0,2.07694180987,118.998,2023-07-07 07:20:25,True,1.2858183595,103.756675563,0.0,0.0
HERTA,CQHO    ,9535151,PT,,CS,59307,255805590,1.28531169269,103.757758891,0.0,0.0,4.49946,0.0,2.07694180987,118.998,2023-07-07 07:20:35,True,1.2858183595,103.756675563,0.0,0.0
HERTA,CQHO    ,9535151,PT,,CS,59307,255805590,1.28531169269,103.757758891,0.0,0.0,4.49946,0.0,2.07694180987,118.998,2023-07-07 07:20:45,True,1.2858183595,103.756675563,0.0,0.0
HERTA,CQHO    ,9535151,PT,,CS,59307,255805590,1.28531169269,103.757758891,0.0,0.0,4.49946,0.0,2.07694180987,118.998,2023-07-07 07:20:55,True,1.2858183595,103.756675563,0.0,0.0
HERTA,CQHO    ,9535151,PT,,CS,59307,255805590,1.28531169269,103.757758891,0.0,0.0,4.49946,0.0,2.07694180987,118.998,2023-07-07 07:21:05,True,1.2858183595,103.756675563,0.0,0.0
HERTA,CQHO    ,9535151,PT,,CS,59307,255805590,1.28531169269,103.757758891,0.0,0.0,4.49946,0.0,2.07694180987,118.998,2023-07-07 07:21:15,True,1.2858183595,103.756675563,0.0,0.0
HERTA,CQHO    ,9535151,PT,,CS,59307,255805590,1.28531169269,103.757758891,0.0,0.0,4.49946,0.0,2.07694180987,118.998,2023-07-07 07:21:25,True,1.2858183595,103.756675563,0.0,0.0
HERTA,CQHO    ,9535151,PT,,CS,59307,255805590,1.28531169269,103.757758891,0.0,0.0,4.49946,0.0,2.07694180987,118.998,2023-07-07 07:21:35,True,1.2858183595,103.756675563,0.0,0.0
HERTA,CQHO    ,9535151,PT,,CS,59307,255805590,1.28531169269,103.757758891,0.0,0.0,4.49946,0.0,2.07694180987,118.998,2023-07-07 07:21:45,True,1.2858183595,103.756675563,0.0,0.0
HERTA,CQHO    ,9535151,PT,,CS,59307,255805590,1.28531169269,103.757758891,0.0,0.0,4.49946,0.0,2.07694180987,118.998,2023-07-07 07:21:55,True,1.2858183595,103.756675563,0.0,0.0
HERTA,CQHO    ,9535151,PT,,CS,59307,255805590,1.28532002556,103.757763892,0.0,0.0,5.17141,0.0,2.07694180987,118.998,2023-07-07 07:22:05,True,1.2858183595,103.756675563,0.0,0.0
HERTA,CQHO    ,9535151,PT,,CS,59307,255805590,1.28532002556,103.757763892,0.0,0.0,5.17141,0.0,2.07694180987,118.998,2023-07-07 07:22:15,True,1.2858183595,103.756675563,0.0,0.0
HERTA,CQHO    ,9535151,PT,,CS,59307,255805590,1.28532002556,103.757763892,0.0,0.0,5.17141,0.0,2.07694180987,118.998,2023-07-07 07:22:25,True,1.2858183595,103.756675563,0.0,0.0
HERTA,CQHO    ,9535151,PT,,CS,59307,255805590,1.28532002556,103.757763892,0.0,0.0,5.17141,0.0,2.07694180987,118.998,2023-07-07 07:22:35,True,1.2858183595,103.756675563,0.0,0.0
HERTA,CQHO    ,9535151,PT,,CS,59307,255805590,1.28532002556,103.757763892,0.0,0.0,5.17141,0.0,2.07694180987,118.998,2023-07-07 07:22:45,True,1.2858183595,103.756675563,0.0,0.0
HERTA,CQHO    ,9535151,PT,,CS,59307,255805590,1.28532002556,103.757763892,0.0,0.0,5.17141,0.0,2.07694180987,118.998,2023-07-07 07:22:55,True,1.28583002578,103.756665559,0.0,0.0
HERTA,CQHO    ,9535151,PT,,CS,59307,255805590,1.28532002556,103.757763892,0.0,0.0,5.17141,0.0,2.07694180987,118.998,2023-07-07 07:23:05,True,1.28583002578,103.756665559,0.0,0.0
HERTA,CQHO    ,9535151,PT,,CS,59307,255805590,1.28532002556,103.757763892,0.0,0.0,5.17141,0.0,2.07694180987,118.998,2023-07-07 07:23:15,True,1.28583002578,103.756665559,0.0,0.0
HERTA,CQHO    ,9535151,PT,,CS,59307,255805590,1.28532002556,103.757763892,0.0,0.0,5.17141,0.0,2.07694180987,118.998,2023-07-07 07:23:25,True,1.28583002578,103.756665559,0.0,0.0
HERTA,CQHO    ,9535151,PT,,CS,59307,255805590,1.28532002556,103.757763892,0.0,0.0,5.17141,0.0,2.07694180987,118.998,2023-07-07 07:23:35,True,1.28583002578,103.756665559,0.0,0.0
HERTA,CQHO    ,9535151,PT,,CS,59307,255805590,1.28532002556,103.757763892,0.0,0.0,5.17141,0.0,2.07694180987,118.998,2023-07-07 07:23:45,True,1.28583002578,103.756665559,0.0,0.0
HERTA,CQHO    ,9535151,PT,,CS,59307,255805590,1.28532002556,103.757763892,0.0,0.0,5.17141,0.0,2.07694180987,118.998,2023-07-07 07:23:55,True,1.28583002578,103.756665559,0.0,0.0
HERTA,CQHO    ,9535151,PT,,CS,59307,255805590,1.28532002556,103.757763892,0.0,0.0,5.17141,0.0,2.07694180987,118.998,2023-07-07 07:24:05,True,1.28583002578,103.756665559,0.0,0.0
HERTA,CQHO    ,9535151,PT,,CS,59307,255805590,1.28532002556,103.757763892,0.0,0.0,5.17141,0.0,2.07694180987,118.998,2023-07-07 07:24:15,True,1.28583002578,103.756665559,0.0,0.0
HERTA,CQHO    ,9535151,PT,,CS,59307,255805590,1.28532002556,103.757763892,0.0,0.0,5.17141,0.0,2.07694180987,118.998,2023-07-07 07:24:25,True,1.28583002578,103.756665559,0.0,0.0
HERTA,CQHO    ,9535151,PT,,CS,59307,255805590,1.28532002556,103.757763892,0.0,0.0,5.17141,0.0,2.07694180987,118.998,2023-07-07 07:24:35,True,1.28583002578,103.756665559,0.0,0.0
HERTA,CQHO    ,9535151,PT,,CS,59307,255805590,1.28532002556,103.757763892,0.0,0.0,5.17141,0.0,2.07694180987,118.998,2023-07-07 07:24:45,True,1.28583002578,103.756665559,0.0,0.0
HERTA,CQHO    ,9535151,PT,,CS,59307,255805590,1.28531502481,103.757768894,0.0,0.0,4.17657,0.0,2.07694180987,118.998,2023-07-07 07:24:55,True,1.28583002578,103.756665559,0.0,0.0
HERTA,CQHO    ,9535151,PT,,CS,59307,255805590,1.28531502481,103.757768894,0.0,0.0,4.17657,0.0,2.07694180987,118.998,2023-07-07 07:25:05,True,1.28583002578,103.756665559,0.0,0.0
HERTA,CQHO    ,9535151,PT,,CS,59307,255805590,1.28531502481,103.757768894,0.0,0.0,4.17657,0.0,2.07694180987,118.998,2023-07-07 07:25:15,True,1.28583002578,103.756665559,0.0,0.0
HERTA,CQHO    ,9535151,PT,,CS,59307,255805590,1.28531502481,103.757768894,0.0,0.0,4.17657,0.0,2.07694180987,118.998,2023-07-07 07:25:25,True,1.28583002578,103.756665559,0.0,0.0
HERTA,CQHO    ,9535151,PT,,CS,59307,255805590,1.28531502481,103.757768894,0.0,0.0,4.17657,0.0,2.07694180987,118.998,2023-07-07 07:25:35,True,1.28583002578,103.756665559,0.0,0.0
HERTA,CQHO    ,9535151,PT,,CS,59307,255805590,1.28531502481,103.757768894,0.0,0.0,4.17657,0.0,2.07694180987,118.998,2023-07-07 07:25:45,True,1.28583002578,103.756665559,0.0,0.0
HERTA,CQHO    ,9535151,PT,,CS,59307,255805590,1.28531502481,103.757768894,0.0,0.0,4.17657,0.0,2.07694180987,118.998,2023-07-07 07:25:55,True,1.28583835883,103.756675562,0.0,0.0
HERTA,CQHO    ,9535151,PT,,CS,59307,255805590,1.28531502481,103.757768894,0.0,0.0,4.17657,0.0,2.07694180987,118.998,2023-07-07 07:26:05,True,1.28583835883,103.756675562,0.0,0.0
HERTA,CQHO    ,9535151,PT,,CS,59307,255805590,1.28531502481,103.757768894,0.0,0.0,4.17657,0.0,2.07694180987,118.998,2023-07-07 07:26:15,True,1.28583835883,103.756675562,0.0,0.0
HERTA,CQHO    ,9535151,PT,,CS,59307,255805590,1.28531502481,103.757768894,0.0,0.0,4.17657,0.0,2.07694180987,118.998,2023-07-07 07:26:25,True,1.28583835883,103.756675562,0.0,0.0
HERTA,CQHO    ,9535151,PT,,CS,59307,255805590,1.28531502481,103.757768894,0.0,0.0,4.17657,0.0,2.07694180987,118.998,2023-07-07 07:26:35,True,1.28583835883,103.756675562,0.0,0.0
HERTA,CQHO    ,9535151,PT,,CS,59307,255805590,1.28531502481,103.757768894,0.0,0.0,4.17657,0.0,2.07694180987,118.998,2023-07-07 07:26:45,True,1.28583835883,103.756675562,0.0,0.0
HERTA,CQHO    ,9535151,PT,,CS,59307,255805590,1.28531502481,103.757768894,0.0,0.0,4.17657,0.0,2.07694180987,118.998,2023-07-07 07:26:55,True,1.28583835883,103.756675562,0.0,0.0
HERTA,CQHO    ,9535151,PT,,CS,59307,255805590,1.28531502481,103.757768894,0.0,0.0,4.17657,0.0,2.07694180987,118.998,2023-07-07 07:27:05,True,1.28583835883,103.756675562,0.0,0.0
HERTA,CQHO    ,9535151,PT,,CS,59307,255805590,1.28531502481,103.757768894,0.0,0.0,4.17657,0.0,2.07694180987,118.998,2023-07-07 07:27:15,True,1.28583835883,103.756675562,0.0,0.0
HERTA,CQHO    ,9535151,PT,,CS,59307,255805590,1.28531502481,103.757768894,0.0,0.0,4.17657,0.0,2.07694180987,118.998,2023-07-07 07:27:25,True,1.28583835883,103.756675562,0.0,0.0
HERTA,CQHO    ,9535151,PT,,CS,59307,255805590,1.28531502481,103.757768894,0.0,0.0,4.17657,0.0,2.07694180987,118.998,2023-07-07 07:27:35,True,1.28583835883,103.756675562,0.0,0.0
HERTA,CQHO    ,9535151,PT,,CS,59307,255805590,1.28531502481,103.757768894,0.0,0.0,4.17657,0.0,2.07694180987,118.998,2023-07-07 07:27:45,True,1.28583835883,103.756675562,0.0,0.0
HERTA,CQHO    ,9535151,PT,,CS,59307,255805590,1.28531502481,103.757768894,0.0,0.0,4.17657,0.0,2.07694180987,118.998,2023-07-07 07:27:55,True,1.28583835883,103.756675562,0.0,0.0
HERTA,CQHO    ,9535151,PT,,CS,59307,255805590,1.28532669145,103.757768894,0.0,0.0,3.6809,0.0,2.07694180987,118.998,2023-07-07 07:28:05,True,1.28583835883,103.756675562,0.0,0.0
HERTA,CQHO    ,9535151,PT,,CS,59307,255805590,1.28532669145,103.757768894,0.0,0.0,3.6809,0.0,2.07694180987,118.998,2023-07-07 07:28:15,True,1.28583835883,103.756675562,0.0,0.0
HERTA,CQHO    ,9535151,PT,,CS,59307,255805590,1.28532669145,103.757768894,0.0,0.0,3.6809,0.0,2.07694180987,118.998,2023-07-07 07:28:25,True,1.28583835883,103.756675562,0.0,0.0
HERTA,CQHO    ,9535151,PT,,CS,59307,255805590,1.28532669145,103.757768894,0.0,0.0,3.6809,0.0,2.07694180987,118.998,2023-07-07 07:28:35,True,1.28583835883,103.756675562,0.0,0.0
HERTA,CQHO    ,9535151,PT,,CS,59307,255805590,1.28532669145,103.757768894,0.0,0.0,3.6809,0.0,2.07694180987,118.998,2023-07-07 07:28:45,True,1.28583835883,103.756675562,0.0,0.0
HERTA,CQHO    ,9535151,PT,,CS,59307,255805590,1.28532669145,103.757768894,0.0,0.0,3.6809,0.0,2.07694180987,118.998,2023-07-07 07:28:55,True,1.28582502588,103.756693893,0.0,0.0
HERTA,CQHO    ,9535151,PT,,CS,59307,255805590,1.28532669145,103.757768894,0.0,0.0,3.6809,0.0,2.07694180987,118.998,2023-07-07 07:29:05,True,1.28582502588,103.756693893,0.0,0.0
HERTA,CQHO    ,9535151,PT,,CS,59307,255805590,1.28532669145,103.757768894,0.0,0.0,3.6809,0.0,2.07694180987,118.998,2023-07-07 07:29:15,True,1.28582502588,103.756693893,0.0,0.0
HERTA,CQHO    ,9535151,PT,,CS,59307,255805590,1.28532669145,103.757768894,0.0,0.0,3.6809,0.0,2.07694180987,118.998,2023-07-07 07:29:25,True,1.28582502588,103.756693893,0.0,0.0
HERTA,CQHO    ,9535151,PT,,CS,59307,255805590,1.28532669145,103.757768894,0.0,0.0,3.6809,0.0,2.07694180987,118.998,2023-07-07 07:29:35,True,1.28582502588,103.756693893,0.0,0.0
HERTA,CQHO    ,9535151,PT,,CS,59307,255805590,1.28532669145,103.757768894,0.0,0.0,3.6809,0.0,2.07694180987,118.998,2023-07-07 07:29:45,True,1.28582502588,103.756693893,0.0,0.0
HERTA,CQHO    ,9535151,PT,,CS,59307,255805590,1.28532669145,103.757768894,0.0,0.0,3.6809,0.0,2.07694180987,118.998,2023-07-07 07:29:55,True,1.28582502588,103.756693893,0.0,0.0
HERTA,CQHO    ,9535151,PT,,CS,59307,255805590,1.28532669145,103.757768894,0.0,0.0,3.6809,0.0,2.07694180987,118.998,2023-07-07 07:30:05,True,1.28582502588,103.756693893,0.0,0.0
HERTA,CQHO    ,9535151,PT,,CS,59307,255805590,1.28532669145,103.757768894,0.0,0.0,3.6809,0.0,2.07694180987,118.998,2023-07-07 07:30:15,True,1.28582502588,103.756693893,0.0,0.0
HERTA,CQHO    ,9535151,PT,,CS,59307,255805590,1.28532669145,103.757768894,0.0,0.0,3.6809,0.0,2.07694180987,118.998,2023-07-07 07:30:25,True,1.28582502588,103.756693893,0.0,0.0
HERTA,CQHO    ,9535151,PT,,CS,59307,255805590,1.28532669145,103.757768894,0.0,0.0,3.6809,0.0,2.07694180987,118.998,2023-07-07 07:30:35,True,1.28582502588,103.756693893,0.0,0.0
HERTA,CQHO    ,9535151,PT,,CS,59307,255805590,1.28532669145,103.757768894,0.0,0.0,3.6809,0.0,2.07694180987,118.998,2023-07-07 07:30:45,True,1.28582502588,103.756693893,0.0,0.0
HERTA,CQHO    ,9535151,PT,,CS,59307,255805590,1.28532669145,103.757768894,0.0,0.0,3.6809,0.0,2.07694180987,118.998,2023-07-07 07:30:55,True,1.28582502588,103.756693893,0.0,0.0
HERTA,CQHO    ,9535151,PT,,CS,59307,255805590,1.28532169297,103.757775563,0.0,0.0,3.05607,0.0,2.07694180987,118.998,2023-07-07 07:31:05,True,1.28582502588,103.756693893,0.0,0.0
HERTA,CQHO    ,9535151,PT,,CS,59307,255805590,1.28532169297,103.757775563,0.0,0.0,3.05607,0.0,2.07694180987,118.998,2023-07-07 07:31:15,True,1.28582502588,103.756693893,0.0,0.0
HERTA,CQHO    ,9535151,PT,,CS,59307,255805590,1.28532169297,103.757775563,0.0,0.0,3.05607,0.0,2.07694180987,118.998,2023-07-07 07:31:25,True,1.28582502588,103.756693893,0.0,0.0
HERTA,CQHO    ,9535151,PT,,CS,59307,255805590,1.28532169297,103.757775563,0.0,0.0,3.05607,0.0,2.07694180987,118.998,2023-07-07 07:31:35,True,1.28582502588,103.756693893,0.0,0.0
HERTA,CQHO    ,9535151,PT,,CS,59307,255805590,1.28532169297,103.757775563,0.0,0.0,3.05607,0.0,2.07694180987,118.998,2023-07-07 07:31:45,True,1.28582502588,103.756693893,0.0,0.0
HERTA,CQHO    ,9535151,PT,,CS,59307,255805590,1.28532169297,103.757775563,0.0,0.0,3.05607,0.0,2.07694180987,118.998,2023-07-07 07:31:55,True,1.28583502653,103.756720559,0.0,0.0
HERTA,CQHO    ,9535151,PT,,CS,59307,255805590,1.28532169297,103.757775563,0.0,0.0,3.05607,0.0,2.07694180987,118.998,2023-07-07 07:32:05,True,1.28583502653,103.756720559,0.0,0.0
HERTA,CQHO    ,9535151,PT,,CS,59307,255805590,1.28532169297,103.757775563,0.0,0.0,3.05607,0.0,2.07694180987,118.998,2023-07-07 07:32:15,True,1.28583502653,103.756720559,0.0,0.0
HERTA,CQHO    ,9535151,PT,,CS,59307,255805590,1.28532169297,103.757775563,0.0,0.0,3.05607,0.0,2.07694180987,118.998,2023-07-07 07:32:25,True,1.28583502653,103.756720559,0.0,0.0
HERTA,CQHO    ,9535151,PT,,CS,59307,255805590,1.28532169297,103.757775563,0.0,0.0,3.05607,0.0,2.07694180987,118.998,2023-07-07 07:32:35,True,1.28583502653,103.756720559,0.0,0.0
HERTA,CQHO    ,9535151,PT,,CS,59307,255805590,1.28532169297,103.757775563,0.0,0.0,3.05607,0.0,2.07694180987,118.998,2023-07-07 07:32:45,True,1.28583502653,103.756720559,0.0,0.0
HERTA,CQHO    ,9535151,PT,,CS,59307,255805590,1.28532169297,103.757775563,0.0,0.0,3.05607,0.0,2.07694180987,118.998,2023-07-07 07:32:55,True,1.28583502653,103.756720559,0.0,0.0
HERTA,CQHO    ,9535151,PT,,CS,59307,255805590,1.28532169297,103.757775563,0.0,0.0,3.05607,0.0,2.07694180987,118.998,2023-07-07 07:33:05,True,1.28583502653,103.756720559,0.0,0.0
HERTA,CQHO    ,9535151,PT,,CS,59307,255805590,1.28532169297,103.757775563,0.0,0.0,3.05607,0.0,2.07694180987,118.998,2023-07-07 07:33:15,True,1.28583502653,103.756720559,0.0,0.0
HERTA,CQHO    ,9535151,PT,,CS,59307,255805590,1.28532169297,103.757775563,0.0,0.0,3.05607,0.0,2.07694180987,118.998,2023-07-07 07:33:25,True,1.28583502653,103.756720559,0.0,0.0
HERTA,CQHO    ,9535151,PT,,CS,59307,255805590,1.28532169297,103.757775563,0.0,0.0,3.05607,0.0,2.07694180987,118.998,2023-07-07 07:33:35,True,1.28583502653,103.756720559,0.0,0.0
HERTA,CQHO    ,9535151,PT,,CS,59307,255805590,1.28532169297,103.757775563,0.0,0.0,3.05607,0.0,2.07694180987,118.998,2023-07-07 07:33:45,True,1.28583502653,103.756720559,0.0,0.0
HERTA,CQHO    ,9535151,PT,,CS,59307,255805590,1.28532169297,103.757775563,0.0,0.0,3.05607,0.0,2.07694180987,118.998,2023-07-07 07:33:55,True,1.28583502653,103.756720559,0.0,0.0
HERTA,CQHO    ,9535151,PT,,CS,59307,255805590,1.28532169303,103.75777723,0.0,0.0,3.36674,0.0,2.07694180987,118.998,2023-07-07 07:34:05,True,1.28583502653,103.756720559,0.0,0.0
HERTA,CQHO    ,9535151,PT,,CS,59307,255805590,1.28532169303,103.75777723,0.0,0.0,3.36674,0.0,2.07694180987,118.998,2023-07-07 07:34:15,True,1.28583502653,103.756720559,0.0,0.0
HERTA,CQHO    ,9535151,PT,,CS,59307,255805590,1.28532169303,103.75777723,0.0,0.0,3.36674,0.0,2.07694180987,118.998,2023-07-07 07:34:25,True,1.28583502653,103.756720559,0.0,0.0
HERTA,CQHO    ,9535151,PT,,CS,59307,255805590,1.28532169303,103.75777723,0.0,0.0,3.36674,0.0,2.07694180987,118.998,2023-07-07 07:34:35,True,1.28583502653,103.756720559,0.0,0.0
HERTA,CQHO    ,9535151,PT,,CS,59307,255805590,1.28532169303,103.75777723,0.0,0.0,3.36674,0.0,2.07694180987,118.998,2023-07-07 07:34:45,True,1.28586669147,103.756692225,0.0,0.0
HERTA,CQHO    ,9535151,PT,,CS,59307,255805590,1.28532169303,103.75777723,0.0,0.0,3.36674,0.0,2.07694180987,118.998,2023-07-07 07:34:55,True,1.28586669147,103.756692225,0.0,0.0
HERTA,CQHO    ,9535151,PT,,CS,59307,255805590,1.28532169303,103.75777723,0.0,0.0,3.36674,0.0,2.07694180987,118.998,2023-07-07 07:35:05,True,1.28586669147,103.756692225,0.0,0.0
HERTA,CQHO    ,9535151,PT,,CS,59307,255805590,1.28532169303,103.75777723,0.0,0.0,3.36674,0.0,2.07694180987,118.998,2023-07-07 07:35:15,True,1.28586669147,103.756692225,0.0,0.0
HERTA,CQHO    ,9535151,PT,,CS,59307,255805590,1.28532169303,103.75777723,0.0,0.0,3.36674,0.0,2.07694180987,118.998,2023-07-07 07:35:25,True,1.28586669147,103.756692225,0.0,0.0
HERTA,CQHO    ,9535151,PT,,CS,59307,255805590,1.28532169303,103.75777723,0.0,0.0,3.36674,0.0,2.07694180987,118.998,2023-07-07 07:35:35,True,1.28586669147,103.756692225,0.0,0.0
HERTA,CQHO    ,9535151,PT,,CS,59307,255805590,1.28532169303,103.75777723,0.0,0.0,3.36674,0.0,2.07694180987,118.998,2023-07-07 07:35:45,True,1.28586669147,103.756692225,0.0,0.0
HERTA,CQHO    ,9535151,PT,,CS,59307,255805590,1.28532169303,103.75777723,0.0,0.0,3.36674,0.0,2.07694180987,118.998,2023-07-07 07:35:55,True,1.28586669147,103.756692225,0.0,0.0
HERTA,CQHO    ,9535151,PT,,CS,59307,255805590,1.28532169303,103.75777723,0.0,0.0,3.36674,0.0,2.07694180987,118.998,2023-07-07 07:36:05,True,1.28586669147,103.756692225,0.0,0.0
HERTA,CQHO    ,9535151,PT,,CS,59307,255805590,1.28532169303,103.75777723,0.0,0.0,3.36674,0.0,2.07694180987,118.998,2023-07-07 07:36:15,True,1.28586669147,103.756692225,0.0,0.0
HERTA,CQHO    ,9535151,PT,,CS,59307,255805590,1.28532169303,103.75777723,0.0,0.0,3.36674,0.0,2.07694180987,118.998,2023-07-07 07:36:25,True,1.2861727106,103.757094985,2.52078,0.0
HERTA,CQHO    ,9535151,PT,,CS,59307,255805590,1.28532169303,103.75777723,0.0,0.0,3.36674,0.0,2.07694180987,118.998,2023-07-07 07:36:35,True,1.28624073392,103.757263117,2.52078,0.0
HERTA,CQHO    ,9535151,PT,,CS,59307,255805590,1.28532169303,103.75777723,0.0,0.0,3.36674,0.0,2.07694180987,118.998,2023-07-07 07:36:45,True,1.28651844115,103.758039536,5.29878,0.0
HERTA,CQHO    ,9535151,PT,,CS,59307,255805590,1.28532169303,103.75777723,0.0,0.0,3.36674,0.0,2.07694180987,118.998,2023-07-07 07:36:55,True,1.28667715536,103.758409282,5.65889,0.0
HERTA,CQHO    ,9535151,PT,,CS,59307,255805590,1.28531835907,103.75777723,0.0,0.0,3.75246,0.0,2.07694180987,118.998,2023-07-07 07:37:05,True,1.28679001633,103.758803504,5.65889,0.0
HERTA,CQHO    ,9535151,PT,,CS,59307,255805590,1.28531835907,103.75777723,0.0,0.0,3.75246,0.0,2.07694180987,118.998,2023-07-07 07:37:15,True,1.28711190915,103.759550412,5.81322,0.0
HERTA,CQHO    ,9535151,PT,,CS,59307,255805590,1.28531835907,103.75777723,0.0,0.0,3.75246,0.0,2.07694180987,118.998,2023-07-07 07:37:25,True,1.28727778921,103.759958373,5.96756,0.0
HERTA,CQHO    ,9535151,PT,,CS,59307,255805590,1.28531835907,103.75777723,0.0,0.0,3.75246,0.0,2.07694180987,118.998,2023-07-07 07:37:35,True,1.28741682323,103.760307342,5.96756,0.0
HERTA,CQHO    ,9535151,PT,,CS,59307,255805590,1.28531835907,103.75777723,0.0,0.0,3.75246,0.0,2.07694180987,118.998,2023-07-07 07:37:45,True,1.28765484422,103.761140544,6.019,0.0
HERTA,CQHO    ,9535151,PT,,CS,59307,255805590,1.28531835907,103.75777723,0.0,0.0,3.75246,0.0,2.07694180987,118.998,2023-07-07 07:37:55,True,1.28774987457,103.761561969,6.019,0.0
HERTA,CQHO    ,9535151,PT,,CS,59307,255805590,1.28531835907,103.75777723,0.0,0.0,3.75246,0.0,2.07694180987,118.998,2023-07-07 07:38:05,True,1.28784976279,103.761934482,6.019,0.0
HERTA,CQHO    ,9535151,PT,,CS,59307,255805590,1.28531835907,103.75777723,0.0,0.0,3.75246,0.0,2.07694180987,118.998,2023-07-07 07:38:15,True,1.28809646319,103.762656824,5.45311,0.0
HERTA,CQHO    ,9535151,PT,,CS,59307,255805590,1.28531835907,103.75777723,0.0,0.0,3.75246,0.0,2.07694180987,118.998,2023-07-07 07:38:25,True,1.28819624809,103.762854429,5.45311,0.0
HERTA,CQHO    ,9535151,PT,,CS,59307,255805590,1.28531835907,103.75777723,0.0,0.0,3.75246,0.0,2.07694180987,118.998,2023-07-07 07:38:35,True,1.28831202198,103.763158849,4.52711,0.0
HERTA,CQHO    ,9535151,PT,,CS,59307,255805590,1.28531835907,103.75777723,0.0,0.0,3.75246,0.0,2.07694180987,118.998,2023-07-07 07:38:45,True,1.28849026093,103.763230024,2.00633,0.0
HERTA,CQHO    ,9535151,PT,,CS,59307,255805590,1.28531835907,103.75777723,0.0,0.0,3.75246,0.0,2.07694180987,118.998,2023-07-07 07:38:55,True,1.2884827993,103.763198602,0.823111,0.0
HERTA,CQHO    ,9535151,PT,,CS,59307,255805590,1.28531835907,103.75777723,0.0,0.0,3.75246,0.0,2.07694180987,118.998,2023-07-07 07:39:05,True,1.28851193185,103.763235306,0.823111,0.0
HERTA,CQHO    ,9535151,PT,,CS,59307,255805590,1.28531835907,103.75777723,0.0,0.0,3.75246,0.0,2.07694180987,118.998,2023-07-07 07:39:15,True,1.28848983675,103.763222329,0.823111,0.0
HERTA,CQHO    ,9535151,PT,,CS,59307,255805590,1.28531835907,103.75777723,0.0,0.0,3.75246,0.0,2.07694180987,118.998,2023-07-07 07:39:25,True,1.28848930279,103.763232674,0.823111,0.0
HERTA,CQHO    ,9535151,PT,,CS,59307,255805590,1.28531835907,103.75777723,0.0,0.0,3.75246,0.0,2.07694180987,118.998,2023-07-07 07:39:35,True,1.28849762257,103.763242634,0.205778,0.0
HERTA,CQHO    ,9535151,PT,,CS,59307,255805590,1.28531835907,103.75777723,0.0,0.0,3.75246,0.0,2.07694180987,118.998,2023-07-07 07:39:45,True,1.28848169145,103.763213897,0.0,0.0
HERTA,CQHO    ,9535151,PT,,CS,59307,255805590,1.28531835907,103.75777723,0.0,0.0,3.30042,0.0,2.07694180987,118.998,2023-07-07 07:39:55,True,1.28848169145,103.763213897,0.0,0.0
HERTA,CQHO    ,9535151,PT,,CS,59307,255805590,1.28531835931,103.75778389,0.0,0.0,3.30042,0.0,2.07694180987,118.998,2023-07-07 07:40:05,True,1.28848835982,103.763227225,0.0,0.0
HERTA,CQHO    ,9535151,PT,,CS,59307,255805590,1.28531835931,103.75778389,0.0,0.0,3.30042,0.0,2.07694180987,118.998,2023-07-07 07:40:15,True,1.28848335905,103.763232227,0.0,0.0
HERTA,CQHO    ,9535151,PT,,CS,59307,255805590,1.28531835931,103.75778389,0.0,0.0,3.30042,0.0,2.07694180987,118.998,2023-07-07 07:40:25,True,1.28848669301,103.763232227,0.0,0.0
HERTA,CQHO    ,9535151,PT,,CS,59307,255805590,1.28531835931,103.75778389,0.0,0.0,3.30042,0.0,2.07694180987,118.998,2023-07-07 07:40:35,True,1.28849335872,103.763232227,0.0,0.0
HERTA,CQHO    ,9535151,PT,,CS,59307,255805590,1.28531835931,103.75778389,0.0,0.0,3.30042,0.0,2.07694180987,118.998,2023-07-07 07:40:45,True,1.28848335854,103.763217222,0.0,0.0
HERTA,CQHO    ,9535151,PT,,CS,59307,255805590,1.28531835931,103.75778389,0.0,0.0,3.30042,0.0,2.07694180987,118.998,2023-07-07 07:40:55,True,1.28848335854,103.763217222,0.0,0.0
HERTA,CQHO    ,9535151,PT,,CS,59307,255805590,1.28531835931,103.75778389,0.0,0.0,3.30042,0.0,2.07694180987,118.998,2023-07-07 07:41:05,True,1.28849335844,103.763223891,0.0,0.0
HERTA,CQHO    ,9535151,PT,,CS,59307,255805590,1.28531835931,103.75778389,0.0,0.0,3.30042,0.0,2.07694180987,118.998,2023-07-07 07:41:15,True,1.28849335844,103.763223891,0.0,0.0
HERTA,CQHO    ,9535151,PT,,CS,59307,255805590,1.28531835931,103.75778389,0.0,0.0,3.30042,0.0,2.07694180987,118.998,2023-07-07 07:41:25,True,1.28849335849,103.763225558,0.0,0.0
HERTA,CQHO    ,9535151,PT,,CS,59307,255805590,1.28531835931,103.75778389,0.0,0.0,3.30042,0.0,2.07694180987,118.998,2023-07-07 07:41:35,True,1.28851169226,103.763202225,52.6277,0.0
HERTA,CQHO    ,9535151,PT,,CS,59307,255805590,1.28531835931,103.75778389,0.0,0.0,3.30042,0.0,2.07694180987,118.998,2023-07-07 07:41:45,True,1.28850835835,103.763203892,0.0,0.0
HERTA,CQHO    ,9535151,PT,,CS,59307,255805590,1.28531835931,103.75778389,0.0,0.0,3.30042,0.0,2.07694180987,118.998,2023-07-07 07:41:55,True,1.28850835835,103.763203892,0.0,0.0
HERTA,CQHO    ,9535151,PT,,CS,59307,255805590,1.28531835931,103.75778389,0.0,0.0,3.30042,0.0,2.07694180987,118.998,2023-07-07 07:42:05,True,1.28851002528,103.763202225,0.0,0.0
HERTA,CQHO    ,9535151,PT,,CS,59307,255805590,1.28531835931,103.75778389,0.0,0.0,3.30042,0.0,2.07694180987,118.998,2023-07-07 07:42:15,True,1.28850669341,103.763198891,0.0,0.0
HERTA,CQHO    ,9535151,PT,,CS,59307,255805590,1.28531835931,103.75778389,0.0,0.0,3.30042,0.0,2.07694180987,118.998,2023-07-07 07:42:25,True,1.28850502655,103.763202225,0.0,0.0
HERTA,CQHO    ,9535151,PT,,CS,59307,255805590,1.28531835931,103.75778389,0.0,0.0,3.30042,0.0,2.07694180987,118.998,2023-07-07 07:42:35,True,1.28850002595,103.763212229,0.0,0.0
HERTA,CQHO    ,9535151,PT,,CS,59307,255805590,1.28531835931,103.75778389,0.0,0.0,3.30042,0.0,2.07694180987,118.998,2023-07-07 07:42:45,True,1.28850835841,103.76320556,0.0,0.0
HERTA,CQHO    ,9535151,PT,,CS,59307,255805590,1.28531835931,103.75778389,0.0,0.0,3.30042,0.0,2.07694180987,118.998,2023-07-07 07:42:55,True,1.28850835841,103.76320556,0.0,0.0
HERTA,CQHO    ,9535151,PT,,CS,59307,255805590,1.28531502535,103.75778389,0.0,0.0,3.55873,0.0,2.07694180987,118.998,2023-07-07 07:43:05,True,1.28850835841,103.76320556,0.0,0.0
HERTA,CQHO    ,9535151,PT,,CS,59307,255805590,1.28531502535,103.75778389,0.0,0.0,3.55873,0.0,2.07694180987,118.998,2023-07-07 07:43:15,True,1.28850835841,103.76320556,0.0,0.0
HERTA,CQHO    ,9535151,PT,,CS,59307,255805590,1.28531502535,103.75778389,0.0,0.0,3.55873,0.0,2.07694180987,118.998,2023-07-07 07:43:25,True,1.28850835841,103.76320556,0.0,0.0
HERTA,CQHO    ,9535151,PT,,CS,59307,255805590,1.28531502535,103.75778389,0.0,0.0,3.55873,0.0,2.07694180987,118.998,2023-07-07 07:43:35,True,1.28850835841,103.76320556,0.0,0.0
HERTA,CQHO    ,9535151,PT,,CS,59307,255805590,1.28531502535,103.75778389,0.0,0.0,3.55873,0.0,2.07694180987,118.998,2023-07-07 07:43:45,True,1.28850835841,103.76320556,0.0,0.0
HERTA,CQHO    ,9535151,PT,,CS,59307,255805590,1.28531502535,103.75778389,0.0,0.0,3.55873,0.0,2.07694180987,118.998,2023-07-07 07:43:55,True,1.28850835841,103.76320556,0.0,0.0
HERTA,CQHO    ,9535151,PT,,CS,59307,255805590,1.28531502535,103.75778389,0.0,0.0,3.55873,0.0,2.07694180987,118.998,2023-07-07 07:44:05,True,1.28850835841,103.76320556,0.0,0.0
HERTA,CQHO    ,9535151,PT,,CS,59307,255805590,1.28531502535,103.75778389,0.0,0.0,3.55873,0.0,2.07694180987,118.998,2023-07-07 07:44:15,True,1.28790622647,103.762972644,2.10922,0.0
HERTA,CQHO    ,9535151,PT,,CS,59307,255805590,1.28531502535,103.75778389,0.0,0.0,3.55873,0.0,2.07694180987,118.998,2023-07-07 07:44:25,True,1.2877691438,103.762920746,2.10922,0.0
HERTA,CQHO    ,9535151,PT,,CS,59307,255805590,1.28531502535,103.75778389,0.0,0.0,3.55873,0.0,2.07694180987,118.998,2023-07-07 07:44:35,True,1.28759095379,103.762860557,2.36644,0.0
HERTA,CQHO    ,9535151,PT,,CS,59307,255805590,1.28531502535,103.75778389,0.0,0.0,3.55873,0.0,2.07694180987,118.998,2023-07-07 07:44:45,True,1.28753556054,103.762832435,0.720222,0.0
HERTA,CQHO    ,9535151,PT,,CS,59307,255805590,1.28531502535,103.75778389,0.0,0.0,3.55873,0.0,2.07694180987,118.998,2023-07-07 07:44:55,True,1.28749340634,103.762815168,0.720222,0.0
HERTA,CQHO    ,9535151,PT,,CS,59307,255805590,1.28531502535,103.75778389,0.0,0.0,3.55873,0.0,2.07694180987,118.998,2023-07-07 07:45:05,True,1.28754097378,103.762815825,0.102889,0.0
HERTA,CQHO    ,9535151,PT,,CS,59307,255805590,1.28531502535,103.75778389,0.0,0.0,3.55873,0.0,2.07694180987,118.998,2023-07-07 07:45:15,True,1.28753179284,103.762803812,0.154333,0.0
HERTA,CQHO    ,9535151,PT,,CS,59307,255805590,1.28531502535,103.75778389,0.0,0.0,3.55873,0.0,2.07694180987,118.998,2023-07-07 07:45:25,True,1.28752607848,103.762795941,0.154333,0.0
HERTA,CQHO    ,9535151,PT,,CS,59307,255805590,1.28531502535,103.75778389,0.0,0.0,3.55873,0.0,2.07694180987,118.998,2023-07-07 07:45:35,True,1.28753541298,103.762779137,0.154333,0.0
HERTA,CQHO    ,9535151,PT,,CS,59307,255805590,1.28531502535,103.75778389,0.0,0.0,3.55873,0.0,2.07694180987,118.998,2023-07-07 07:45:45,True,1.28753334365,103.762764273,0.102889,0.0
HERTA,CQHO    ,9535151,PT,,CS,59307,255805590,1.28531502535,103.75778389,0.0,0.0,3.55873,0.0,2.07694180987,118.998,2023-07-07 07:45:55,True,1.28753332135,103.762757806,0.102889,0.0
HERTA,CQHO    ,9535151,PT,,CS,59307,255805590,1.28532169309,103.757778897,0.0,0.0,3.55873,0.0,2.07694180987,118.998,2023-07-07 07:46:05,True,1.2875332946,103.762750409,0.102889,0.0
HERTA,CQHO    ,9535151,PT,,CS,59307,255805590,1.28532169309,103.757778897,0.0,0.0,4.59545,0.0,2.07694180987,118.998,2023-07-07 07:46:15,True,1.28752766448,103.762752655,0.0514444,0.0
HERTA,CQHO    ,9535151,PT,,CS,59307,255805590,1.28532169309,103.757778897,0.0,0.0,4.59545,0.0,2.07694180987,118.998,2023-07-07 07:46:25,True,1.28751946855,103.762748795,0.102889,0.0
HERTA,CQHO    ,9535151,PT,,CS,59307,255805590,1.28532169309,103.757778897,0.0,0.0,4.59545,0.0,2.07694180987,118.998,2023-07-07 07:46:35,True,1.28751027449,103.762740468,0.0514444,0.0
HERTA,CQHO    ,9535151,PT,,CS,59307,255805590,1.28532169309,103.757778897,0.0,0.0,4.59545,0.0,2.07694180987,118.998,2023-07-07 07:46:45,True,1.2874991508,103.762735028,0.102889,0.0
HERTA,CQHO    ,9535151,PT,,CS,59307,255805590,1.28532169309,103.757778897,0.0,0.0,4.59545,0.0,2.07694180987,118.998,2023-07-07 07:46:55,True,1.28749559365,103.762729605,0.102889,0.0
HERTA,CQHO    ,9535151,PT,,CS,59307,255805590,1.28532169309,103.757778897,0.0,0.0,4.59545,0.0,2.07694180987,118.998,2023-07-07 07:47:05,True,1.28748019302,103.762717996,0.154333,0.0
HERTA,CQHO    ,9535151,PT,,CS,59307,255805590,1.28532169309,103.757778897,0.0,0.0,4.59545,0.0,2.07694180987,118.998,2023-07-07 07:47:15,True,1.28746001237,103.762710538,0.154333,0.0
HERTA,CQHO    ,9535151,PT,,CS,59307,255805590,1.28532169309,103.757778897,0.0,0.0,4.59545,0.0,2.07694180987,118.998,2023-07-07 07:47:25,True,1.28745222042,103.762704686,0.154333,0.0
HERTA,CQHO    ,9535151,PT,,CS,59307,255805590,1.28532169309,103.757778897,0.0,0.0,4.59545,0.0,2.07694180987,118.998,2023-07-07 07:47:35,True,1.28742604952,103.762692209,0.205778,0.0
HERTA,CQHO    ,9535151,PT,,CS,59307,255805590,1.28532169309,103.757778897,0.0,0.0,4.59545,0.0,2.07694180987,118.998,2023-07-07 07:47:45,True,1.28737138366,103.762692632,0.257222,0.0
HERTA,CQHO    ,9535151,PT,,CS,59307,255805590,1.28532169309,103.757778897,0.0,0.0,4.59545,0.0,2.07694180987,118.998,2023-07-07 07:47:55,True,1.28735546886,103.76268921,0.257222,0.0
HERTA,CQHO    ,9535151,PT,,CS,59307,255805590,1.28532169309,103.757778897,0.0,0.0,4.59545,0.0,2.07694180987,118.998,2023-07-07 07:48:05,True,1.28730149863,103.762693819,0.257222,0.0
HERTA,CQHO    ,9535151,PT,,CS,59307,255805590,1.28532169309,103.757778897,0.0,0.0,4.59545,0.0,2.07694180987,118.998,2023-07-07 07:48:15,True,1.28728528583,103.762692293,0.308667,0.0
HERTA,CQHO    ,9535151,PT,,CS,59307,255805590,1.28532169309,103.757778897,0.0,0.0,4.59545,0.0,2.07694180987,118.998,2023-07-07 07:48:25,True,1.28726715896,103.762696716,0.308667,0.0
HERTA,CQHO    ,9535151,PT,,CS,59307,255805590,1.28532169309,103.757778897,0.0,0.0,4.59545,0.0,2.07694180987,118.998,2023-07-07 07:48:35,True,1.28720897581,103.762695103,0.360111,0.0
HERTA,CQHO    ,9535151,PT,,CS,59307,255805590,1.28532169309,103.757778897,0.0,0.0,4.59545,0.0,2.07694180987,118.998,2023-07-07 07:48:45,True,1.28718292455,103.762694657,0.360111,0.0
HERTA,CQHO    ,9535151,PT,,CS,59307,255805590,1.28532169309,103.757778897,0.0,0.0,4.59545,0.0,2.07694180987,118.998,2023-07-07 07:48:55,True,1.28716013218,103.762694263,0.360111,0.0
HERTA,CQHO    ,9535151,PT,,CS,59307,255805590,1.28534002686,103.757757223,0.0,0.0,4.59545,0.0,2.07694180987,118.998,2023-07-07 07:49:05,True,1.28711128856,103.762693413,0.360111,0.0
HERTA,CQHO    ,9535151,PT,,CS,59307,255805590,1.28534002686,103.757757223,0.0,0.0,4.96372,0.0,2.07694180987,118.998,2023-07-07 07:49:15,True,1.28708523951,103.762692958,0.360111,0.0
HERTA,CQHO    ,9535151,PT,,CS,59307,255805590,1.28534002686,103.757757223,0.0,0.0,4.96372,0.0,2.07694180987,118.998,2023-07-07 07:49:25,True,1.28706244493,103.762692564,0.360111,0.0
HERTA,CQHO    ,9535151,PT,,CS,59307,255805590,1.28534002686,103.757757223,0.0,0.0,4.96372,0.0,2.07694180987,118.998,2023-07-07 07:49:35,True,1.28701034683,103.762691662,0.360111,0.0
HERTA,CQHO    ,9535151,PT,,CS,59307,255805590,1.28534002686,103.757757223,0.0,0.0,4.96372,0.0,2.07694180987,118.998,2023-07-07 07:49:45,True,1.28698755226,103.762691267,0.360111,0.0
HERTA,CQHO    ,9535151,PT,,CS,59307,255805590,1.28534002686,103.757757223,0.0,0.0,4.96372,0.0,2.07694180987,118.998,2023-07-07 07:49:55,True,1.28696475768,103.762690873,0.360111,0.0
HERTA,CQHO    ,9535151,PT,,CS,59307,255805590,1.28534002686,103.757757223,0.0,0.0,4.96372,0.0,2.07694180987,118.998,2023-07-07 07:50:05,True,1.28691591627,103.762690024,0.360111,0.0
HERTA,CQHO    ,9535151,PT,,CS,59307,255805590,1.28534002686,103.757757223,0.0,0.0,4.96372,0.0,2.07694180987,118.998,2023-07-07 07:50:15,True,1.28689312169,103.76268963,0.360111,0.0
HERTA,CQHO    ,9535151,PT,,CS,59307,255805590,1.28534002686,103.757757223,0.0,0.0,4.96372,0.0,2.07694180987,118.998,2023-07-07 07:50:25,True,1.28684753475,103.762688842,0.360111,0.0
HERTA,CQHO    ,9535151,PT,,CS,59307,255805590,1.28534002686,103.757757223,0.0,0.0,4.96372,0.0,2.07694180987,118.998,2023-07-07 07:50:35,True,1.2868249732,103.762594873,0.463,0.0
HERTA,CQHO    ,9535151,PT,,CS,59307,255805590,1.28534002686,103.757757223,0.0,0.0,4.96372,0.0,2.07694180987,118.998,2023-07-07 07:50:45,True,1.28679153432,103.762596849,0.463,0.0
HERTA,CQHO    ,9535151,PT,,CS,59307,255805590,1.28534002686,103.757757223,0.0,0.0,4.96372,0.0,2.07694180987,118.998,2023-07-07 07:50:55,True,1.28672883616,103.762600554,0.463,0.0
HERTA,CQHO    ,9535151,PT,,CS,59307,255805590,1.28534002686,103.757757223,0.0,0.0,4.96372,0.0,2.07694180987,118.998,2023-07-07 07:51:05,True,1.28669957687,103.762602275,0.463,0.0
HERTA,CQHO    ,9535151,PT,,CS,59307,255805590,1.28534002686,103.757757223,0.0,0.0,4.96372,0.0,2.07694180987,118.998,2023-07-07 07:51:15,True,1.286666138,103.76260425,0.463,0.0
HERTA,CQHO    ,9535151,PT,,CS,59307,255805590,1.28534002686,103.757757223,0.0,0.0,4.96372,0.0,2.07694180987,118.998,2023-07-07 07:51:25,True,1.28660762163,103.762607709,0.463,0.0
HERTA,CQHO    ,9535151,PT,,CS,59307,255805590,1.28534002686,103.757757223,0.0,0.0,4.96372,0.0,2.07694180987,118.998,2023-07-07 07:51:35,True,1.28657418275,103.762609685,0.463,0.0
HERTA,CQHO    ,9535151,PT,,CS,59307,255805590,1.28534002686,103.757757223,0.0,0.0,4.96372,0.0,2.07694180987,118.998,2023-07-07 07:51:45,True,1.28654074388,103.762611651,0.463,0.0
HERTA,CQHO    ,9535151,PT,,CS,59307,255805590,1.28534002686,103.757757223,0.0,0.0,4.96372,0.0,2.07694180987,118.998,2023-07-07 07:51:55,True,1.28651148459,103.762613381,0.463,0.0
HERTA,CQHO    ,9535151,PT,,CS,59307,255805590,1.28532169266,103.757767226,0.0,0.0,4.30049,0.0,2.07694180987,118.998,2023-07-07 07:52:05,True,1.28644460684,103.762617332,0.463,0.0
HERTA,CQHO    ,9535151,PT,,CS,59307,255805590,1.28532169266,103.757767226,0.0,0.0,4.30049,0.0,2.07694180987,118.998,2023-07-07 07:52:15,True,1.28641534755,103.762619053,0.463,0.0
HERTA,CQHO    ,9535151,PT,,CS,59307,255805590,1.28532169266,103.757767226,0.0,0.0,4.30049,0.0,2.07694180987,118.998,2023-07-07 07:52:25,True,1.28638190868,103.762621028,0.463,0.0
HERTA,CQHO    ,9535151,PT,,CS,59307,255805590,1.28532169266,103.757767226,0.0,0.0,4.30049,0.0,2.07694180987,118.998,2023-07-07 07:52:35,True,1.28631921272,103.762624733,0.463,0.0
HERTA,CQHO    ,9535151,PT,,CS,59307,255805590,1.28532169266,103.757767226,0.0,0.0,4.30049,0.0,2.07694180987,118.998,2023-07-07 07:52:45,True,1.28628577385,103.762626709,0.463,0.0
HERTA,CQHO    ,9535151,PT,,CS,59307,255805590,1.28532169266,103.757767226,0.0,0.0,4.30049,0.0,2.07694180987,118.998,2023-07-07 07:52:55,True,1.28625233498,103.762628676,0.463,0.0
HERTA,CQHO    ,9535151,PT,,CS,59307,255805590,1.28532169266,103.757767226,0.0,0.0,4.30049,0.0,2.07694180987,118.998,2023-07-07 07:53:05,True,1.28618963681,103.762632381,0.463,0.0
HERTA,CQHO    ,9535151,PT,,CS,59307,255805590,1.28532169266,103.757767226,0.0,0.0,4.30049,0.0,2.07694180987,118.998,2023-07-07 07:53:15,True,1.28616037752,103.76263411,0.463,0.0
HERTA,CQHO    ,9535151,PT,,CS,59307,255805590,1.28532169266,103.757767226,0.0,0.0,4.30049,0.0,2.07694180987,118.998,2023-07-07 07:53:25,True,1.28612694086,103.762636077,0.463,0.0
HERTA,CQHO    ,9535151,PT,,CS,59307,255805590,1.28532169266,103.757767226,0.0,0.0,4.30049,0.0,2.07694180987,118.998,2023-07-07 07:53:35,True,1.28606218602,103.762736191,0.411556,0.0
HERTA,CQHO    ,9535151,PT,,CS,59307,255805590,1.28532169266,103.757767226,0.0,0.0,4.30049,0.0,2.07694180987,118.998,2023-07-07 07:53:45,True,1.28603267731,103.762740149,0.411556,0.0
HERTA,CQHO    ,9535151,PT,,CS,59307,255805590,1.28532169266,103.757767226,0.0,0.0,4.30049,0.0,2.07694180987,118.998,2023-07-07 07:53:55,True,1.28600686023,103.762743616,0.411556,0.0
HERTA,CQHO    ,9535151,PT,,CS,59307,255805590,1.28532169266,103.757767226,0.0,0.0,4.30049,0.0,2.07694180987,118.998,2023-07-07 07:54:05,True,1.28597735152,103.762747583,0.411556,0.0
HERTA,CQHO    ,9535151,PT,,CS,59307,255805590,1.28532169266,103.757767226,0.0,0.0,4.30049,0.0,2.07694180987,118.998,2023-07-07 07:54:15,True,1.28592202573,103.762755017,0.411556,0.0
HERTA,CQHO    ,9535151,PT,,CS,59307,255805590,1.28532169266,103.757767226,0.0,0.0,4.30049,0.0,2.07694180987,118.998,2023-07-07 07:54:25,True,1.28589251923,103.762758976,0.411556,0.0
HERTA,CQHO    ,9535151,PT,,CS,59307,255805590,1.28532169266,103.757767226,0.0,0.0,4.30049,0.0,2.07694180987,118.998,2023-07-07 07:54:35,True,1.28583719344,103.76276641,0.411556,0.0
HERTA,CQHO    ,9535151,PT,,CS,59307,255805590,1.28532169266,103.757767226,0.0,0.0,4.30049,0.0,2.07694180987,118.998,2023-07-07 07:54:45,True,1.28580768473,103.762770377,0.411556,0.0
HERTA,CQHO    ,9535151,PT,,CS,59307,255805590,1.28532169266,103.757767226,0.0,0.0,4.30049,0.0,2.07694180987,118.998,2023-07-07 07:54:55,True,1.28577817823,103.762774336,0.411556,0.0
HERTA,CQHO    ,9535151,PT,,CS,59307,255805590,1.28532169303,103.75777723,0.0,0.0,3.70882,0.0,2.07694180987,118.998,2023-07-07 07:55:05,True,1.28575235893,103.762777811,0.411556,0.0
HERTA,CQHO    ,9535151,PT,,CS,59307,255805590,1.28532169303,103.75777723,0.0,0.0,3.70882,0.0,2.07694180987,118.998,2023-07-07 07:55:15,True,1.28569334593,103.762785737,0.411556,0.0
HERTA,CQHO    ,9535151,PT,,CS,59307,255805590,1.28532169303,103.75777723,0.0,0.0,3.70882,0.0,2.07694180987,118.998,2023-07-07 07:55:25,True,1.28566752664,103.762789204,0.411556,0.0
HERTA,CQHO    ,9535151,PT,,CS,59307,255805590,1.28532169303,103.75777723,0.0,0.0,3.70882,0.0,2.07694180987,118.998,2023-07-07 07:55:35,True,1.28563802014,103.762793171,0.411556,0.0
HERTA,CQHO    ,9535151,PT,,CS,59307,255805590,1.28532169303,103.75777723,0.0,0.0,3.70882,0.0,2.07694180987,118.998,2023-07-07 07:55:45,True,1.28557900493,103.762801097,0.411556,0.0
HERTA,CQHO    ,9535151,PT,,CS,59307,255805590,1.28532169303,103.75777723,0.0,0.0,3.70882,0.0,2.07694180987,118.998,2023-07-07 07:55:55,True,1.28555318564,103.762804564,0.411556,0.0
HERTA,CQHO    ,9535151,PT,,CS,59307,255805590,1.28532169303,103.75777723,0.0,0.0,3.70882,0.0,2.07694180987,118.998,2023-07-07 07:56:05,True,1.28552736635,103.762808031,0.411556,0.0
HERTA,CQHO    ,9535151,PT,,CS,59307,255805590,1.28532169303,103.75777723,0.0,0.0,3.70882,0.0,2.07694180987,118.998,2023-07-07 07:56:15,True,1.28547204055,103.762815465,0.411556,0.0
HERTA,CQHO    ,9535151,PT,,CS,59307,255805590,1.28532169303,103.75777723,0.0,0.0,3.70882,0.0,2.07694180987,118.998,2023-07-07 07:56:25,True,1.28544253405,103.762819432,0.411556,0.0
HERTA,CQHO    ,9535151,PT,,CS,59307,255805590,1.28532169303,103.75777723,0.0,0.0,3.70882,0.0,2.07694180987,118.998,2023-07-07 07:56:35,True,1.28609169252,103.762732224,0.411556,0.0
HERTA,CQHO    ,9535151,PT,,CS,59307,255805590,1.28532169303,103.75777723,0.0,0.0,3.70882,0.0,2.07694180987,118.998,2023-07-07 07:56:45,True,1.28535265155,103.763003635,0.463,0.0
HERTA,CQHO    ,9535151,PT,,CS,59307,255805590,1.28532169303,103.75777723,0.0,0.0,3.70882,0.0,2.07694180987,118.998,2023-07-07 07:56:55,True,1.28529344505,103.763034788,0.463,0.0
HERTA,CQHO    ,9535151,PT,,CS,59307,255805590,1.28532169303,103.75777723,0.0,0.0,3.70882,0.0,2.07694180987,118.998,2023-07-07 07:57:05,True,1.28526754,103.763048407,0.463,0.0
HERTA,CQHO    ,9535151,PT,,CS,59307,255805590,1.28532169303,103.75777723,0.0,0.0,3.70882,0.0,2.07694180987,118.998,2023-07-07 07:57:15,True,1.28523793674,103.763063984,0.463,0.0
HERTA,CQHO    ,9535151,PT,,CS,59307,255805590,1.28532169303,103.75777723,0.0,0.0,3.70882,0.0,2.07694180987,118.998,2023-07-07 07:57:25,True,1.28518242954,103.763093188,0.463,0.0
HERTA,CQHO    ,9535151,PT,,CS,59307,255805590,1.28532169303,103.75777723,0.0,0.0,3.70882,0.0,2.07694180987,118.998,2023-07-07 07:57:35,True,1.28515652559,103.763106816,0.463,0.0
HERTA,CQHO    ,9535151,PT,,CS,59307,255805590,1.28532169303,103.75777723,0.0,0.0,3.70882,0.0,2.07694180987,118.998,2023-07-07 07:57:45,True,1.28512692123,103.763122384,0.463,0.0
HERTA,CQHO    ,9535151,PT,,CS,59307,255805590,1.28532169303,103.75777723,0.0,0.0,3.70882,0.0,2.07694180987,118.998,2023-07-07 07:57:55,True,1.28506771362,103.763153536,0.463,0.0
