name,callsign,imonumber,flag,length,type,grosstonnage,mmsinumber,latitudedegrees,longitudedegrees,speedoverground,speedoverwater,courseoverground,courseoverwater,headingoverground,headingoverwater,timestamp,is_stopped,lat_tug_9679268,lon_tug_9679268,sog_tug_9679268,heading_tug_9679268
CMA CGM SYMI,9HA5600 ,9867839,MT,,CS,150844,229779000,1.27447997936,103.758824586,0.514444,0.975996,3.91128,224.193,5.27089434102,301.998,2023-07-13 19:14:39,False,1.27353473871,103.757349548,0.463,0.0
CMA CGM SYMI,9HA5600 ,9867839,MT,,CS,150844,229779000,1.27445173695,103.758799175,0.514444,0.989644,3.91128,225.0,5.27089434102,301.998,2023-07-13 19:14:49,False,1.27348242521,103.757299358,0.514444,0.0
CMA CGM SYMI,9HA5600 ,9867839,MT,,CS,150844,229779000,1.27441438685,103.758757365,0.565889,1.08595,3.91477,224.275,5.2534410485,300.998,2023-07-13 19:15:00,False,1.27345275861,103.757271947,0.514444,0.0
CMA CGM SYMI,9HA5600 ,9867839,MT,,CS,150844,229779000,1.2743890192,103.758733261,0.565889,1.08595,3.91303,224.275,5.2534410485,300.998,2023-07-13 19:15:09,False,1.27338186087,103.757231858,0.514444,0.0
CMA CGM SYMI,9HA5600 ,9867839,MT,,CS,150844,229779000,1.27433469603,103.758684905,0.565889,1.08664,3.87812,222.825,5.23598775598,299.998,2023-07-13 19:15:19,False,1.27335711385,103.757213791,0.514444,0.0
CMA CGM SYMI,9HA5600 ,9867839,MT,,CS,150844,229779000,1.27430557129,103.758667146,0.617333,1.19353,3.79086,217.057,5.23598775598,299.998,2023-07-13 19:15:29,False,1.2732780713,103.75716412,0.617333,0.0
CMA CGM SYMI,9HA5600 ,9867839,MT,,CS,150844,229779000,1.27427444265,103.758643675,0.617333,1.19353,3.72977,217.057,5.23598775598,299.998,2023-07-13 19:15:39,False,1.27324500199,103.757143422,0.617333,0.0
CMA CGM SYMI,9HA5600 ,9867839,MT,,CS,150844,229779000,1.27420146467,103.758608166,0.617333,1.18686,3.69137,211.608,5.21853446346,298.998,2023-07-13 19:15:49,False,1.27321571683,103.757101427,0.617333,0.0
CMA CGM SYMI,9HA5600 ,9867839,MT,,CS,150844,229779000,1.27415935219,103.758584678,0.617333,1.28367,3.69137,212.005,5.21853446346,298.998,2023-07-13 19:16:00,False,1.27313832451,103.757031486,0.668778,0.0
CMA CGM SYMI,9HA5600 ,9867839,MT,,CS,150844,229779000,1.27409435457,103.758544518,0.668778,1.29408,3.71406,212.735,5.20108117094,297.999,2023-07-13 19:16:09,False,1.27310560935,103.757004795,0.668778,0.0
CMA CGM SYMI,9HA5600 ,9867839,MT,,CS,150844,229779000,1.27406975001,103.758527399,0.668778,1.27777,3.72279,213.207,5.20108117094,297.999,2023-07-13 19:16:19,False,1.27302029472,103.756972568,0.668778,0.0
CMA CGM SYMI,9HA5600 ,9867839,MT,,CS,150844,229779000,1.27403436451,103.758504305,0.668778,1.27777,3.735,213.207,5.18362787842,296.999,2023-07-13 19:16:29,False,1.27298333727,103.756952054,0.668778,0.0
CMA CGM SYMI,9HA5600 ,9867839,MT,,CS,150844,229779000,1.27396350951,103.758455011,0.668778,1.28852,3.74548,213.93,5.18362787842,296.999,2023-07-13 19:16:39,False,1.27294461415,103.756934664,0.668778,0.0
CMA CGM SYMI,9HA5600 ,9867839,MT,,CS,150844,229779000,1.27393207292,103.758433111,0.668778,1.28353,3.76118,215.134,5.1661745859,295.999,2023-07-13 19:16:49,False,1.27286269212,103.756890854,0.668778,0.0
CMA CGM SYMI,9HA5600 ,9867839,MT,,CS,150844,229779000,1.27386134436,103.758384905,0.668778,1.2791,3.77689,216.347,5.1661745859,295.999,2023-07-13 19:17:00,False,1.27282496968,103.756871762,0.668778,0.0
CMA CGM SYMI,9HA5600 ,9867839,MT,,CS,150844,229779000,1.27383600166,103.758363978,0.668778,1.29072,3.79435,217.042,5.14872129338,294.999,2023-07-13 19:17:09,False,1.27279339033,103.756855776,0.668778,0.0
CMA CGM SYMI,9HA5600 ,9867839,MT,,CS,150844,229779000,1.27380236861,103.758338427,0.668778,1.29072,3.79435,217.042,5.14872129338,294.999,2023-07-13 19:17:19,False,1.27269761144,103.756813142,0.668778,0.0
CMA CGM SYMI,9HA5600 ,9867839,MT,,CS,150844,229779000,1.27374317427,103.758291598,0.668778,1.2872,3.80482,218.254,5.13126800086,294.0,2023-07-13 19:17:29,False,1.27262586926,103.756790866,0.720222,0.0
CMA CGM SYMI,9HA5600 ,9867839,MT,,CS,150844,229779000,1.27371086536,103.758264283,0.668778,1.2872,3.81704,218.254,5.11381470834,293.0,2023-07-13 19:17:39,False,1.27257755597,103.756771467,0.720222,0.0
CMA CGM SYMI,9HA5600 ,9867839,MT,,CS,150844,229779000,1.273677824,103.758237987,0.668778,1.2872,3.81704,218.254,5.11381470834,293.0,2023-07-13 19:17:49,False,1.27254132127,103.756756928,0.720222,0.0
CMA CGM SYMI,9HA5600 ,9867839,MT,,CS,150844,229779000,1.27360100323,103.758174162,0.771667,1.47847,3.82925,219.13,5.09636141582,291.995,2023-07-13 19:18:00,False,1.27242418237,103.756712971,0.720222,0.0
CMA CGM SYMI,9HA5600 ,9867839,MT,,CS,150844,229779000,1.27356325443,103.758143346,0.771667,1.47847,3.82925,219.13,5.09636141582,291.995,2023-07-13 19:18:09,False,1.27237866878,103.756695335,0.771667,0.0
CMA CGM SYMI,9HA5600 ,9867839,MT,,CS,150844,229779000,1.27349813871,103.758088594,0.771667,1.48853,3.84671,220.764,5.06145483078,289.995,2023-07-13 19:18:19,False,1.27232771002,103.75668078,0.771667,0.0
CMA CGM SYMI,9HA5600 ,9867839,MT,,CS,150844,229779000,1.2734609369,103.758057138,0.771667,1.48853,3.85718,220.764,5.02654824574,287.996,2023-07-13 19:18:29,False,1.27223595927,103.756647422,0.823111,0.0
CMA CGM SYMI,9HA5600 ,9867839,MT,,CS,150844,229779000,1.27339528671,103.757998174,0.823111,1.58361,3.86241,221.517,5.00909495322,286.996,2023-07-13 19:18:39,False,1.27218277824,103.756617616,0.823111,0.0
CMA CGM SYMI,9HA5600 ,9867839,MT,,CS,150844,229779000,1.27337228224,103.757978238,0.874556,1.69338,3.86765,221.743,4.9916416607,285.996,2023-07-13 19:18:49,False,1.27206162949,103.756581486,0.823111,0.0
CMA CGM SYMI,9HA5600 ,9867839,MT,,CS,150844,229779000,1.2732962489,103.757907973,0.874556,1.67892,3.87463,222.184,4.95673507566,283.997,2023-07-13 19:19:00,False,1.27200552829,103.756561639,0.823111,0.0
CMA CGM SYMI,9HA5600 ,9867839,MT,,CS,150844,229779000,1.2732722017,103.757887134,0.823111,1.58217,3.88685,222.51,4.93928178314,282.997,2023-07-13 19:19:09,False,1.27196188552,103.756548452,0.823111,0.0
CMA CGM SYMI,9HA5600 ,9867839,MT,,CS,150844,229779000,1.27323390738,103.757852027,0.874556,1.58217,3.88859,222.51,4.9043751981,280.997,2023-07-13 19:19:19,False,1.27184730075,103.756522755,0.823111,0.0
CMA CGM SYMI,9HA5600 ,9867839,MT,,CS,150844,229779000,1.27317858383,103.757798582,0.823111,1.59537,3.89208,223.025,4.88692190558,279.998,2023-07-13 19:19:29,False,1.27178338715,103.756511771,0.823111,0.0
CMA CGM SYMI,9HA5600 ,9867839,MT,,CS,150844,229779000,1.27314791254,103.757768618,0.874556,1.6778,3.89732,223.122,4.85201532054,277.998,2023-07-13 19:19:39,False,1.27169249308,103.756494015,0.823111,0.0
CMA CGM SYMI,9HA5600 ,9867839,MT,,CS,150844,229779000,1.27310761997,103.757730896,0.874556,1.6778,3.89732,223.122,4.85201532054,277.998,2023-07-13 19:19:49,False,1.27164228063,103.756480179,0.823111,0.0
CMA CGM SYMI,9HA5600 ,9867839,MT,,CS,150844,229779000,1.27303493226,103.757663105,0.926,1.78876,3.87812,222.357,4.78220215046,273.999,2023-07-13 19:20:00,False,1.27150792066,103.756455649,0.874556,0.0
CMA CGM SYMI,9HA5600 ,9867839,MT,,CS,150844,229779000,1.27299150605,103.75762398,0.926,1.78876,3.87812,222.357,4.78220215046,273.999,2023-07-13 19:20:09,False,1.2714539537,103.756443367,0.874556,0.0
CMA CGM SYMI,9HA5600 ,9867839,MT,,CS,150844,229779000,1.27293802379,103.757567692,0.977444,1.89433,3.81878,218.752,4.71238898038,270.0,2023-07-13 19:20:19,False,1.27138302672,103.756479881,0.874556,0.0
CMA CGM SYMI,9HA5600 ,9867839,MT,,CS,150844,229779000,1.27288980034,103.757529173,0.977444,1.89433,3.83798,218.752,4.66002910282,266.995,2023-07-13 19:20:29,False,1.27124470092,103.756497084,0.977444,0.0
CMA CGM SYMI,9HA5600 ,9867839,MT,,CS,150844,229779000,1.27285741731,103.757497953,0.977444,1.89153,3.83449,219.579,4.62512251778,264.996,2023-07-13 19:20:39,False,1.27119171342,103.756499385,0.977444,0.0
CMA CGM SYMI,9HA5600 ,9867839,MT,,CS,150844,229779000,1.2728292434,103.757474192,0.977444,1.88222,3.8118,218.29,4.57276264023,261.996,2023-07-13 19:20:49,False,1.27111233002,103.756525704,0.977444,0.0
CMA CGM SYMI,9HA5600 ,9867839,MT,,CS,150844,229779000,1.27278075004,103.757436006,0.977444,1.88222,3.8118,218.29,4.57276264023,261.996,2023-07-13 19:21:00,False,1.27097168745,103.756585596,1.08033,0.0
CMA CGM SYMI,9HA5600 ,9867839,MT,,CS,150844,229779000,1.27272154587,103.75740792,0.977444,1.89233,3.72802,213.69,4.48549617763,256.998,2023-07-13 19:21:09,False,1.27090750299,103.756609062,1.08033,0.0
CMA CGM SYMI,9HA5600 ,9867839,MT,,CS,150844,229779000,1.27268971703,103.757376622,0.977444,1.89363,3.72802,215.811,4.48549617763,256.998,2023-07-13 19:21:19,False,1.2707858598,103.75665273,0.977444,0.0
CMA CGM SYMI,9HA5600 ,9867839,MT,,CS,150844,229779000,1.27263959375,103.757340577,0.977444,1.89363,3.76817,215.811,4.43313630007,253.998,2023-07-13 19:21:29,False,1.27072898578,103.75667695,0.977444,0.0
CMA CGM SYMI,9HA5600 ,9867839,MT,,CS,150844,229779000,1.27259850449,103.757313403,0.977444,1.88743,3.70708,212.381,4.32841654495,248.0,2023-07-13 19:21:39,False,1.27065910644,103.756727969,1.08033,0.0
CMA CGM SYMI,9HA5600 ,9867839,MT,,CS,150844,229779000,1.27254625951,103.757280456,0.977444,1.88743,3.70708,212.381,4.32841654495,248.0,2023-07-13 19:21:49,False,1.27056948462,103.756845361,1.23467,0.0
CMA CGM SYMI,9HA5600 ,9867839,MT,,CS,150844,229779000,1.27250163115,103.757258915,0.926,1.79182,3.6425,208.511,4.22369678983,241.996,2023-07-13 19:22:01,False,1.27051841576,103.75692996,1.23467,0.0
CMA CGM SYMI,9HA5600 ,9867839,MT,,CS,150844,229779000,1.27248007644,103.757246395,0.926,1.78209,3.60934,206.565,4.17133691227,238.997,2023-07-13 19:22:09,False,1.2704143134,103.756958727,0.874556,0.0
CMA CGM SYMI,9HA5600 ,9867839,MT,,CS,150844,229779000,1.27240643429,103.757207481,0.874556,1.68757,3.57443,204.499,4.13643032723,236.997,2023-07-13 19:22:19,False,1.27036598494,103.756985562,0.874556,0.0
CMA CGM SYMI,9HA5600 ,9867839,MT,,CS,150844,229779000,1.2723805107,103.757180903,0.874556,1.68589,3.57443,200.943,4.13643032723,236.997,2023-07-13 19:22:29,False,1.27031442679,103.757010554,0.823111,0.0
CMA CGM SYMI,9HA5600 ,9867839,MT,,CS,150844,229779000,1.27232885847,103.757161101,0.874556,1.68589,3.50986,200.943,4.06661715715,232.998,2023-07-13 19:22:39,False,1.27022275437,103.757059801,0.823111,0.0
CMA CGM SYMI,9HA5600 ,9867839,MT,,CS,150844,229779000,1.27228579183,103.757144141,0.823111,1.58897,3.40863,194.886,3.96189740203,227.0,2023-07-13 19:22:49,False,1.27020804951,103.75719388,0.823111,0.0
CMA CGM SYMI,9HA5600 ,9867839,MT,,CS,150844,229779000,1.27223553137,103.75713048,0.823111,1.58897,3.3458,194.886,3.90953752447,223.995,2023-07-13 19:23:00,False,1.27013967209,103.757352073,1.13178,0.0
CMA CGM SYMI,9HA5600 ,9867839,MT,,CS,150844,229779000,1.27216543287,103.757135712,0.823111,1.5917,3.28995,188.427,3.85717764691,220.995,2023-07-13 19:23:09,False,1.27012750902,103.75743081,1.13178,0.0
CMA CGM SYMI,9HA5600 ,9867839,MT,,CS,150844,229779000,1.2721422734,103.757134257,0.823111,1.58217,3.24631,185.641,3.80481776935,217.996,2023-07-13 19:23:19,False,1.27012771853,103.757615676,1.23467,0.0
CMA CGM SYMI,9HA5600 ,9867839,MT,,CS,150844,229779000,1.27209045168,103.757128845,0.823111,1.58217,3.24631,185.641,3.80481776935,217.996,2023-07-13 19:23:29,False,1.27014035575,103.757728536,1.23467,0.0
CMA CGM SYMI,9HA5600 ,9867839,MT,,CS,150844,229779000,1.27205422811,103.757116684,0.771667,1.49069,3.35103,192.043,3.70009801423,211.998,2023-07-13 19:23:39,False,1.27013519499,103.757812502,1.33756,0.0
CMA CGM SYMI,9HA5600 ,9867839,MT,,CS,150844,229779000,1.27200644506,103.757106595,0.771667,1.49069,3.35103,192.043,3.70009801423,211.998,2023-07-13 19:23:49,False,1.2701752639,103.757970182,1.49189,0.0
CMA CGM SYMI,9HA5600 ,9867839,MT,,CS,150844,229779000,1.27192189019,103.757095998,0.874556,1.68499,3.3458,191.31,3.61283155163,206.999,2023-07-13 19:24:00,False,1.27019149818,103.758062624,1.49189,0.0
CMA CGM SYMI,9HA5600 ,9867839,MT,,CS,150844,229779000,1.2718833327,103.757094762,0.874556,1.69694,3.31787,189.894,3.57792496659,204.999,2023-07-13 19:24:09,False,1.27019033718,103.758149985,0.977444,0.0
CMA CGM SYMI,9HA5600 ,9867839,MT,,CS,150844,229779000,1.27182882654,103.757085112,0.926,1.69694,3.31438,189.894,3.54301838155,203.0,2023-07-13 19:24:19,False,1.270200057,103.758219577,0.977444,0.0
CMA CGM SYMI,9HA5600 ,9867839,MT,,CS,150844,229779000,1.27172788292,103.757061415,0.977444,1.88061,3.27424,187.125,3.47320521147,198.995,2023-07-13 19:24:29,False,1.27024245817,103.758297136,1.13178,0.0
CMA CGM SYMI,9HA5600 ,9867839,MT,,CS,150844,229779000,1.27166654883,103.757053283,0.977444,1.88061,3.27424,187.125,3.47320521147,198.995,2023-07-13 19:24:39,False,1.27027498424,103.758408135,1.02889,0.0
CMA CGM SYMI,9HA5600 ,9867839,MT,,CS,150844,229779000,1.2715547836,103.757058859,1.08033,2.09935,3.14508,180.0,3.38593874887,193.997,2023-07-13 19:24:49,False,1.27029822006,103.758468592,1.02889,0.0
CMA CGM SYMI,9HA5600 ,9867839,MT,,CS,150844,229779000,1.27148638059,103.757058642,1.13178,2.09935,3.11192,180.0,3.33357887131,190.997,2023-07-13 19:25:01,False,1.27026502566,103.758554305,0.771667,0.0
CMA CGM SYMI,9HA5600 ,9867839,MT,,CS,150844,229779000,1.27142948054,103.757065418,1.13178,2.19732,3.11192,178.479,3.33357887131,190.997,2023-07-13 19:25:09,False,1.27017275273,103.758574473,0.771667,0.0
CMA CGM SYMI,9HA5600 ,9867839,MT,,CS,150844,229779000,1.2712925088,103.757084245,1.18322,2.28184,2.98102,171.18,3.22885911619,184.999,2023-07-13 19:25:19,False,1.27013329352,103.758641609,0.874556,0.0
CMA CGM SYMI,9HA5600 ,9867839,MT,,CS,150844,229779000,1.27123818321,103.757099304,1.18322,2.28491,2.97928,170.698,3.19395253115,182.999,2023-07-13 19:25:29,False,1.26990094112,103.758655622,1.02889,0.0
CMA CGM SYMI,9HA5600 ,9867839,MT,,CS,150844,229779000,1.2711145097,103.757123808,1.13178,2.18585,2.98102,170.789,3.12413936107,178.995,2023-07-13 19:25:39,False,1.26981212608,103.758676158,1.44044,0.0
CMA CGM SYMI,9HA5600 ,9867839,MT,,CS,150844,229779000,1.27104389201,103.757135156,1.13178,2.18585,2.97055,170.789,3.08923277603,176.995,2023-07-13 19:25:49,False,1.26948888056,103.758543846,1.80056,0.0
CMA CGM SYMI,9HA5600 ,9867839,MT,,CS,150844,229779000,1.27092077119,103.757171654,1.08033,2.08536,2.9339,168.166,3.03687289847,173.996,2023-07-13 19:26:00,False,1.26937606827,103.75851213,1.80056,0.0
CMA CGM SYMI,9HA5600 ,9867839,MT,,CS,150844,229779000,1.27086351328,103.757181124,1.13178,2.18905,2.96881,170.287,3.00196631343,171.996,2023-07-13 19:26:09,False,1.26910522604,103.758324974,2.315,0.0
CMA CGM SYMI,9HA5600 ,9867839,MT,,CS,150844,229779000,1.27079305211,103.757193368,1.13178,2.18905,2.96881,170.287,3.00196631343,171.996,2023-07-13 19:26:19,False,1.26897716128,103.758254219,1.59478,0.0
CMA CGM SYMI,9HA5600 ,9867839,MT,,CS,150844,229779000,1.27064470022,103.757220425,1.08033,2.07773,2.96357,169.216,2.96705972839,167.997,2023-07-13 19:26:29,False,1.26890365655,103.758287732,1.59478,0.0
CMA CGM SYMI,9HA5600 ,9867839,MT,,CS,150844,229779000,1.27058937966,103.757234722,1.13178,2.17685,2.94786,169.192,2.89724655831,165.998,2023-07-13 19:26:39,False,1.26890778379,103.758274439,0.771667,0.0
CMA CGM SYMI,9HA5600 ,9867839,MT,,CS,150844,229779000,1.2704794043,103.7572579,1.18322,2.19964,2.93041,168.789,2.87979326579,164.998,2023-07-13 19:26:49,False,1.26886159451,103.758258637,0.771667,0.0
CMA CGM SYMI,9HA5600 ,9867839,MT,,CS,150844,229779000,1.27042195672,103.757265422,1.18322,2.21172,2.93041,167.307,2.87979326579,164.998,2023-07-13 19:27:00,False,1.26909657835,103.758159983,0.514444,0.0
CMA CGM SYMI,9HA5600 ,9867839,MT,,CS,150844,229779000,1.27034358309,103.757282377,1.18322,2.23068,2.90946,167.417,2.84488668075,162.999,2023-07-13 19:27:09,False,1.26911186772,103.758131412,0.514444,0.0
CMA CGM SYMI,9HA5600 ,9867839,MT,,CS,150844,229779000,1.27019111005,103.757315516,1.23467,2.33852,2.89725,166.541,2.80998009571,160.999,2023-07-13 19:27:19,False,1.26910388549,103.758122129,0.360111,0.0
CMA CGM SYMI,9HA5600 ,9867839,MT,,CS,150844,229779000,1.27009655526,103.757328304,1.28611,2.44685,2.88154,165.743,2.79252680319,159.999,2023-07-13 19:27:29,False,1.2689923149,103.758145561,0.514444,0.0
CMA CGM SYMI,9HA5600 ,9867839,MT,,CS,150844,229779000,1.27001775839,103.757348814,1.28611,2.45171,2.88154,165.303,2.79252680319,159.999,2023-07-13 19:27:39,False,1.26896051978,103.75813856,0.514444,0.0
CMA CGM SYMI,9HA5600 ,9867839,MT,,CS,150844,229779000,1.26985143562,103.757397098,1.33756,2.5647,2.88677,165.964,2.77507351067,159.0,2023-07-13 19:27:49,False,1.26872131532,103.758208643,1.23467,0.0
CMA CGM SYMI,9HA5600 ,9867839,MT,,CS,150844,229779000,1.26968351847,103.757445549,1.389,2.65959,2.86932,164.745,2.75762021815,158.0,2023-07-13 19:28:00,False,1.26865527795,103.75821986,1.23467,0.0
CMA CGM SYMI,9HA5600 ,9867839,MT,,CS,150844,229779000,1.26959678569,103.757471254,1.389,2.67835,2.86932,164.854,2.75762021815,158.0,2023-07-13 19:28:09,False,1.26855316624,103.758262912,1.54333,0.0
CMA CGM SYMI,9HA5600 ,9867839,MT,,CS,150844,229779000,1.26951360728,103.757494053,1.389,2.67835,2.86758,164.854,2.75762021815,158.0,2023-07-13 19:28:19,False,1.26836417938,103.758348648,1.49189,0.0
CMA CGM SYMI,9HA5600 ,9867839,MT,,CS,150844,229779000,1.2693566204,103.757541715,1.44044,2.77425,2.85012,163.724,2.74016692563,156.995,2023-07-13 19:28:29,False,1.26827634537,103.758381434,1.49189,0.0
CMA CGM SYMI,9HA5600 ,9867839,MT,,CS,150844,229779000,1.26924073235,103.757591243,1.54333,2.98144,2.82045,162.156,2.72271363311,155.995,2023-07-13 19:28:39,False,1.26817222928,103.758428364,1.28611,0.0
CMA CGM SYMI,9HA5600 ,9867839,MT,,CS,150844,229779000,1.26912481737,103.757628724,1.54333,3.02441,2.82045,162.031,2.72271363311,155.995,2023-07-13 19:28:49,False,1.2680975363,103.758462422,1.28611,0.0
CMA CGM SYMI,9HA5600 ,9867839,MT,,CS,150844,229779000,1.26886675009,103.757728915,1.59478,3.1853,2.78904,160.017,2.70526034059,154.995,2023-07-13 19:29:00,False,1.26794222758,103.758561485,1.389,0.0
CMA CGM SYMI,9HA5600 ,9867839,MT,,CS,150844,229779000,1.2687782386,103.757771344,1.64622,3.28527,2.77333,159.206,2.68780704807,153.995,2023-07-13 19:29:09,False,1.26786596289,103.75860895,1.389,0.0
CMA CGM SYMI,9HA5600 ,9867839,MT,,CS,150844,229779000,1.26857660527,103.757854667,1.69767,3.357,2.75064,157.891,2.67035375555,152.996,2023-07-13 19:29:19,False,1.26778293815,103.75866147,1.44044,0.0
CMA CGM SYMI,9HA5600 ,9867839,MT,,CS,150844,229779000,1.26846679758,103.757909232,1.69767,3.3615,2.73319,156.845,2.65290046303,151.996,2023-07-13 19:29:29,False,1.26762385458,103.75881721,1.49189,0.0
CMA CGM SYMI,9HA5600 ,9867839,MT,,CS,150844,229779000,1.26834581528,103.757969843,1.69767,3.3615,2.73319,156.845,2.65290046303,151.996,2023-07-13 19:29:39,False,1.26754136975,103.758887682,1.54333,0.0
CMA CGM SYMI,9HA5600 ,9867839,MT,,CS,150844,229779000,1.26818240851,103.758050235,1.74911,3.47013,2.71399,155.158,2.63544717051,151.996,2023-07-13 19:29:49,False,1.26750181613,103.758929127,1.54333,0.0
CMA CGM SYMI,9HA5600 ,9867839,MT,,CS,150844,229779000,1.26808127227,103.758096534,1.74911,3.47013,2.71399,155.158,2.63544717051,151.996,2023-07-13 19:30:00,False,1.26737712782,103.759052618,1.59478,0.0
CMA CGM SYMI,9HA5600 ,9867839,MT,,CS,150844,229779000,1.26784008778,103.758203322,1.80056,3.53122,2.71224,155.269,2.63544717051,151.996,2023-07-13 19:30:09,False,1.26729072842,103.759142939,1.64622,0.0
CMA CGM SYMI,9HA5600 ,9867839,MT,,CS,150844,229779000,1.26773735929,103.758248059,1.80056,3.53122,2.71224,155.269,2.63544717051,151.996,2023-07-13 19:30:19,False,1.26708571738,103.759295311,1.69767,0.0
CMA CGM SYMI,9HA5600 ,9867839,MT,,CS,150844,229779000,1.26749783496,103.758320608,1.852,3.6087,2.69828,154.815,2.61799387799,149.996,2023-07-13 19:30:29,False,1.26700136104,103.759362818,1.69767,0.0
CMA CGM SYMI,9HA5600 ,9867839,MT,,CS,150844,229779000,1.2673712808,103.7583785,1.90344,3.68639,2.69304,154.381,2.61799387799,149.996,2023-07-13 19:30:39,False,1.26692771597,103.759413924,1.74911,0.0
CMA CGM SYMI,9HA5600 ,9867839,MT,,CS,150844,229779000,1.26726341133,103.758431704,1.90344,3.67803,2.69304,154.654,2.61799387799,149.996,2023-07-13 19:30:49,False,1.26671334531,103.759581845,1.69767,0.0
CMA CGM SYMI,9HA5600 ,9867839,MT,,CS,150844,229779000,1.2670478391,103.75854158,1.95489,3.75545,2.67734,153.568,2.61799387799,149.996,2023-07-13 19:31:00,False,1.26661357002,103.759658627,1.74911,0.0
CMA CGM SYMI,9HA5600 ,9867839,MT,,CS,150844,229779000,1.26695164028,103.758591398,1.95489,3.85122,2.67734,153.952,2.61799387799,149.996,2023-07-13 19:31:09,False,1.2664355562,103.759786394,1.80056,0.0
CMA CGM SYMI,9HA5600 ,9867839,MT,,CS,150844,229779000,1.26683975734,103.758644068,2.00633,3.85122,2.68432,153.952,2.61799387799,149.996,2023-07-13 19:31:19,False,1.26634347056,103.759853418,1.80056,0.0
CMA CGM SYMI,9HA5600 ,9867839,MT,,CS,150844,229779000,1.26658314653,103.758776391,2.05778,4.02493,2.67384,153.311,2.61799387799,149.996,2023-07-13 19:31:29,False,1.26617948603,103.759981974,1.74911,0.0
CMA CGM SYMI,9HA5600 ,9867839,MT,,CS,150844,229779000,1.2664672556,103.758834247,2.10922,4.02493,2.67559,153.311,2.61799387799,149.996,2023-07-13 19:31:39,False,1.26608951419,103.760046962,1.74911,0.0
CMA CGM SYMI,9HA5600 ,9867839,MT,,CS,150844,229779000,1.26620276383,103.758970115,2.16067,4.12947,2.66686,152.832,2.61799387799,149.996,2023-07-13 19:31:49,False,1.26598482568,103.760128229,1.74911,0.0
CMA CGM SYMI,9HA5600 ,9867839,MT,,CS,150844,229779000,1.26606424457,103.759047329,2.16067,4.13015,2.65465,152.229,2.61799387799,149.996,2023-07-13 19:32:00,False,1.26579838511,103.760263831,1.69767,0.0
CMA CGM SYMI,9HA5600 ,9867839,MT,,CS,150844,229779000,1.26594637813,103.759111011,2.16067,4.13015,2.65465,152.229,2.61799387799,149.996,2023-07-13 19:32:09,False,1.26571382305,103.760327924,1.69767,0.0
CMA CGM SYMI,9HA5600 ,9867839,MT,,CS,150844,229779000,1.2656883322,103.759255434,2.21211,4.25245,2.64941,151.912,2.61799387799,149.996,2023-07-13 19:32:19,False,1.26571708147,103.760348133,0.463,0.0
CMA CGM SYMI,9HA5600 ,9867839,MT,,CS,150844,229779000,1.26555356443,103.759327796,2.21211,4.27875,2.64941,151.805,2.61799387799,149.996,2023-07-13 19:32:29,False,1.26570595946,103.76037508,0.463,0.0
CMA CGM SYMI,9HA5600 ,9867839,MT,,CS,150844,229779000,1.26528609266,103.759480178,2.315,4.48809,2.64766,151.548,2.61799387799,149.996,2023-07-13 19:32:39,False,1.26594360846,103.760326627,1.13178,0.0
CMA CGM SYMI,9HA5600 ,9867839,MT,,CS,150844,229779000,1.26515780888,103.759549134,2.315,4.48809,2.64592,151.548,2.61799387799,149.996,2023-07-13 19:32:49,False,1.2663724519,103.760307246,2.62367,0.0
CMA CGM SYMI,9HA5600 ,9867839,MT,,CS,150844,229779000,1.26492293083,103.75968401,2.36644,4.55789,2.64243,151.468,2.61799387799,149.996,2023-07-13 19:33:00,False,1.26653844319,103.760301484,2.62367,0.0
CMA CGM SYMI,9HA5600 ,9867839,MT,,CS,150844,229779000,1.26479717337,103.759754852,2.36644,4.57498,2.64592,151.584,2.61799387799,149.996,2023-07-13 19:33:09,False,1.26677181172,103.760294386,2.98378,0.0
CMA CGM SYMI,9HA5600 ,9867839,MT,,CS,150844,229779000,1.26460592679,103.759860691,2.41789,4.68821,2.64243,151.522,2.61799387799,149.996,2023-07-13 19:33:19,False,1.26719994878,103.760257658,3.241,0.0
CMA CGM SYMI,9HA5600 ,9867839,MT,,CS,150844,229779000,1.26436450192,103.759994435,2.41789,4.65408,2.63894,151.294,2.61799387799,149.996,2023-07-13 19:33:29,False,1.26766964966,103.760162936,3.241,0.0
CMA CGM SYMI,9HA5600 ,9867839,MT,,CS,150844,229779000,1.26425033357,103.760053914,2.41789,4.56576,2.63894,151.798,2.61799387799,149.996,2023-07-13 19:33:39,False,1.26788145634,103.760126584,3.39533,0.0
CMA CGM SYMI,9HA5600 ,9867839,MT,,CS,150844,229779000,1.26399066091,103.760195441,2.52078,4.69751,2.63545,151.314,2.61799387799,149.996,2023-07-13 19:33:49,False,1.26805963722,103.760078168,3.39533,0.0
CMA CGM SYMI,9HA5600 ,9867839,MT,,CS,150844,229779000,1.26379310673,103.760306352,2.52078,4.81262,2.62847,150.743,2.61799387799,149.996,2023-07-13 19:34:00,False,1.26855760687,103.759956067,3.49822,0.0
CMA CGM SYMI,9HA5600 ,9867839,MT,,CS,150844,229779000,1.26365615127,103.760382197,2.52078,4.81262,2.63196,150.743,2.61799387799,149.996,2023-07-13 19:34:09,False,1.26873565729,103.759878651,3.65256,0.0
CMA CGM SYMI,9HA5600 ,9867839,MT,,CS,150844,229779000,1.26339660926,103.76052733,2.57222,4.907,2.6337,151.1,2.61799387799,149.996,2023-07-13 19:34:19,False,1.26895781511,103.759814947,3.65256,0.0
CMA CGM SYMI,9HA5600 ,9867839,MT,,CS,150844,229779000,1.26325747077,103.760604649,2.57222,4.91643,2.6337,150.901,2.61799387799,149.996,2023-07-13 19:34:29,False,1.26940213073,103.759687522,3.65256,0.0
CMA CGM SYMI,9HA5600 ,9867839,MT,,CS,150844,229779000,1.26297584161,103.760759717,2.57222,4.907,2.6337,151.1,2.61799387799,149.996,2023-07-13 19:34:39,False,1.26967038402,103.759206535,3.65256,0.0
CMA CGM SYMI,9HA5600 ,9867839,MT,,CS,150844,229779000,1.26281253124,103.760849979,2.62367,4.99386,2.63545,151.14,2.61799387799,149.996,2023-07-13 19:34:49,False,1.27009470275,103.758884689,3.85833,0.0
CMA CGM SYMI,9HA5600 ,9867839,MT,,CS,150844,229779000,1.26267424409,103.760925183,2.62367,4.95043,2.63545,151.12,2.61799387799,149.996,2023-07-13 19:35:00,False,1.2703414865,103.758896798,3.85833,0.0
CMA CGM SYMI,9HA5600 ,9867839,MT,,CS,150844,229779000,1.26234805522,103.761088343,2.72656,5.09013,2.6337,150.988,2.61799387799,149.996,2023-07-13 19:35:09,False,1.27052758788,103.75916887,3.13811,0.0
CMA CGM SYMI,9HA5600 ,9867839,MT,,CS,150844,229779000,1.26219302761,103.761171822,2.82944,5.36219,2.62672,150.461,2.61799387799,149.996,2023-07-13 19:35:19,False,1.27075430167,103.759565226,2.93233,0.0
CMA CGM SYMI,9HA5600 ,9867839,MT,,CS,150844,229779000,1.26184437053,103.761363544,2.93233,5.66837,2.61974,150.182,2.61799387799,149.996,2023-07-13 19:35:29,False,1.27089372146,103.759686935,2.93233,0.0
CMA CGM SYMI,9HA5600 ,9867839,MT,,CS,150844,229779000,1.2616616931,103.761470285,3.03522,5.88789,2.61276,149.88,2.60054058547,148.997,2023-07-13 19:35:39,False,1.27020913524,103.760165867,2.82944,0.0
CMA CGM SYMI,9HA5600 ,9867839,MT,,CS,150844,229779000,1.26148967859,103.761570323,3.03522,5.87109,2.61276,149.785,2.60054058547,148.997,2023-07-13 19:35:49,False,1.27010648866,103.760328414,3.03522,0.0
CMA CGM SYMI,9HA5600 ,9867839,MT,,CS,150844,229779000,1.26119931402,103.76175032,3.18956,6.16098,2.58658,148.416,2.56563400043,146.997,2023-07-13 19:36:00,False,1.26978797052,103.760635532,3.39533,0.0
CMA CGM SYMI,9HA5600 ,9867839,MT,,CS,150844,229779000,1.26100290433,103.761870785,3.241,6.29476,2.58134,148.126,2.56563400043,146.997,2023-07-13 19:36:09,False,1.26963296081,103.760843507,3.49822,0.0
CMA CGM SYMI,9HA5600 ,9867839,MT,,CS,150844,229779000,1.26082323592,103.761983573,3.241,6.26177,2.58134,147.938,2.56563400043,146.997,2023-07-13 19:36:19,False,1.26949752063,103.761017743,3.49822,0.0
CMA CGM SYMI,9HA5600 ,9867839,MT,,CS,150844,229779000,1.26043357426,103.762236956,3.39533,6.55684,2.57087,147.346,2.54818070791,145.997,2023-07-13 19:36:29,False,1.26917249068,103.76138066,3.49822,0.0
CMA CGM SYMI,9HA5600 ,9867839,MT,,CS,150844,229779000,1.26003760484,103.762499306,3.39533,6.75555,2.57087,146.859,2.54818070791,145.997,2023-07-13 19:36:39,False,1.26904432824,103.761520604,3.49822,0.0
CMA CGM SYMI,9HA5600 ,9867839,MT,,CS,150844,229779000,1.25987497367,103.762607907,3.54967,6.8632,2.55865,146.67,2.53072741539,144.998,2023-07-13 19:36:49,False,1.26885230146,103.761653083,3.49822,0.0
CMA CGM SYMI,9HA5600 ,9867839,MT,,CS,150844,229779000,1.25968849851,103.762729829,3.54967,6.8632,2.55865,146.67,2.53072741539,144.998,2023-07-13 19:37:00,False,1.2685155928,103.762021536,3.60111,0.0
CMA CGM SYMI,9HA5600 ,9867839,MT,,CS,150844,229779000,1.25923813426,103.763027939,3.704,7.15425,2.55516,146.526,2.53072741539,144.998,2023-07-13 19:37:09,False,1.26833748901,103.7622112,3.60111,0.0
CMA CGM SYMI,9HA5600 ,9867839,MT,,CS,150844,229779000,1.25903988187,103.763161417,3.704,7.25666,2.55516,146.14,2.53072741539,144.998,2023-07-13 19:37:19,False,1.26804371649,103.762536419,3.60111,0.0
CMA CGM SYMI,9HA5600 ,9867839,MT,,CS,150844,229779000,1.25884318985,103.763292922,3.75544,7.25666,2.54993,146.14,2.53072741539,144.998,2023-07-13 19:37:29,False,1.26788748968,103.762701301,3.60111,0.0
CMA CGM SYMI,9HA5600 ,9867839,MT,,CS,150844,229779000,1.25842546225,103.763568891,3.90978,7.56398,2.54818,146.106,2.53072741539,144.998,2023-07-13 19:37:39,False,1.26753513147,103.763035393,3.60111,0.0
CMA CGM SYMI,9HA5600 ,9867839,MT,,CS,150844,229779000,1.25821484785,103.763707284,3.96122,7.65581,2.54644,145.866,2.53072741539,144.998,2023-07-13 19:37:49,False,1.26736030425,103.763186991,3.60111,0.0
CMA CGM SYMI,9HA5600 ,9867839,MT,,CS,150844,229779000,1.2577898894,103.763987772,4.01267,7.76898,2.54644,145.912,2.53072741539,144.998,2023-07-13 19:38:00,False,1.26719546123,103.763343898,3.60111,0.0
CMA CGM SYMI,9HA5600 ,9867839,MT,,CS,150844,229779000,1.25754102525,103.764151648,4.11556,7.95802,2.54294,145.65,2.53072741539,144.998,2023-07-13 19:38:09,False,1.26681756664,103.763659344,3.60111,0.0
CMA CGM SYMI,9HA5600 ,9867839,MT,,CS,150844,229779000,1.25732555033,103.764297841,4.11556,7.97408,2.54294,145.729,2.53072741539,144.998,2023-07-13 19:38:19,False,1.26664471098,103.763808775,3.60111,0.0
CMA CGM SYMI,9HA5600 ,9867839,MT,,CS,150844,229779000,1.25683939694,103.764624329,4.21844,8.16322,2.53945,145.477,2.53072741539,144.998,2023-07-13 19:38:29,False,1.2662466118,103.764144869,3.60111,0.0
CMA CGM SYMI,9HA5600 ,9867839,MT,,CS,150844,229779000,1.25662016202,103.764774269,4.21844,8.16322,2.53945,145.477,2.53072741539,144.998,2023-07-13 19:38:39,False,1.26607326394,103.764292185,3.60111,0.0
CMA CGM SYMI,9HA5600 ,9867839,MT,,CS,150844,229779000,1.25616192519,103.765090866,4.32133,8.36849,2.53596,145.313,2.53072741539,144.998,2023-07-13 19:38:49,False,1.2659636524,103.764417623,3.60111,0.0
CMA CGM SYMI,9HA5600 ,9867839,MT,,CS,150844,229779000,1.25593623114,103.765246194,4.32133,8.36849,2.53596,145.313,2.53072741539,144.998,2023-07-13 19:39:00,False,1.26563740732,103.764700935,3.60111,0.0
CMA CGM SYMI,9HA5600 ,9867839,MT,,CS,150844,229779000,1.2555137342,103.765540028,4.32133,8.39554,2.53596,145.28,2.53072741539,144.998,2023-07-13 19:39:09,False,1.26546601725,103.764848865,3.60111,0.0
CMA CGM SYMI,9HA5600 ,9867839,MT,,CS,150844,229779000,1.25528822115,103.765695005,4.32133,8.39068,2.53596,145.095,2.53072741539,144.998,2023-07-13 19:39:19,False,1.26507720215,103.765147253,3.60111,0.0
CMA CGM SYMI,9HA5600 ,9867839,MT,,CS,150844,229779000,1.25506324795,103.765850474,4.32133,8.39068,2.53422,145.095,2.53072741539,144.998,2023-07-13 19:39:29,False,1.26487226548,103.765301949,3.54967,0.0
CMA CGM SYMI,9HA5600 ,9867839,MT,,CS,150844,229779000,1.25458501425,103.76618054,4.26989,8.28244,2.53422,145.228,2.53072741539,144.998,2023-07-13 19:39:39,False,1.26469523781,103.765438121,3.54967,0.0
CMA CGM SYMI,9HA5600 ,9867839,MT,,CS,150844,229779000,1.25436296648,103.766335254,4.26989,8.29354,2.53422,145.118,2.53072741539,144.998,2023-07-13 19:39:49,False,1.26435472487,103.765681043,3.54967,0.0
CMA CGM SYMI,9HA5600 ,9867839,MT,,CS,150844,229779000,1.25391468574,103.766642909,4.26989,8.29842,2.53247,145.305,2.53072741539,144.998,2023-07-13 19:40:00,False,1.2641754833,103.765816346,3.54967,0.0
CMA CGM SYMI,9HA5600 ,9867839,MT,,CS,150844,229779000,1.25369069716,103.766797192,4.26989,8.30468,2.53073,145.008,2.53072741539,144.998,2023-07-13 19:40:09,False,1.26382550103,103.766158931,3.54967,0.0
CMA CGM SYMI,9HA5600 ,9867839,MT,,CS,150844,229779000,1.25343696196,103.766973422,4.26989,8.30468,2.53073,145.008,2.53072741539,144.998,2023-07-13 19:40:19,False,1.26363448451,103.766330317,3.54967,0.0
CMA CGM SYMI,9HA5600 ,9867839,MT,,CS,150844,229779000,1.25299401877,103.7672812,4.26989,8.20279,2.52724,144.841,2.53072741539,144.998,2023-07-13 19:40:29,False,1.26349131608,103.766466979,3.54967,0.0
CMA CGM SYMI,9HA5600 ,9867839,MT,,CS,150844,229779000,1.25276953776,103.767434737,4.26989,8.28876,2.52898,144.931,2.53072741539,144.998,2023-07-13 19:40:39,False,1.2631403883,103.76681353,3.54967,0.0
CMA CGM SYMI,9HA5600 ,9867839,MT,,CS,150844,229779000,1.25231921906,103.767746033,4.32133,8.39709,2.52724,144.802,2.53072741539,144.998,2023-07-13 19:40:49,False,1.26297913511,103.766969611,3.54967,0.0
CMA CGM SYMI,9HA5600 ,9867839,MT,,CS,150844,229779000,1.25208932645,103.767901273,4.32133,8.48781,2.52724,145.072,2.53072741539,144.998,2023-07-13 19:41:00,False,1.26261812991,103.767295524,3.54967,0.0
CMA CGM SYMI,9HA5600 ,9867839,MT,,CS,150844,229779000,1.25162310862,103.76821801,4.42422,8.58979,2.53422,145.231,2.53072741539,144.998,2023-07-13 19:41:09,False,1.26245190977,103.767445314,3.54967,0.0
CMA CGM SYMI,9HA5600 ,9867839,MT,,CS,150844,229779000,1.25135332968,103.768401699,4.47567,8.68692,2.53422,145.208,2.53072741539,144.998,2023-07-13 19:41:19,False,1.26227875129,103.767596753,3.54967,0.0
CMA CGM SYMI,9HA5600 ,9867839,MT,,CS,150844,229779000,1.25112889388,103.768556473,4.47567,8.65987,2.53422,145.24,2.53072741539,144.998,2023-07-13 19:41:29,False,1.26195308882,103.767908117,3.54967,0.0
CMA CGM SYMI,9HA5600 ,9867839,MT,,CS,150844,229779000,1.25064194635,103.76889119,4.57856,8.85903,2.53771,145.368,2.53072741539,144.998,2023-07-13 19:41:39,False,1.26179761459,103.768023237,3.54967,0.0
CMA CGM SYMI,9HA5600 ,9867839,MT,,CS,150844,229779000,1.2503348367,103.769102897,4.57856,8.86402,2.53945,145.543,2.53072741539,144.998,2023-07-13 19:41:49,False,1.26170874227,103.768225629,2.46933,0.0
CMA CGM SYMI,9HA5600 ,9867839,MT,,CS,150844,229779000,1.25009368057,103.769267377,4.63,8.86402,2.5412,145.543,2.53072741539,144.998,2023-07-13 19:42:00,False,1.26161767266,103.768345398,1.28611,0.0
CMA CGM SYMI,9HA5600 ,9867839,MT,,CS,150844,229779000,1.24972561255,103.769519686,4.68144,9.07934,2.54294,145.732,2.53072741539,144.998,2023-07-13 19:42:09,False,1.26204811403,103.768314611,1.389,0.0
CMA CGM SYMI,9HA5600 ,9867839,MT,,CS,150844,229779000,1.24947549911,103.769692274,4.68144,9.17136,2.54294,145.535,2.53072741539,144.998,2023-07-13 19:42:19,False,1.26212752815,103.76835592,1.389,0.0
CMA CGM SYMI,9HA5600 ,9867839,MT,,CS,150844,229779000,1.24891055485,103.770078245,4.78433,9.24144,2.53945,145.541,2.53072741539,144.998,2023-07-13 19:42:29,False,1.26226279291,103.76835059,1.18322,0.0
CMA CGM SYMI,9HA5600 ,9867839,MT,,CS,150844,229779000,1.24865530252,103.77025372,4.83578,9.34957,2.53771,145.418,2.53072741539,144.998,2023-07-13 19:42:39,False,1.26248300576,103.768346011,1.33756,0.0
CMA CGM SYMI,9HA5600 ,9867839,MT,,CS,150844,229779000,1.24815067833,103.770596106,4.83578,9.34361,2.54294,145.682,2.53072741539,144.998,2023-07-13 19:42:49,False,1.26259021507,103.768315779,1.33756,0.0
CMA CGM SYMI,9HA5600 ,9867839,MT,,CS,150844,229779000,1.24789440486,103.770773827,4.88722,9.4407,2.5412,145.656,2.53072741539,144.998,2023-07-13 19:43:00,False,1.26291002607,103.768188141,2.00633,0.0
CMA CGM SYMI,9HA5600 ,9867839,MT,,CS,150844,229779000,1.24763937981,103.770947011,4.88722,9.4407,2.5412,145.656,2.53072741539,144.998,2023-07-13 19:43:09,False,1.26301939076,103.768119975,2.00633,0.0
CMA CGM SYMI,9HA5600 ,9867839,MT,,CS,150844,229779000,1.24715958868,103.771275514,4.93867,9.5378,2.5412,145.63,2.53072741539,144.998,2023-07-13 19:43:19,False,1.26324794929,103.767855244,2.26356,0.0
CMA CGM SYMI,9HA5600 ,9867839,MT,,CS,150844,229779000,1.24679477933,103.771528375,4.99011,9.62988,2.53771,145.444,2.53072741539,144.998,2023-07-13 19:43:29,False,1.26338378997,103.767761385,2.16067,0.0
CMA CGM SYMI,9HA5600 ,9867839,MT,,CS,150844,229779000,1.24653482631,103.771706921,4.99011,9.62988,2.53771,145.444,2.53072741539,144.998,2023-07-13 19:43:39,False,1.26350824802,103.767650855,2.16067,0.0
CMA CGM SYMI,9HA5600 ,9867839,MT,,CS,150844,229779000,1.24601217373,103.772069927,5.04156,9.74427,2.53596,145.074,2.53072741539,144.998,2023-07-13 19:43:49,False,1.263731471,103.767505082,2.05778,0.0
CMA CGM SYMI,9HA5600 ,9867839,MT,,CS,150844,229779000,1.24547981951,103.772433915,5.093,9.84624,2.53422,145.212,2.53072741539,144.998,2023-07-13 19:44:00,False,1.26387656729,103.76736004,2.05778,0.0
CMA CGM SYMI,9HA5600 ,9867839,MT,,CS,150844,229779000,1.24521439973,103.772617138,5.093,9.85734,2.53247,145.119,2.53072741539,144.998,2023-07-13 19:44:09,False,1.26396426795,103.767286812,2.10922,0.0
CMA CGM SYMI,9HA5600 ,9867839,MT,,CS,150844,229779000,1.24494458409,103.772804669,5.093,9.94498,2.53247,144.788,2.53072741539,144.998,2023-07-13 19:44:19,False,1.26415153823,103.76714097,2.05778,0.0
CMA CGM SYMI,9HA5600 ,9867839,MT,,CS,150844,229779000,1.24438663603,103.773185567,5.14444,9.89554,2.53073,144.999,2.53072741539,144.998,2023-07-13 19:44:29,False,1.26424894172,103.767054817,2.05778,0.0
CMA CGM SYMI,9HA5600 ,9867839,MT,,CS,150844,229779000,1.24411784477,103.77337144,5.14444,9.91147,2.53073,145.063,2.53072741539,144.998,2023-07-13 19:44:39,False,1.26450363365,103.76682084,2.16067,0.0
CMA CGM SYMI,9HA5600 ,9867839,MT,,CS,150844,229779000,1.24385107595,103.773557365,5.14444,9.91147,2.53073,145.063,2.53072741539,144.998,2023-07-13 19:44:49,False,1.26460782795,103.766733133,2.16067,0.0
CMA CGM SYMI,9HA5600 ,9867839,MT,,CS,150844,229779000,1.24333143664,103.77391263,5.19589,10.0198,2.53073,144.953,2.53072741539,144.998,2023-07-13 19:45:01,False,1.26479260689,103.76662726,2.21211,0.0
CMA CGM SYMI,9HA5600 ,9867839,MT,,CS,150844,229779000,1.24305658707,103.774108164,5.24733,10.1256,2.51676,144.296,2.51327412287,143.998,2023-07-13 19:45:09,False,1.26488621645,103.766553356,2.21211,0.0
CMA CGM SYMI,9HA5600 ,9867839,MT,,CS,150844,229779000,1.2424829768,103.774524432,5.24733,10.1356,2.50455,143.658,2.51327412287,143.998,2023-07-13 19:45:19,False,1.26501114379,103.766465421,2.21211,0.0
CMA CGM SYMI,9HA5600 ,9867839,MT,,CS,150844,229779000,1.24224933742,103.774699414,5.24733,10.1469,2.49408,143.02,2.49582083035,142.998,2023-07-13 19:45:29,False,1.26528480269,103.76628331,2.21211,0.0
CMA CGM SYMI,9HA5600 ,9867839,MT,,CS,150844,229779000,1.24194512554,103.774926826,5.24733,10.1624,2.49408,143.086,2.49582083035,142.998,2023-07-13 19:45:39,False,1.26565778865,103.766141648,2.21211,0.0
CMA CGM SYMI,9HA5600 ,9867839,MT,,CS,150844,229779000,1.24141342574,103.77533853,5.24733,10.1678,2.4836,142.144,2.47836753783,141.998,2023-07-13 19:45:49,False,1.26599354737,103.765977716,2.21211,0.0
CMA CGM SYMI,9HA5600 ,9867839,MT,,CS,150844,229779000,1.24114898669,103.775545076,5.24733,10.1731,2.4836,141.751,2.47836753783,141.998,2023-07-13 19:46:00,False,1.26605971355,103.765920248,2.21211,0.0
CMA CGM SYMI,9HA5600 ,9867839,MT,,CS,150844,229779000,1.24058699503,103.775989852,5.29878,10.2761,2.4644,141.374,2.46091424531,140.999,2023-07-13 19:46:09,False,1.26612079368,103.765870055,2.21211,0.0
CMA CGM SYMI,9HA5600 ,9867839,MT,,CS,150844,229779000,1.24032556325,103.776201117,5.29878,10.2795,2.45393,140.833,2.44346095279,139.999,2023-07-13 19:46:19,False,1.26625446096,103.765758471,2.21211,0.0
CMA CGM SYMI,9HA5600 ,9867839,MT,,CS,150844,229779000,1.23983534086,103.776600066,5.29878,10.2673,2.45568,140.917,2.44346095279,139.999,2023-07-13 19:46:29,False,1.26632566803,103.765705338,2.21211,0.0
CMA CGM SYMI,9HA5600 ,9867839,MT,,CS,150844,229779000,1.23950536813,103.776876573,5.29878,10.2194,2.45219,140.557,2.44346095279,139.999,2023-07-13 19:46:39,False,1.26638793568,103.765634076,2.21211,0.0
CMA CGM SYMI,9HA5600 ,9867839,MT,,CS,150844,229779000,1.23920731658,103.777120428,5.35022,10.3262,2.45044,140.346,2.44346095279,139.999,2023-07-13 19:46:49,False,1.26654379846,103.765472625,2.21211,0.0
CMA CGM SYMI,9HA5600 ,9867839,MT,,CS,150844,229779000,1.23872096692,103.777526461,5.35022,10.3486,2.45044,140.029,2.44346095279,139.999,2023-07-13 19:47:00,False,1.26658459752,103.765467412,2.21211,0.0
CMA CGM SYMI,9HA5600 ,9867839,MT,,CS,150844,229779000,1.23842784785,103.777772067,5.35022,10.344,2.43997,139.726,2.44346095279,139.999,2023-07-13 19:47:09,False,1.26679737384,103.765220124,2.21211,0.0
CMA CGM SYMI,9HA5600 ,9867839,MT,,CS,150844,229779000,1.23794204328,103.778172897,5.35022,10.3362,2.44521,140.112,2.44346095279,139.999,2023-07-13 19:47:19,False,1.26683508459,103.765182655,2.21211,0.0
CMA CGM SYMI,9HA5600 ,9867839,MT,,CS,150844,229779000,1.23764488144,103.778418525,5.35022,10.3189,2.44172,139.89,2.44346095279,139.999,2023-07-13 19:47:29,False,1.26683508459,103.765182655,2.21211,0.0
CMA CGM SYMI,9HA5600 ,9867839,MT,,CS,150844,229779000,1.237418493,103.778609704,5.40167,10.4159,2.44172,139.921,2.44346095279,139.999,2023-07-13 19:47:39,False,1.26683508459,103.765182655,2.21211,0.0
CMA CGM SYMI,9HA5600 ,9867839,MT,,CS,150844,229779000,1.23682644586,103.779112295,5.40167,10.441,2.43997,139.757,2.44346095279,139.999,2023-07-13 19:47:49,False,1.26683508459,103.765182655,2.21211,0.0
CMA CGM SYMI,9HA5600 ,9867839,MT,,CS,150844,229779000,1.23656148372,103.779338684,5.40167,10.464,2.43299,139.445,2.44346095279,139.999,2023-07-13 19:48:00,False,1.26683508459,103.765182655,2.21211,0.0
CMA CGM SYMI,9HA5600 ,9867839,MT,,CS,150844,229779000,1.23629257382,103.7795663,5.40167,10.5462,2.43299,139.41,2.44346095279,139.999,2023-07-13 19:48:09,False,1.26683508459,103.765182655,2.21211,0.0
CMA CGM SYMI,9HA5600 ,9867839,MT,,CS,150844,229779000,1.23586671298,103.779928476,5.45311,10.6728,2.43473,139.58,2.44346095279,139.999,2023-07-13 19:48:19,False,1.26683508459,103.765182655,2.21211,0.0
CMA CGM SYMI,9HA5600 ,9867839,MT,,CS,150844,229779000,1.23560136431,103.780152525,5.45311,10.6728,2.43473,139.58,2.44346095279,139.999,2023-07-13 19:48:29,False,,,,
CMA CGM SYMI,9HA5600 ,9867839,MT,,CS,150844,229779000,1.23500281883,103.780652041,5.45311,10.6179,2.43648,139.603,2.44346095279,139.999,2023-07-13 19:48:39,False,,,,
CMA CGM SYMI,9HA5600 ,9867839,MT,,CS,150844,229779000,1.23473501501,103.780881096,5.45311,10.6032,2.43473,139.535,2.44346095279,139.999,2023-07-13 19:48:49,False,,,,
CMA CGM SYMI,9HA5600 ,9867839,MT,,CS,150844,229779000,1.23418060058,103.781352953,5.45311,10.5736,2.43124,139.399,2.44346095279,139.999,2023-07-13 19:49:00,False,,,,
CMA CGM SYMI,9HA5600 ,9867839,MT,,CS,150844,229779000,1.23391734945,103.781582938,5.50456,10.6538,2.42775,139.217,2.44346095279,139.999,2023-07-13 19:49:09,False,,,,
CMA CGM SYMI,9HA5600 ,9867839,MT,,CS,150844,229779000,1.23365520215,103.781808962,5.50456,10.6391,2.42775,139.149,2.44346095279,139.999,2023-07-13 19:49:19,False,,,,
CMA CGM SYMI,9HA5600 ,9867839,MT,,CS,150844,229779000,1.23312074429,103.782255454,5.50456,10.6284,2.43299,139.376,2.44346095279,139.999,2023-07-13 19:49:29,False,,,,
CMA CGM SYMI,9HA5600 ,9867839,MT,,CS,150844,229779000,1.23285770475,103.782474603,5.50456,10.6284,2.43299,139.376,2.44346095279,139.999,2023-07-13 19:49:39,False,,,,
CMA CGM SYMI,9HA5600 ,9867839,MT,,CS,150844,229779000,1.23259502079,103.782698639,5.50456,10.6284,2.43299,139.376,2.44346095279,139.999,2023-07-13 19:49:49,False,,,,
CMA CGM SYMI,9HA5600 ,9867839,MT,,CS,150844,229779000,1.23202566302,103.783180112,5.50456,10.6264,2.4295,139.228,2.44346095279,139.999,2023-07-13 19:50:00,False,,,,
CMA CGM SYMI,9HA5600 ,9867839,MT,,CS,150844,229779000,1.23176272071,103.783405793,5.50456,10.6264,2.4295,139.228,2.44346095279,139.999,2023-07-13 19:50:09,False,,,,
CMA CGM SYMI,9HA5600 ,9867839,MT,,CS,150844,229779000,1.23119678498,103.783883866,5.50456,10.6284,2.43299,139.376,2.44346095279,139.999,2023-07-13 19:50:19,False,,,,
CMA CGM SYMI,9HA5600 ,9867839,MT,,CS,150844,229779000,1.23093185326,103.784109507,5.50456,10.6284,2.43473,139.376,2.44346095279,139.999,2023-07-13 19:50:29,False,,,,
CMA CGM SYMI,9HA5600 ,9867839,MT,,CS,150844,229779000,1.23035833112,103.784593981,5.50456,10.6558,2.43299,139.365,2.44346095279,139.999,2023-07-13 19:50:39,False,,,,
CMA CGM SYMI,9HA5600 ,9867839,MT,,CS,150844,229779000,1.23012049438,103.784796395,5.50456,10.6558,2.43299,139.365,2.44346095279,139.999,2023-07-13 19:50:49,False,,,,
CMA CGM SYMI,9HA5600 ,9867839,MT,,CS,150844,229779000,1.22985815021,103.785020474,5.50456,10.6558,2.43299,139.365,2.44346095279,139.999,2023-07-13 19:51:00,False,,,,
CMA CGM SYMI,9HA5600 ,9867839,MT,,CS,150844,229779000,1.22935149128,103.785451171,5.50456,10.6558,2.43124,139.365,2.44346095279,139.999,2023-07-13 19:51:09,False,,,,
CMA CGM SYMI,9HA5600 ,9867839,MT,,CS,150844,229779000,1.22911487757,103.78565047,5.50456,10.6728,2.43473,139.58,2.44346095279,139.999,2023-07-13 19:51:19,False,,,,
CMA CGM SYMI,9HA5600 ,9867839,MT,,CS,150844,229779000,1.22857568301,103.786099027,5.50456,10.6876,2.43648,139.647,2.44346095279,139.999,2023-07-13 19:51:29,False,,,,
CMA CGM SYMI,9HA5600 ,9867839,MT,,CS,150844,229779000,1.22827002898,103.786358829,5.50456,10.6832,2.43124,139.353,2.44346095279,139.999,2023-07-13 19:51:39,False,,,,
CMA CGM SYMI,9HA5600 ,9867839,MT,,CS,150844,229779000,1.22773232707,103.78681685,5.50456,10.7107,2.43124,139.342,2.44346095279,139.999,2023-07-13 19:51:49,False,,,,
CMA CGM SYMI,9HA5600 ,9867839,MT,,CS,150844,229779000,1.22742332582,103.787079564,5.50456,10.7276,2.43648,139.556,2.44346095279,139.999,2023-07-13 19:52:00,False,,,,
CMA CGM SYMI,9HA5600 ,9867839,MT,,CS,150844,229779000,1.22719395826,103.787274177,5.50456,10.7424,2.43648,139.624,2.44346095279,139.999,2023-07-13 19:52:09,False,,,,
CMA CGM SYMI,9HA5600 ,9867839,MT,,CS,150844,229779000,1.22663026518,103.787760729,5.45311,10.6685,2.43124,139.285,2.44346095279,139.999,2023-07-13 19:52:19,False,,,,
CMA CGM SYMI,9HA5600 ,9867839,MT,,CS,150844,229779000,1.22637119295,103.787988629,5.40167,10.561,2.43473,139.479,2.44346095279,139.999,2023-07-13 19:52:29,False,,,,
CMA CGM SYMI,9HA5600 ,9867839,MT,,CS,150844,229779000,1.22585705778,103.788434008,5.35022,10.4726,2.42775,139.064,2.44346095279,139.999,2023-07-13 19:52:39,False,,,,
CMA CGM SYMI,9HA5600 ,9867839,MT,,CS,150844,229779000,1.22560074526,103.788655849,5.29878,10.3756,2.42601,139.026,2.44346095279,139.999,2023-07-13 19:52:49,False,,,,
CMA CGM SYMI,9HA5600 ,9867839,MT,,CS,150844,229779000,1.22534422517,103.7888778,5.24733,10.3756,2.4295,139.026,2.44346095279,139.999,2023-07-13 19:53:00,False,,,,
CMA CGM SYMI,9HA5600 ,9867839,MT,,CS,150844,229779000,1.22480500824,103.789340817,5.24733,10.1837,2.4295,139.102,2.44346095279,139.999,2023-07-13 19:53:09,False,,,,
CMA CGM SYMI,9HA5600 ,9867839,MT,,CS,150844,229779000,1.22452649757,103.789580234,5.19589,10.1837,2.42775,139.102,2.44346095279,139.999,2023-07-13 19:53:19,False,,,,
CMA CGM SYMI,9HA5600 ,9867839,MT,,CS,150844,229779000,1.22406551896,103.789978137,5.14444,10.074,2.4295,139.147,2.44346095279,139.999,2023-07-13 19:53:29,False,,,,
CMA CGM SYMI,9HA5600 ,9867839,MT,,CS,150844,229779000,1.22379319476,103.790214359,5.093,9.97512,2.42601,138.951,2.44346095279,139.999,2023-07-13 19:53:39,False,,,,
CMA CGM SYMI,9HA5600 ,9867839,MT,,CS,150844,229779000,1.22354933007,103.790424841,5.093,9.96237,2.42601,139.035,2.44346095279,139.999,2023-07-13 19:53:49,False,,,,
CMA CGM SYMI,9HA5600 ,9867839,MT,,CS,150844,229779000,1.22306950476,103.790834726,4.99011,9.75574,2.42601,139.04,2.44346095279,139.999,2023-07-13 19:54:00,False,,,,
CMA CGM SYMI,9HA5600 ,9867839,MT,,CS,150844,229779000,1.22286093962,103.79101561,4.93867,9.67156,2.42252,138.912,2.44346095279,139.999,2023-07-13 19:54:09,False,,,,
CMA CGM SYMI,9HA5600 ,9867839,MT,,CS,150844,229779000,1.2223597775,103.791455293,4.93867,9.63884,2.41554,138.434,2.44346095279,139.999,2023-07-13 19:54:19,False,,,,
CMA CGM SYMI,9HA5600 ,9867839,MT,,CS,150844,229779000,1.22212666071,103.791658706,4.93867,9.54364,2.41554,138.551,2.44346095279,139.999,2023-07-13 19:54:29,False,,,,
CMA CGM SYMI,9HA5600 ,9867839,MT,,CS,150844,229779000,1.22189550012,103.791861694,4.93867,9.51621,2.41554,138.561,2.44346095279,139.999,2023-07-13 19:54:39,False,,,,
CMA CGM SYMI,9HA5600 ,9867839,MT,,CS,150844,229779000,1.221450798,103.792263198,4.78433,9.31783,2.40506,137.959,2.44346095279,139.999,2023-07-13 19:54:49,False,,,,
CMA CGM SYMI,9HA5600 ,9867839,MT,,CS,150844,229779000,1.221450798,103.792263198,4.78433,9.31783,2.40506,137.959,2.44346095279,139.999,2023-07-13 19:55:00,False,,,,
CMA CGM SYMI,9HA5600 ,9867839,MT,,CS,150844,229779000,1.22075675973,103.792878065,4.73289,9.22104,2.40681,137.905,2.44346095279,139.999,2023-07-13 19:55:09,False,,,,
CMA CGM SYMI,9HA5600 ,9867839,MT,,CS,150844,229779000,1.22050812601,103.793103086,4.68144,9.13731,2.40332,137.759,2.44346095279,139.999,2023-07-13 19:55:19,False,,,,
CMA CGM SYMI,9HA5600 ,9867839,MT,,CS,150844,229779000,1.22028559376,103.793302054,4.68144,9.13867,2.40681,137.931,2.44346095279,139.999,2023-07-13 19:55:29,False,,,,
CMA CGM SYMI,9HA5600 ,9867839,MT,,CS,150844,229779000,1.21987098931,103.793680506,4.63,9.04189,2.40681,137.875,2.44346095279,139.999,2023-07-13 19:55:39,False,,,,
CMA CGM SYMI,9HA5600 ,9867839,MT,,CS,150844,229779000,1.21965068706,103.793881585,4.63,9.03929,2.39983,137.527,2.44346095279,139.999,2023-07-13 19:55:49,False,,,,
CMA CGM SYMI,9HA5600 ,9867839,MT,,CS,150844,229779000,1.21919237962,103.794294794,4.57856,8.94511,2.40506,137.818,2.44346095279,139.999,2023-07-13 19:56:00,False,,,,
CMA CGM SYMI,9HA5600 ,9867839,MT,,CS,150844,229779000,1.21900640984,103.794463506,4.52711,8.84834,2.40506,137.76,2.44346095279,139.999,2023-07-13 19:56:09,False,,,,
CMA CGM SYMI,9HA5600 ,9867839,MT,,CS,150844,229779000,1.21876305719,103.794682608,4.52711,8.84834,2.40506,137.76,2.44346095279,139.999,2023-07-13 19:56:19,False,,,,
CMA CGM SYMI,9HA5600 ,9867839,MT,,CS,150844,229779000,1.21831225205,103.795091433,4.47567,8.73721,2.40332,137.615,2.44346095279,139.999,2023-07-13 19:56:29,False,,,,
CMA CGM SYMI,9HA5600 ,9867839,MT,,CS,150844,229779000,1.21810422989,103.795280043,4.47567,8.73721,2.40332,137.615,2.44346095279,139.999,2023-07-13 19:56:39,False,,,,
CMA CGM SYMI,9HA5600 ,9867839,MT,,CS,150844,229779000,1.217689104,103.79565598,4.42422,8.62614,2.39983,137.466,2.44346095279,139.999,2023-07-13 19:56:49,False,,,,
CMA CGM SYMI,9HA5600 ,9867839,MT,,CS,150844,229779000,1.21745468868,103.795863596,4.37278,8.53191,2.40332,137.77,2.44346095279,139.999,2023-07-13 19:57:00,False,,,,
CMA CGM SYMI,9HA5600 ,9867839,MT,,CS,150844,229779000,1.21704621724,103.796232746,4.37278,8.50445,2.40332,137.779,2.44346095279,139.999,2023-07-13 19:57:09,False,,,,
CMA CGM SYMI,9HA5600 ,9867839,MT,,CS,150844,229779000,1.21689577649,103.796365877,4.32133,8.42208,2.40506,137.806,2.44346095279,139.999,2023-07-13 19:57:19,False,,,,
CMA CGM SYMI,9HA5600 ,9867839,MT,,CS,150844,229779000,1.2166942763,103.796547602,4.32133,8.39462,2.40506,137.816,2.44346095279,139.999,2023-07-13 19:57:29,False,,,,
CMA CGM SYMI,9HA5600 ,9867839,MT,,CS,150844,229779000,1.21625653694,103.796937285,4.26989,8.29921,2.40681,137.943,2.44346095279,139.999,2023-07-13 19:57:39,False,,,,
CMA CGM SYMI,9HA5600 ,9867839,MT,,CS,150844,229779000,1.21605761553,103.797117404,4.26989,8.29785,2.40506,137.753,2.44346095279,139.999,2023-07-13 19:57:49,False,,,,
CMA CGM SYMI,9HA5600 ,9867839,MT,,CS,150844,229779000,1.21565961362,103.797474147,4.26989,8.28347,2.40157,137.663,2.44346095279,139.999,2023-07-13 19:58:00,False,,,,
CMA CGM SYMI,9HA5600 ,9867839,MT,,CS,150844,229779000,1.21548605626,103.797627889,4.21844,8.18802,2.40506,137.79,2.44346095279,139.999,2023-07-13 19:58:09,False,,,,
CMA CGM SYMI,9HA5600 ,9867839,MT,,CS,150844,229779000,1.21528867588,103.797805723,4.21844,8.18802,2.40506,137.79,2.44346095279,139.999,2023-07-13 19:58:19,False,,,,
CMA CGM SYMI,9HA5600 ,9867839,MT,,CS,150844,229779000,1.21486735851,103.798178347,4.167,8.09261,2.40855,137.921,2.44346095279,139.999,2023-07-13 19:58:29,False,,,,
CMA CGM SYMI,9HA5600 ,9867839,MT,,CS,150844,229779000,1.21459155833,103.798420276,4.167,8.08268,2.41728,138.412,2.44346095279,139.999,2023-07-13 19:58:39,False,,,,
CMA CGM SYMI,9HA5600 ,9867839,MT,,CS,150844,229779000,1.21419933632,103.798764176,4.11556,8.00035,2.41903,138.447,2.44346095279,139.999,2023-07-13 19:58:49,False,,,,
CMA CGM SYMI,9HA5600 ,9867839,MT,,CS,150844,229779000,1.21402860937,103.798914444,4.11556,8.00035,2.41728,138.447,2.44346095279,139.999,2023-07-13 19:59:00,False,,,,
CMA CGM SYMI,9HA5600 ,9867839,MT,,CS,150844,229779000,1.21383487182,103.799084753,4.11556,8.00035,2.41728,138.447,2.44346095279,139.999,2023-07-13 19:59:09,False,,,,
CMA CGM SYMI,9HA5600 ,9867839,MT,,CS,150844,229779000,1.21342344564,103.799451717,4.06411,7.90043,2.4103,137.992,2.44346095279,139.999,2023-07-13 19:59:19,False,,,,
CMA CGM SYMI,9HA5600 ,9867839,MT,,CS,150844,229779000,1.21323078113,103.79962289,4.06411,7.88743,2.40157,138.097,2.42600766027,138.999,2023-07-13 19:59:29,False,,,,
CMA CGM SYMI,9HA5600 ,9867839,MT,,CS,150844,229779000,1.21303787829,103.799802211,4.06411,7.89775,2.40157,137.594,2.42600766027,138.999,2023-07-13 19:59:39,False,,,,
CMA CGM SYMI,9HA5600 ,9867839,MT,,CS,150844,229779000,1.21264331631,103.800179533,4.01267,7.76869,2.38063,136.521,2.39110107523,137.0,2023-07-13 19:59:49,False,,,,
CMA CGM SYMI,9HA5600 ,9867839,MT,,CS,150844,229779000,1.2122757303,103.800537287,4.01267,7.78092,2.37016,136.012,2.37364778271,136.0,2023-07-13 20:00:00,False,,,,
CMA CGM SYMI,9HA5600 ,9867839,MT,,CS,150844,229779000,1.21214520057,103.800681679,4.01267,7.75343,2.37016,136.016,2.37364778271,136.0,2023-07-13 20:00:09,False,,,,
CMA CGM SYMI,9HA5600 ,9867839,MT,,CS,150844,229779000,1.21200954854,103.800830665,4.01267,7.73994,2.37016,136.119,2.37364778271,136.0,2023-07-13 20:00:19,False,,,,
CMA CGM SYMI,9HA5600 ,9867839,MT,,CS,150844,229779000,1.21161796239,103.80119267,3.90978,7.61496,2.36143,135.414,2.35619449019,135.0,2023-07-13 20:00:29,False,,,,
CMA CGM SYMI,9HA5600 ,9867839,MT,,CS,150844,229779000,1.21141705393,103.801395252,3.90978,7.60113,2.35969,135.311,2.35619449019,135.0,2023-07-13 20:00:39,False,,,,
CMA CGM SYMI,9HA5600 ,9867839,MT,,CS,150844,229779000,1.21124407959,103.801569834,3.85833,7.51856,2.3527,134.895,2.35619449019,135.0,2023-07-13 20:00:49,False,,,,
CMA CGM SYMI,9HA5600 ,9867839,MT,,CS,150844,229779000,1.21086662413,103.801936608,3.85833,7.53234,2.35794,135.209,2.35619449019,135.0,2023-07-13 20:01:00,False,,,,
CMA CGM SYMI,9HA5600 ,9867839,MT,,CS,150844,229779000,1.21069592388,103.80210947,3.80689,7.43609,2.35445,134.894,2.35619449019,135.0,2023-07-13 20:01:09,False,,,,
CMA CGM SYMI,9HA5600 ,9867839,MT,,CS,150844,229779000,1.21035721263,103.802457396,3.80689,7.42279,2.34398,134.363,2.35619449019,135.0,2023-07-13 20:01:19,False,,,,
CMA CGM SYMI,9HA5600 ,9867839,MT,,CS,150844,229779000,1.2101904777,103.802626181,3.75544,7.32644,2.34747,134.463,2.35619449019,135.0,2023-07-13 20:01:29,False,,,,
CMA CGM SYMI,9HA5600 ,9867839,MT,,CS,150844,229779000,1.21002348664,103.802794901,3.75544,7.32644,2.34747,134.463,2.35619449019,135.0,2023-07-13 20:01:39,False,,,,
CMA CGM SYMI,9HA5600 ,9867839,MT,,CS,150844,229779000,1.20966842808,103.803156783,3.704,7.21721,2.33874,134.018,2.35619449019,135.0,2023-07-13 20:01:49,False,,,,
CMA CGM SYMI,9HA5600 ,9867839,MT,,CS,150844,229779000,1.20950091589,103.803324612,3.704,7.2168,2.34223,134.236,2.35619449019,135.0,2023-07-13 20:02:01,False,,,,
CMA CGM SYMI,9HA5600 ,9867839,MT,,CS,150844,229779000,1.20915249413,103.803678667,3.65256,7.13433,2.34223,134.227,2.35619449019,135.0,2023-07-13 20:02:09,False,,,,
CMA CGM SYMI,9HA5600 ,9867839,MT,,CS,150844,229779000,1.20898946401,103.803846965,3.65256,7.13476,2.34223,134.007,2.35619449019,135.0,2023-07-13 20:02:19,False,,,,
CMA CGM SYMI,9HA5600 ,9867839,MT,,CS,150844,229779000,1.20864428782,103.804201182,3.65256,7.12079,2.34049,134.115,2.35619449019,135.0,2023-07-13 20:02:29,False,,,,
CMA CGM SYMI,9HA5600 ,9867839,MT,,CS,150844,229779000,1.20850436536,103.804344613,3.60111,7.03795,2.34398,134.329,2.35619449019,135.0,2023-07-13 20:02:39,False,,,,
CMA CGM SYMI,9HA5600 ,9867839,MT,,CS,150844,229779000,1.20834609093,103.804505997,3.60111,7.02438,2.33874,134.215,2.35619449019,135.0,2023-07-13 20:02:49,False,,,,
CMA CGM SYMI,9HA5600 ,9867839,MT,,CS,150844,229779000,1.2080112697,103.804853677,3.60111,6.91487,2.33874,133.975,2.35619449019,135.0,2023-07-13 20:03:01,False,,,,
CMA CGM SYMI,9HA5600 ,9867839,MT,,CS,150844,229779000,1.20785467767,103.805014468,3.60111,6.91487,2.33874,133.975,2.35619449019,135.0,2023-07-13 20:03:09,False,,,,
CMA CGM SYMI,9HA5600 ,9867839,MT,,CS,150844,229779000,1.20770147275,103.805185009,3.54967,6.91487,2.337,133.975,2.35619449019,135.0,2023-07-13 20:03:19,False,,,,
CMA CGM SYMI,9HA5600 ,9867839,MT,,CS,150844,229779000,1.20741132572,103.805483769,3.49822,6.80548,2.33176,133.727,2.35619449019,135.0,2023-07-13 20:03:29,False,,,,
CMA CGM SYMI,9HA5600 ,9867839,MT,,CS,150844,229779000,1.20725988692,103.805643253,3.49822,6.80548,2.33176,133.727,2.35619449019,135.0,2023-07-13 20:03:39,False,,,,
CMA CGM SYMI,9HA5600 ,9867839,MT,,CS,150844,229779000,1.20690894328,103.805990669,3.44678,6.69453,2.34049,134.177,2.35619449019,135.0,2023-07-13 20:03:49,False,,,,
CMA CGM SYMI,9HA5600 ,9867839,MT,,CS,150844,229779000,1.20677117105,103.806123461,3.44678,6.681,2.34049,134.057,2.35619449019,135.0,2023-07-13 20:04:00,False,,,,
CMA CGM SYMI,9HA5600 ,9867839,MT,,CS,150844,229779000,1.20661931264,103.806279111,3.44678,6.681,2.34049,134.057,2.35619449019,135.0,2023-07-13 20:04:09,False,,,,
CMA CGM SYMI,9HA5600 ,9867839,MT,,CS,150844,229779000,1.20629249233,103.806605112,3.44678,6.66705,2.34223,134.173,2.35619449019,135.0,2023-07-13 20:04:19,False,,,,
CMA CGM SYMI,9HA5600 ,9867839,MT,,CS,150844,229779000,1.20613988316,103.80675891,3.39533,6.58458,2.34223,134.163,2.35619449019,135.0,2023-07-13 20:04:29,False,,,,
CMA CGM SYMI,9HA5600 ,9867839,MT,,CS,150844,229779000,1.20583564955,103.807066945,3.39533,6.57065,2.34223,134.281,2.35619449019,135.0,2023-07-13 20:04:39,False,,,,
CMA CGM SYMI,9HA5600 ,9867839,MT,,CS,150844,229779000,1.20568290348,103.807221278,3.39533,6.57065,2.34398,134.281,2.35619449019,135.0,2023-07-13 20:04:49,False,,,,
CMA CGM SYMI,9HA5600 ,9867839,MT,,CS,150844,229779000,1.20536418169,103.807546726,3.34389,6.4886,2.34049,134.029,2.35619449019,135.0,2023-07-13 20:05:01,False,,,,
CMA CGM SYMI,9HA5600 ,9867839,MT,,CS,150844,229779000,1.20523951143,103.807694702,3.34389,6.51608,2.34049,134.033,2.35619449019,135.0,2023-07-13 20:05:09,False,,,,
CMA CGM SYMI,9HA5600 ,9867839,MT,,CS,150844,229779000,1.20506329957,103.807852348,3.34389,6.51568,2.34223,134.275,2.35619449019,135.0,2023-07-13 20:05:19,False,,,,
CMA CGM SYMI,9HA5600 ,9867839,MT,,CS,150844,229779000,1.20476430293,103.808154859,3.34389,6.51608,2.34049,134.033,2.35619449019,135.0,2023-07-13 20:05:29,False,,,,
CMA CGM SYMI,9HA5600 ,9867839,MT,,CS,150844,229779000,1.20461710304,103.808306073,3.34389,6.50212,2.34049,134.152,2.35619449019,135.0,2023-07-13 20:05:39,False,,,,
CMA CGM SYMI,9HA5600 ,9867839,MT,,CS,150844,229779000,1.20428826453,103.808639444,3.29244,6.40614,2.34049,134.016,2.35619449019,135.0,2023-07-13 20:05:49,False,,,,
CMA CGM SYMI,9HA5600 ,9867839,MT,,CS,150844,229779000,1.20416387648,103.808765032,3.29244,6.39218,2.34049,134.138,2.35619449019,135.0,2023-07-13 20:06:01,False,,,,
CMA CGM SYMI,9HA5600 ,9867839,MT,,CS,150844,229779000,1.20399745467,103.808935308,3.241,6.39218,2.34049,134.138,2.35619449019,135.0,2023-07-13 20:06:09,False,,,,
CMA CGM SYMI,9HA5600 ,9867839,MT,,CS,150844,229779000,1.20371321551,103.809228132,3.241,6.30971,2.34049,134.126,2.35619449019,135.0,2023-07-13 20:06:19,False,,,,
CMA CGM SYMI,9HA5600 ,9867839,MT,,CS,150844,229779000,1.20362332355,103.809322196,3.241,6.2962,2.33874,133.999,2.35619449019,135.0,2023-07-13 20:06:29,False,,,,
CMA CGM SYMI,9HA5600 ,9867839,MT,,CS,150844,229779000,1.20333861183,103.809614019,3.241,6.2962,2.337,133.999,2.35619449019,135.0,2023-07-13 20:06:39,False,,,,
CMA CGM SYMI,9HA5600 ,9867839,MT,,CS,150844,229779000,1.20319912185,103.80976028,3.18956,6.21374,2.33874,133.986,2.35619449019,135.0,2023-07-13 20:06:49,False,,,,
CMA CGM SYMI,9HA5600 ,9867839,MT,,CS,150844,229779000,1.2030393678,103.809924331,3.18956,6.19977,2.33874,134.111,2.35619449019,135.0,2023-07-13 20:07:00,False,,,,
CMA CGM SYMI,9HA5600 ,9867839,MT,,CS,150844,229779000,1.20273894468,103.810232606,3.18956,6.19977,2.33874,134.111,2.35619449019,135.0,2023-07-13 20:07:09,False,,,,
CMA CGM SYMI,9HA5600 ,9867839,MT,,CS,150844,229779000,1.20259714957,103.810377835,3.18956,6.19977,2.33874,134.111,2.35619449019,135.0,2023-07-13 20:07:19,False,,,,
CMA CGM SYMI,9HA5600 ,9867839,MT,,CS,150844,229779000,1.20231892012,103.81066449,3.18956,6.18625,2.34049,133.982,2.35619449019,135.0,2023-07-13 20:07:29,False,,,,
CMA CGM SYMI,9HA5600 ,9867839,MT,,CS,150844,229779000,1.20218393416,103.810805143,3.13811,6.1038,2.33525,133.968,2.35619449019,135.0,2023-07-13 20:07:39,False,,,,
CMA CGM SYMI,9HA5600 ,9867839,MT,,CS,150844,229779000,1.2019064907,103.811093263,3.13811,6.09032,2.33525,133.836,2.35619449019,135.0,2023-07-13 20:07:49,False,,,,
CMA CGM SYMI,9HA5600 ,9867839,MT,,CS,150844,229779000,1.20174865307,103.811259196,3.13811,6.10435,2.33351,133.71,2.35619449019,135.0,2023-07-13 20:08:00,False,,,,
CMA CGM SYMI,9HA5600 ,9867839,MT,,CS,150844,229779000,1.20161084979,103.811401819,3.13811,6.10435,2.33351,133.71,2.35619449019,135.0,2023-07-13 20:08:09,False,,,,
CMA CGM SYMI,9HA5600 ,9867839,MT,,CS,150844,229779000,1.20133543322,103.811695594,3.13811,6.09094,2.33176,133.578,2.35619449019,135.0,2023-07-13 20:08:19,False,,,,
CMA CGM SYMI,9HA5600 ,9867839,MT,,CS,150844,229779000,1.20118106194,103.811857872,3.13811,6.09094,2.33176,133.578,2.35619449019,135.0,2023-07-13 20:08:29,False,,,,
CMA CGM SYMI,9HA5600 ,9867839,MT,,CS,150844,229779000,1.2010382113,103.811999368,3.13811,6.11842,2.33176,133.584,2.35619449019,135.0,2023-07-13 20:08:39,False,,,,
CMA CGM SYMI,9HA5600 ,9867839,MT,,CS,150844,229779000,1.20074665495,103.812308564,3.08667,6.04939,2.33351,133.698,2.35619449019,135.0,2023-07-13 20:08:49,False,,,,
CMA CGM SYMI,9HA5600 ,9867839,MT,,CS,150844,229779000,1.20059251769,103.81247247,3.08667,6.03597,2.33001,133.565,2.35619449019,135.0,2023-07-13 20:09:00,False,,,,
CMA CGM SYMI,9HA5600 ,9867839,MT,,CS,150844,229779000,1.20032394096,103.812753179,3.08667,6.02259,2.32827,133.431,2.35619449019,135.0,2023-07-13 20:09:09,False,,,,
CMA CGM SYMI,9HA5600 ,9867839,MT,,CS,150844,229779000,1.20016797111,103.812918006,3.08667,6.02259,2.33001,133.431,2.35619449019,135.0,2023-07-13 20:09:19,False,,,,
CMA CGM SYMI,9HA5600 ,9867839,MT,,CS,150844,229779000,1.20003525916,103.813057198,3.08667,5.99511,2.33001,133.423,2.35619449019,135.0,2023-07-13 20:09:29,False,,,,
CMA CGM SYMI,9HA5600 ,9867839,MT,,CS,150844,229779000,1.19979907653,103.813301804,3.08667,5.98101,2.33351,133.551,2.35619449019,135.0,2023-07-13 20:09:39,False,,,,
CMA CGM SYMI,9HA5600 ,9867839,MT,,CS,150844,229779000,1.19966602895,103.813440566,3.08667,5.96694,2.33351,133.68,2.35619449019,135.0,2023-07-13 20:09:49,False,,,,
CMA CGM SYMI,9HA5600 ,9867839,MT,,CS,150844,229779000,1.19939941709,103.813716267,3.08667,5.95289,2.337,133.809,2.35619449019,135.0,2023-07-13 20:10:01,False,,,,
CMA CGM SYMI,9HA5600 ,9867839,MT,,CS,150844,229779000,1.19926322986,103.813857315,3.03522,5.88391,2.33874,133.929,2.35619449019,135.0,2023-07-13 20:10:09,False,,,,
CMA CGM SYMI,9HA5600 ,9867839,MT,,CS,150844,229779000,1.19914909503,103.813974527,3.03522,5.88391,2.33874,133.929,2.35619449019,135.0,2023-07-13 20:10:19,False,,,,
CMA CGM SYMI,9HA5600 ,9867839,MT,,CS,150844,229779000,1.19882302454,103.81431063,3.03522,5.86993,2.34049,134.061,2.35619449019,135.0,2023-07-13 20:10:29,False,,,,
CMA CGM SYMI,9HA5600 ,9867839,MT,,CS,150844,229779000,1.19868615279,103.814450252,3.03522,5.86993,2.34049,134.061,2.35619449019,135.0,2023-07-13 20:10:39,False,,,,
CMA CGM SYMI,9HA5600 ,9867839,MT,,CS,150844,229779000,1.1984178937,103.814724373,3.03522,5.77351,2.34223,134.182,2.35619449019,135.0,2023-07-13 20:10:49,False,,,,
CMA CGM SYMI,9HA5600 ,9867839,MT,,CS,150844,229779000,1.19828586159,103.814855852,3.03522,5.77319,2.34223,134.454,2.35619449019,135.0,2023-07-13 20:11:00,False,,,,
CMA CGM SYMI,9HA5600 ,9867839,MT,,CS,150844,229779000,1.1981493474,103.814987472,3.03522,5.7455,2.34398,134.726,2.35619449019,135.0,2023-07-13 20:11:09,False,,,,
CMA CGM SYMI,9HA5600 ,9867839,MT,,CS,150844,229779000,1.19788917331,103.815234802,3.03522,5.78682,2.35096,135.408,2.35619449019,135.0,2023-07-13 20:11:19,False,,,,
CMA CGM SYMI,9HA5600 ,9867839,MT,,CS,150844,229779000,1.19773585263,103.81538582,3.03522,5.78682,2.35096,135.408,2.35619449019,136.0,2023-07-13 20:11:29,False,,,,
CMA CGM SYMI,9HA5600 ,9867839,MT,,CS,150844,229779000,1.19745526863,103.81564587,3.03522,5.78864,2.38237,136.497,2.40855436775,137.999,2023-07-13 20:11:39,False,,,,
CMA CGM SYMI,9HA5600 ,9867839,MT,,CS,150844,229779000,1.19729782346,103.815791884,3.03522,5.77711,2.39808,137.182,2.40855436775,137.999,2023-07-13 20:11:49,False,,,,
CMA CGM SYMI,9HA5600 ,9867839,MT,,CS,150844,229779000,1.19701147231,103.816051253,3.03522,5.79386,2.4103,137.856,2.44346095279,139.999,2023-07-13 20:12:00,False,,,,
CMA CGM SYMI,9HA5600 ,9867839,MT,,CS,150844,229779000,1.19685219449,103.816193058,3.03522,5.7549,2.42426,138.286,2.44346095279,139.999,2023-07-13 20:12:09,False,,,,
CMA CGM SYMI,9HA5600 ,9867839,MT,,CS,150844,229779000,1.19670976732,103.816317397,3.03522,5.75654,2.42426,138.559,2.44346095279,139.999,2023-07-13 20:12:19,False,,,,
CMA CGM SYMI,9HA5600 ,9867839,MT,,CS,150844,229779000,1.19640503731,103.816572734,3.03522,5.94362,2.43473,139.643,2.46091424531,140.999,2023-07-13 20:12:29,False,,,,
CMA CGM SYMI,9HA5600 ,9867839,MT,,CS,150844,229779000,1.19625234332,103.81670021,3.08667,5.94832,2.45393,140.17,2.49582083035,142.998,2023-07-13 20:12:39,False,,,,
CMA CGM SYMI,9HA5600 ,9867839,MT,,CS,150844,229779000,1.19594792669,103.816946698,3.08667,5.94124,2.46615,140.842,2.49582083035,142.998,2023-07-13 20:12:49,False,,,,
CMA CGM SYMI,9HA5600 ,9867839,MT,,CS,150844,229779000,1.19577184645,103.817082705,3.08667,5.94708,2.47488,141.369,2.51327412287,143.998,2023-07-13 20:13:00,False,,,,
CMA CGM SYMI,9HA5600 ,9867839,MT,,CS,150844,229779000,1.1954802487,103.817304651,3.08667,5.94489,2.49058,142.306,2.51327412287,143.998,2023-07-13 20:13:09,False,,,,
CMA CGM SYMI,9HA5600 ,9867839,MT,,CS,150844,229779000,1.19531794125,103.817422977,3.08667,5.94041,2.50455,142.98,2.53072741539,144.998,2023-07-13 20:13:19,False,,,,
CMA CGM SYMI,9HA5600 ,9867839,MT,,CS,150844,229779000,1.19515378794,103.817537916,3.08667,5.94527,2.50455,144.179,2.53072741539,144.998,2023-07-13 20:13:29,False,,,,
CMA CGM SYMI,9HA5600 ,9867839,MT,,CS,150844,229779000,1.19480764576,103.817772877,3.08667,5.93073,2.55342,145.685,2.58308729295,147.997,2023-07-13 20:13:39,False,,,,
CMA CGM SYMI,9HA5600 ,9867839,MT,,CS,150844,229779000,1.19461583162,103.817892309,3.08667,5.93666,2.58134,147.299,2.60054058547,148.997,2023-07-13 20:13:49,False,,,,
CMA CGM SYMI,9HA5600 ,9867839,MT,,CS,150844,229779000,1.19445127191,103.817996965,3.08667,5.93666,2.58134,147.299,2.60054058547,148.997,2023-07-13 20:14:00,False,,,,
CMA CGM SYMI,9HA5600 ,9867839,MT,,CS,150844,229779000,1.19410621541,103.818182696,3.03522,5.83972,2.64766,150.705,2.67035375555,152.996,2023-07-13 20:14:09,False,,,,
CMA CGM SYMI,9HA5600 ,9867839,MT,,CS,150844,229779000,1.19393776511,103.818269057,2.98378,5.75614,2.67559,152.223,2.72271363311,155.995,2023-07-13 20:14:19,False,,,,
CMA CGM SYMI,9HA5600 ,9867839,MT,,CS,150844,229779000,1.19359439071,103.818427022,2.98378,5.64281,2.67559,154.494,2.72271363311,158.0,2023-07-13 20:14:29,False,,,,
CMA CGM SYMI,9HA5600 ,9867839,MT,,CS,150844,229779000,1.1933764388,103.818516691,2.98378,5.53627,2.67559,156.405,2.72271363311,158.0,2023-07-13 20:14:39,False,,,,
CMA CGM SYMI,9HA5600 ,9867839,MT,,CS,150844,229779000,1.19322706908,103.818579125,2.88089,5.50067,2.75064,156.243,2.80998009571,160.999,2023-07-13 20:14:49,False,,,,
CMA CGM SYMI,9HA5600 ,9867839,MT,,CS,150844,229779000,1.19289385931,103.818682337,2.82944,5.49214,2.78904,159.705,2.86233997327,165.998,2023-07-13 20:15:01,False,,,,
CMA CGM SYMI,9HA5600 ,9867839,MT,,CS,150844,229779000,1.19272206586,103.818739722,2.88089,5.46051,2.81173,160.017,2.89724655831,165.998,2023-07-13 20:15:09,False,,,,
CMA CGM SYMI,9HA5600 ,9867839,MT,,CS,150844,229779000,1.19234547489,103.818851015,2.93233,5.61835,2.83791,161.44,2.91469985083,166.998,2023-07-13 20:15:19,False,,,,
CMA CGM SYMI,9HA5600 ,9867839,MT,,CS,150844,229779000,1.19217476773,103.818907676,2.93233,5.63678,2.83791,161.503,2.91469985083,166.998,2023-07-13 20:15:29,False,,,,
CMA CGM SYMI,9HA5600 ,9867839,MT,,CS,150844,229779000,1.19180269819,103.818984451,3.08667,5.9364,2.89725,165.008,2.94960643587,168.997,2023-07-13 20:15:39,False,,,,
CMA CGM SYMI,9HA5600 ,9867839,MT,,CS,150844,229779000,1.19160223688,103.819025776,3.18956,6.11962,2.91994,166.405,2.96705972839,169.997,2023-07-13 20:15:49,False,,,,
CMA CGM SYMI,9HA5600 ,9867839,MT,,CS,150844,229779000,1.19140575869,103.819069717,3.18956,6.1529,2.91994,166.666,2.96705972839,169.997,2023-07-13 20:16:00,False,,,,
CMA CGM SYMI,9HA5600 ,9867839,MT,,CS,150844,229779000,1.19097970959,103.819125196,3.34389,6.44691,2.96881,169.402,3.00196631343,171.996,2023-07-13 20:16:09,False,,,,
CMA CGM SYMI,9HA5600 ,9867839,MT,,CS,150844,229779000,1.19075999502,103.8191527,3.39533,6.5607,2.988,170.621,3.01941960595,172.996,2023-07-13 20:16:19,False,,,,
CMA CGM SYMI,9HA5600 ,9867839,MT,,CS,150844,229779000,1.19031267034,103.81920606,3.49822,6.75432,3.01069,171.893,3.03687289847,173.996,2023-07-13 20:16:29,False,,,,
CMA CGM SYMI,9HA5600 ,9867839,MT,,CS,150844,229779000,1.19008175714,103.819228875,3.54967,6.85227,3.03338,173.157,3.05432619099,174.996,2023-07-13 20:16:39,False,,,,
CMA CGM SYMI,9HA5600 ,9867839,MT,,CS,150844,229779000,1.1898273252,103.819257616,3.54967,6.86928,3.03338,173.338,3.05432619099,174.996,2023-07-13 20:16:49,False,,,,
CMA CGM SYMI,9HA5600 ,9867839,MT,,CS,150844,229779000,1.18934086699,103.819284965,3.49822,6.80582,3.07352,175.413,3.08923277603,176.995,2023-07-13 20:17:00,False,,,,
CMA CGM SYMI,9HA5600 ,9867839,MT,,CS,150844,229779000,1.18908174519,103.819293352,3.54967,6.89331,3.09447,176.605,3.10668606855,177.995,2023-07-13 20:17:09,False,,,,
CMA CGM SYMI,9HA5600 ,9867839,MT,,CS,150844,229779000,1.18866233707,103.819310081,3.49822,6.81347,3.09796,176.893,3.12413936107,178.995,2023-07-13 20:17:19,False,,,,
CMA CGM SYMI,9HA5600 ,9867839,MT,,CS,150844,229779000,1.18841187913,103.819316026,3.49822,6.81148,3.09796,177.219,3.12413936107,178.995,2023-07-13 20:17:29,False,,,,
CMA CGM SYMI,9HA5600 ,9867839,MT,,CS,150844,229779000,1.18819042451,103.819324443,3.49822,6.81148,3.10145,177.219,3.12413936107,178.995,2023-07-13 20:17:39,False,,,,
CMA CGM SYMI,9HA5600 ,9867839,MT,,CS,150844,229779000,1.18771164957,103.819325321,3.49822,6.80523,3.12414,178.691,3.12413936107,178.995,2023-07-13 20:17:49,False,,,,
CMA CGM SYMI,9HA5600 ,9867839,MT,,CS,150844,229779000,1.18749068056,103.819323062,3.49822,6.80415,3.13112,179.182,3.14159265359,180.0,2023-07-13 20:18:00,False,,,,
CMA CGM SYMI,9HA5600 ,9867839,MT,,CS,150844,229779000,1.18704410592,103.819318752,3.49822,6.80348,3.14334,179.836,3.14159265359,180.0,2023-07-13 20:18:09,False,,,,
CMA CGM SYMI,9HA5600 ,9867839,MT,,CS,150844,229779000,1.18682311923,103.819315284,3.49822,6.80348,3.13985,179.836,3.14159265359,180.0,2023-07-13 20:18:19,False,,,,
CMA CGM SYMI,9HA5600 ,9867839,MT,,CS,150844,229779000,1.18660220324,103.819315028,3.49822,6.80348,3.13985,179.836,3.14159265359,180.0,2023-07-13 20:18:29,False,,,,
CMA CGM SYMI,9HA5600 ,9867839,MT,,CS,150844,229779000,1.18624294744,103.819300947,3.49822,6.80348,3.14683,180.164,3.14159265359,180.0,2023-07-13 20:18:39,False,,,,
CMA CGM SYMI,9HA5600 ,9867839,MT,,CS,150844,229779000,1.18602272912,103.819298448,3.49822,6.80357,3.14683,180.327,3.14159265359,180.0,2023-07-13 20:18:49,False,,,,
CMA CGM SYMI,9HA5600 ,9867839,MT,,CS,150844,229779000,1.18552364125,103.81929712,3.44678,6.72595,3.12588,179.503,3.12413936107,178.995,2023-07-13 20:19:00,False,,,,
CMA CGM SYMI,9HA5600 ,9867839,MT,,CS,150844,229779000,1.18530314918,103.819296465,3.44678,6.72708,3.11192,178.841,3.08923277603,176.995,2023-07-13 20:19:09,False,,,,
CMA CGM SYMI,9HA5600 ,9867839,MT,,CS,150844,229779000,1.18486476166,103.819305976,3.44678,6.72798,3.10145,178.51,3.07177948351,175.995,2023-07-13 20:19:19,False,,,,
CMA CGM SYMI,9HA5600 ,9867839,MT,,CS,150844,229779000,1.1846466189,103.819313292,3.44678,6.72975,3.09447,178.014,3.05432619099,174.996,2023-07-13 20:19:29,False,,,,
CMA CGM SYMI,9HA5600 ,9867839,MT,,CS,150844,229779000,1.18442608274,103.819320297,3.44678,6.7291,3.09447,178.179,3.05432619099,174.996,2023-07-13 20:19:39,False,,,,
CMA CGM SYMI,9HA5600 ,9867839,MT,,CS,150844,229779000,1.1839329126,103.819364023,3.54967,7.00273,3.06131,175.223,3.01941960595,172.996,2023-07-13 20:19:49,False,,,,
CMA CGM SYMI,9HA5600 ,9867839,MT,,CS,150844,229779000,1.18371030119,103.819388169,3.54967,7.00013,3.06131,173.783,3.01941960595,168.997,2023-07-13 20:20:00,False,,,,
CMA CGM SYMI,9HA5600 ,9867839,MT,,CS,150844,229779000,1.18348134865,103.819414273,3.54967,7.00013,3.06131,173.783,3.01941960595,168.997,2023-07-13 20:20:09,False,,,,
CMA CGM SYMI,9HA5600 ,9867839,MT,,CS,150844,229779000,1.18299202958,103.819499261,3.54967,7.06929,3.06131,169.864,3.01941960595,163.998,2023-07-13 20:20:19,False,,,,
CMA CGM SYMI,9HA5600 ,9867839,MT,,CS,150844,229779000,1.18276630077,103.819540999,3.65256,7.06929,2.93564,169.864,2.86233997327,163.998,2023-07-13 20:20:29,False,,,,
CMA CGM SYMI,9HA5600 ,9867839,MT,,CS,150844,229779000,1.18232095498,103.819651633,3.65256,7.04359,2.87107,166.271,2.77507351067,159.0,2023-07-13 20:20:39,False,,,,
CMA CGM SYMI,9HA5600 ,9867839,MT,,CS,150844,229779000,1.18206398879,103.819723562,3.704,7.14002,2.83965,164.526,2.72271363311,155.995,2023-07-13 20:20:49,False,,,,
CMA CGM SYMI,9HA5600 ,9867839,MT,,CS,150844,229779000,1.18183795113,103.819788842,3.704,7.12129,2.83965,164.484,2.72271363311,155.995,2023-07-13 20:21:00,False,,,,
CMA CGM SYMI,9HA5600 ,9867839,MT,,CS,150844,229779000,1.18135210368,103.819946342,3.75544,7.21672,2.79776,161.955,2.65290046303,151.996,2023-07-13 20:21:09,False,,,,
CMA CGM SYMI,9HA5600 ,9867839,MT,,CS,150844,229779000,1.18112641942,103.820024455,3.75544,7.22276,2.79776,161.809,2.65290046303,151.996,2023-07-13 20:21:19,False,,,,
CMA CGM SYMI,9HA5600 ,9867839,MT,,CS,150844,229779000,1.18072434081,103.820203926,3.704,7.12946,2.71922,157.56,2.56563400043,146.997,2023-07-13 20:21:29,False,,,,
CMA CGM SYMI,9HA5600 ,9867839,MT,,CS,150844,229779000,1.18054025394,103.82029371,3.704,7.04479,2.71922,155.203,2.56563400043,146.997,2023-07-13 20:21:39,False,,,,
CMA CGM SYMI,9HA5600 ,9867839,MT,,CS,150844,229779000,1.18015554751,103.820496812,3.60111,6.95573,2.62672,152.361,2.46091424531,140.999,2023-07-13 20:21:49,False,,,,
CMA CGM SYMI,9HA5600 ,9867839,MT,,CS,150844,229779000,1.17993669947,103.820622824,3.49822,6.75575,2.59007,150.337,2.40855436775,137.999,2023-07-13 20:22:00,False,,,,
CMA CGM SYMI,9HA5600 ,9867839,MT,,CS,150844,229779000,1.17975066983,103.820733637,3.49822,6.77507,2.59007,150.051,2.40855436775,137.999,2023-07-13 20:22:09,False,,,,
CMA CGM SYMI,9HA5600 ,9867839,MT,,CS,150844,229779000,1.17937884953,103.821005385,3.29244,6.44946,2.50106,145.065,2.30383461263,131.995,2023-07-13 20:22:19,False,,,,
CMA CGM SYMI,9HA5600 ,9867839,MT,,CS,150844,229779000,1.17921255885,103.821129212,3.241,6.33306,2.46615,143.236,2.25147473507,128.996,2023-07-13 20:22:29,False,,,,
CMA CGM SYMI,9HA5600 ,9867839,MT,,CS,150844,229779000,1.17889961924,103.821384451,3.13811,6.12323,2.42601,141.056,2.19911485751,125.997,2023-07-13 20:22:39,False,,,,
CMA CGM SYMI,9HA5600 ,9867839,MT,,CS,150844,229779000,1.17875649412,103.821513185,3.03522,5.92474,2.38936,138.991,2.14675497995,122.997,2023-07-13 20:22:49,False,,,,
CMA CGM SYMI,9HA5600 ,9867839,MT,,CS,150844,229779000,1.17847263751,103.821794459,2.98378,5.80204,2.34223,136.357,2.09439510239,119.998,2023-07-13 20:23:00,False,,,,
CMA CGM SYMI,9HA5600 ,9867839,MT,,CS,150844,229779000,1.17834664595,103.821931292,2.98378,5.63655,2.34223,133.882,2.09439510239,117.999,2023-07-13 20:23:09,False,,,,
CMA CGM SYMI,9HA5600 ,9867839,MT,,CS,150844,229779000,1.17822687189,103.822068521,2.82944,5.54991,2.25846,131.45,2.02458193231,115.999,2023-07-13 20:23:19,False,,,,
CMA CGM SYMI,9HA5600 ,9867839,MT,,CS,150844,229779000,1.1779822019,103.822394825,2.778,5.39157,2.21657,128.853,1.97222205475,113.0,2023-07-13 20:23:29,False,,,,
CMA CGM SYMI,9HA5600 ,9867839,MT,,CS,150844,229779000,1.17789799291,103.822518217,2.67511,5.20954,2.17817,126.656,1.91986217719,109.995,2023-07-13 20:23:40,False,,,,
CMA CGM SYMI,9HA5600 ,9867839,MT,,CS,150844,229779000,1.17770162316,103.82281997,2.62367,5.1163,2.12756,123.69,1.88495559215,107.996,2023-07-13 20:23:49,False,,,,
CMA CGM SYMI,9HA5600 ,9867839,MT,,CS,150844,229779000,1.17761699948,103.822985404,2.57222,5.01742,2.08916,121.535,1.83259571459,104.996,2023-07-13 20:24:00,False,,,,
CMA CGM SYMI,9HA5600 ,9867839,MT,,CS,150844,229779000,1.17753549311,103.823122749,2.57222,5.01742,2.08916,121.535,1.83259571459,104.996,2023-07-13 20:24:09,False,,,,
CMA CGM SYMI,9HA5600 ,9867839,MT,,CS,150844,229779000,1.177394666,103.823443883,2.52078,4.83345,2.02982,116.256,1.78023583703,101.997,2023-07-13 20:24:19,False,,,,
CMA CGM SYMI,9HA5600 ,9867839,MT,,CS,150844,229779000,1.17732658382,103.823585305,2.41789,4.82489,1.94604,116.049,1.71042266695,97.998,2023-07-13 20:24:29,False,,,,
CMA CGM SYMI,9HA5600 ,9867839,MT,,CS,150844,229779000,1.17722095978,103.823905486,2.36644,4.63899,1.91463,110.865,1.67551608191,95.9985,2023-07-13 20:24:39,False,,,,
CMA CGM SYMI,9HA5600 ,9867839,MT,,CS,150844,229779000,1.1771925669,103.824013585,2.36644,4.62868,1.86925,108.359,1.62315620435,92.9993,2023-07-13 20:24:49,False,,,,
CMA CGM SYMI,9HA5600 ,9867839,MT,,CS,150844,229779000,1.17714756191,103.824155925,2.36644,4.62259,1.86925,108.13,1.62315620435,92.9993,2023-07-13 20:25:00,False,,,,
CMA CGM SYMI,9HA5600 ,9867839,MT,,CS,150844,229779000,1.17709444189,103.824438796,2.315,4.53728,1.76976,102.369,1.53588974176,87.995,2023-07-13 20:25:09,False,,,,
CMA CGM SYMI,9HA5600 ,9867839,MT,,CS,150844,229779000,1.17706155403,103.824587694,2.315,4.61134,1.76976,99.4623,1.53588974176,85.9955,2023-07-13 20:25:19,False,,,,
CMA CGM SYMI,9HA5600 ,9867839,MT,,CS,150844,229779000,1.17704368001,103.82473289,2.315,4.61134,1.76976,99.4623,1.53588974176,85.9955,2023-07-13 20:25:30,False,,,,
CMA CGM SYMI,9HA5600 ,9867839,MT,,CS,150844,229779000,1.17701880416,103.825068833,2.46933,4.78715,1.64934,95.8263,1.43116998664,81.9965,2023-07-13 20:25:39,False,,,,
CMA CGM SYMI,9HA5600 ,9867839,MT,,CS,150844,229779000,1.17700667964,103.825223937,2.46933,4.80456,1.64934,95.5722,1.43116998664,81.9965,2023-07-13 20:25:49,False,,,,
CMA CGM SYMI,9HA5600 ,9867839,MT,,CS,150844,229779000,1.17700062411,103.825563642,2.57222,4.98265,1.60745,92.9071,1.41371669412,80.9967,2023-07-13 20:26:00,False,,,,
CMA CGM SYMI,9HA5600 ,9867839,MT,,CS,150844,229779000,1.17699146711,103.825730935,2.62367,5.08073,1.61443,93.0704,1.43116998664,81.9965,2023-07-13 20:26:09,False,,,,
CMA CGM SYMI,9HA5600 ,9867839,MT,,CS,150844,229779000,1.17697610324,103.826107743,2.62367,5.17589,1.61443,92.583,1.43116998664,82.9962,2023-07-13 20:26:19,False,,,,
CMA CGM SYMI,9HA5600 ,9867839,MT,,CS,150844,229779000,1.17697720864,103.826275153,2.67511,5.19097,1.58999,91.0728,1.46607657168,83.996,2023-07-13 20:26:29,False,,,,
CMA CGM SYMI,9HA5600 ,9867839,MT,,CS,150844,229779000,1.17697752787,103.826426159,2.67511,5.19006,1.57254,90.0,1.46607657168,83.996,2023-07-13 20:26:39,False,,,,
CMA CGM SYMI,9HA5600 ,9867839,MT,,CS,150844,229779000,1.17698509954,103.826771045,2.72656,5.28758,1.55858,89.3681,1.46607657168,83.996,2023-07-13 20:26:49,False,,,,
CMA CGM SYMI,9HA5600 ,9867839,MT,,CS,150844,229779000,1.17698822741,103.826944578,2.72656,5.30702,1.55858,89.3704,1.46607657168,83.996,2023-07-13 20:27:00,False,,,,
CMA CGM SYMI,9HA5600 ,9867839,MT,,CS,150844,229779000,1.17700555809,103.827294667,2.72656,5.31025,1.5324,87.9022,1.46607657168,83.996,2023-07-13 20:27:09,False,,,,
CMA CGM SYMI,9HA5600 ,9867839,MT,,CS,150844,229779000,1.17701426798,103.827519843,2.72656,5.30958,1.53414,88.1118,1.46607657168,83.996,2023-07-13 20:27:19,False,,,,
CMA CGM SYMI,9HA5600 ,9867839,MT,,CS,150844,229779000,1.17702125526,103.827694069,2.72656,5.32968,1.53414,87.9098,1.46607657168,83.996,2023-07-13 20:27:29,False,,,,
CMA CGM SYMI,9HA5600 ,9867839,MT,,CS,150844,229779000,1.17704648147,103.828056061,2.778,5.41283,1.50796,86.706,1.46607657168,83.996,2023-07-13 20:27:39,False,,,,
CMA CGM SYMI,9HA5600 ,9867839,MT,,CS,150844,229779000,1.17705821133,103.828230488,2.778,5.41283,1.50796,86.706,1.46607657168,83.996,2023-07-13 20:27:49,False,,,,
CMA CGM SYMI,9HA5600 ,9867839,MT,,CS,150844,229779000,1.17708018698,103.828537089,2.93233,5.6713,1.49575,85.8724,1.46607657168,83.996,2023-07-13 20:28:00,False,,,,
CMA CGM SYMI,9HA5600 ,9867839,MT,,CS,150844,229779000,1.17709710116,103.828729681,3.03522,5.85175,1.48353,85.2364,1.46607657168,83.996,2023-07-13 20:28:09,False,,,,
CMA CGM SYMI,9HA5600 ,9867839,MT,,CS,150844,229779000,1.17711422728,103.82891994,3.03522,5.85175,1.48353,85.2364,1.46607657168,83.996,2023-07-13 20:28:19,False,,,,
CMA CGM SYMI,9HA5600 ,9867839,MT,,CS,150844,229779000,1.17715423812,103.82935384,3.241,6.20534,1.48004,84.9681,1.46607657168,83.996,2023-07-13 20:28:29,False,,,,
CMA CGM SYMI,9HA5600 ,9867839,MT,,CS,150844,229779000,1.17717265369,103.829554251,3.241,6.20534,1.48004,84.9681,1.46607657168,83.996,2023-07-13 20:28:39,False,,,,
CMA CGM SYMI,9HA5600 ,9867839,MT,,CS,150844,229779000,1.17722303293,103.829999832,3.44678,6.56047,1.44164,83.0224,1.44862327916,82.9962,2023-07-13 20:28:49,False,,,,
CMA CGM SYMI,9HA5600 ,9867839,MT,,CS,150844,229779000,1.17725900595,103.830211983,3.49822,6.64491,1.43466,82.6047,1.43116998664,81.9965,2023-07-13 20:29:00,False,,,,
CMA CGM SYMI,9HA5600 ,9867839,MT,,CS,150844,229779000,1.17728945919,103.830430817,3.49822,6.66418,1.43466,82.6262,1.43116998664,81.9965,2023-07-13 20:29:09,False,,,,
CMA CGM SYMI,9HA5600 ,9867839,MT,,CS,150844,229779000,1.17735845549,103.830874146,3.60111,6.85607,1.41895,81.6861,1.41371669412,80.9967,2023-07-13 20:29:19,False,,,,
CMA CGM SYMI,9HA5600 ,9867839,MT,,CS,150844,229779000,1.1773980144,103.831128945,3.60111,6.85607,1.41895,81.6861,1.41371669412,80.9967,2023-07-13 20:29:29,False,,,,
CMA CGM SYMI,9HA5600 ,9867839,MT,,CS,150844,229779000,1.17748090343,103.831659842,3.75544,7.14566,1.40674,80.922,1.3962634016,79.9969,2023-07-13 20:29:39,False,,,,
CMA CGM SYMI,9HA5600 ,9867839,MT,,CS,150844,229779000,1.1775186781,103.831889751,3.75544,7.14566,1.40674,80.922,1.3962634016,79.9969,2023-07-13 20:29:49,False,,,,
CMA CGM SYMI,9HA5600 ,9867839,MT,,CS,150844,229779000,1.17759597622,103.832374365,3.85833,7.33085,1.4015,80.5377,1.3962634016,79.9969,2023-07-13 20:30:00,False,,,,
CMA CGM SYMI,9HA5600 ,9867839,MT,,CS,150844,229779000,1.17764431365,103.832621453,3.96122,7.51803,1.37532,79.2711,1.37881010908,78.9972,2023-07-13 20:30:10,False,,,,
CMA CGM SYMI,9HA5600 ,9867839,MT,,CS,150844,229779000,1.17769184736,103.832866382,3.96122,7.54076,1.37532,79.1535,1.37881010908,78.9972,2023-07-13 20:30:19,False,,,,
CMA CGM SYMI,9HA5600 ,9867839,MT,,CS,150844,229779000,1.17779041217,103.833373434,3.96122,7.83447,1.37532,79.2756,1.37881010908,77.9974,2023-07-13 20:30:29,False,,,,
CMA CGM SYMI,9HA5600 ,9867839,MT,,CS,150844,229779000,1.17786205688,103.833708399,3.96122,8.11238,1.37532,78.5285,1.37881010908,76.9977,2023-07-13 20:30:39,False,,,,
CMA CGM SYMI,9HA5600 ,9867839,MT,,CS,150844,229779000,1.1779161967,103.833970654,4.26989,8.13143,1.36485,78.5558,1.34390352404,76.9977,2023-07-13 20:30:49,False,,,,
CMA CGM SYMI,9HA5600 ,9867839,MT,,CS,150844,229779000,1.17801665124,103.83446783,4.57856,8.66556,1.38056,79.2698,1.34390352404,76.9977,2023-07-13 20:31:00,False,,,,
CMA CGM SYMI,9HA5600 ,9867839,MT,,CS,150844,229779000,1.17807185973,103.834749931,4.57856,8.68829,1.38056,79.1677,1.34390352404,76.9977,2023-07-13 20:31:09,False,,,,
CMA CGM SYMI,9HA5600 ,9867839,MT,,CS,150844,229779000,1.17821169515,103.835339177,4.73289,8.98216,1.35787,78.0092,1.34390352404,76.9977,2023-07-13 20:31:20,False,,,,
CMA CGM SYMI,9HA5600 ,9867839,MT,,CS,150844,229779000,1.17824961927,103.835494609,5.04156,8.82197,1.37881,78.0463,1.34390352404,76.9977,2023-07-13 20:31:29,False,,,,
CMA CGM SYMI,9HA5600 ,9867839,MT,,CS,150844,229779000,1.1784097335,103.836365067,5.04156,9.85918,1.37881,77.9368,1.34390352404,76.9977,2023-07-13 20:31:39,False,,,,
CMA CGM SYMI,9HA5600 ,9867839,MT,,CS,150844,229779000,1.17848002652,103.836684267,5.19589,9.88227,1.35787,77.8501,1.34390352404,76.9977,2023-07-13 20:31:49,False,,,,
CMA CGM SYMI,9HA5600 ,9867839,MT,,CS,150844,229779000,1.17855520357,103.837034458,5.19589,10.3349,1.35787,78.4999,1.34390352404,76.9977,2023-07-13 20:32:00,False,,,,
CMA CGM SYMI,9HA5600 ,9867839,MT,,CS,150844,229779000,1.17871149235,103.83771341,5.556,10.5589,1.34914,77.3453,1.34390352404,76.9977,2023-07-13 20:32:09,False,,,,
CMA CGM SYMI,9HA5600 ,9867839,MT,,CS,150844,229779000,1.17878828543,103.83805301,5.556,10.5968,1.34914,77.3914,1.34390352404,76.9977,2023-07-13 20:32:19,False,,,,
CMA CGM SYMI,9HA5600 ,9867839,MT,,CS,150844,229779000,1.17895195762,103.838822339,5.81322,11.0785,1.36659,78.2563,1.34390352404,76.9977,2023-07-13 20:32:29,False,,,,
CMA CGM SYMI,9HA5600 ,9867839,MT,,CS,150844,229779000,1.17904270476,103.839189789,5.81322,11.2631,1.36659,77.6428,1.34390352404,76.9977,2023-07-13 20:32:39,False,,,,
CMA CGM SYMI,9HA5600 ,9867839,MT,,CS,150844,229779000,1.17913800035,103.839607368,6.019,11.4782,1.34739,77.2818,1.34390352404,76.9977,2023-07-13 20:32:49,False,,,,
CMA CGM SYMI,9HA5600 ,9867839,MT,,CS,150844,229779000,1.17931854057,103.840352776,6.07044,11.6092,1.34216,77.0341,1.308996939,74.9982,2023-07-13 20:33:00,False,,,,
CMA CGM SYMI,9HA5600 ,9867839,MT,,CS,150844,229779000,1.17944074616,103.840770068,6.17333,11.8195,1.31423,75.6209,1.27409035396,72.9987,2023-07-13 20:33:09,False,,,,
CMA CGM SYMI,9HA5600 ,9867839,MT,,CS,150844,229779000,1.17962488915,103.841432155,6.17333,11.8693,1.29503,74.712,1.27409035396,72.9987,2023-07-13 20:33:19,False,,,,
CMA CGM SYMI,9HA5600 ,9867839,MT,,CS,150844,229779000,1.17972969601,103.84180702,6.27622,11.8932,1.29678,74.6463,1.25663706144,71.9989,2023-07-13 20:33:29,False,,,,
CMA CGM SYMI,9HA5600 ,9867839,MT,,CS,150844,229779000,1.17988457901,103.842350789,6.27622,12.0909,1.29678,74.7126,1.25663706144,71.9989,2023-07-13 20:33:39,False,,,,
CMA CGM SYMI,9HA5600 ,9867839,MT,,CS,150844,229779000,1.1801416187,103.843118805,6.32767,12.2921,1.28282,73.0838,1.23918376892,70.9991,2023-07-13 20:33:49,False,,,,
CMA CGM SYMI,9HA5600 ,9867839,MT,,CS,150844,229779000,1.18024140874,103.843413423,6.32767,12.4066,1.28282,72.5871,1.23918376892,70.9991,2023-07-13 20:34:00,False,,,,
CMA CGM SYMI,9HA5600 ,9867839,MT,,CS,150844,229779000,1.18051514004,103.844184282,6.482,12.5216,1.23395,71.2557,1.20427718388,68.9996,2023-07-13 20:34:09,False,,,,
CMA CGM SYMI,9HA5600 ,9867839,MT,,CS,150844,229779000,1.18065096348,103.844573984,6.482,12.5462,1.23395,71.2001,1.20427718388,68.9996,2023-07-13 20:34:19,False,,,,
CMA CGM SYMI,9HA5600 ,9867839,MT,,CS,150844,229779000,1.1807453042,103.844858887,6.482,12.5276,1.23395,71.4526,1.20427718388,68.9996,2023-07-13 20:34:29,False,,,,
CMA CGM SYMI,9HA5600 ,9867839,MT,,CS,150844,229779000,1.18119608427,103.845741185,6.482,12.5578,1.15192,66.848,1.09955742876,62.9956,2023-07-13 20:34:39,False,,,,
CMA CGM SYMI,9HA5600 ,9867839,MT,,CS,150844,229779000,1.18136261527,103.846115577,6.482,12.5731,1.14668,66.6851,1.09955742876,62.9956,2023-07-13 20:34:49,False,,,,
CMA CGM SYMI,9HA5600 ,9867839,MT,,CS,150844,229779000,1.18175681901,103.846915949,6.482,12.6789,1.14668,66.0286,1.09955742876,62.9956,2023-07-13 20:35:00,False,,,,
CMA CGM SYMI,9HA5600 ,9867839,MT,,CS,150844,229779000,1.18191971998,103.84724807,6.58489,12.7879,1.13621,65.5777,1.09955742876,62.9956,2023-07-13 20:35:09,False,,,,
CMA CGM SYMI,9HA5600 ,9867839,MT,,CS,150844,229779000,1.18225165987,103.847962942,6.58489,12.8112,1.15366,66.1964,1.1344640138,64.9951,2023-07-13 20:35:19,False,,,,
CMA CGM SYMI,9HA5600 ,9867839,MT,,CS,150844,229779000,1.18244806823,103.848398584,6.68778,12.9948,1.15715,66.2725,1.16937059884,66.9946,2023-07-13 20:35:29,False,,,,
CMA CGM SYMI,9HA5600 ,9867839,MT,,CS,150844,229779000,1.18262356305,103.848786801,6.68778,13.0026,1.15715,66.1941,1.16937059884,66.9946,2023-07-13 20:35:39,False,,,,
CMA CGM SYMI,9HA5600 ,9867839,MT,,CS,150844,229779000,1.18301369461,103.849688019,6.73922,13.196,1.16588,67.0231,1.18682389136,67.9999,2023-07-13 20:35:49,False,,,,
CMA CGM SYMI,9HA5600 ,9867839,MT,,CS,150844,229779000,1.18319409967,103.850094587,6.84211,13.2903,1.17286,66.9224,1.20427718388,68.9996,2023-07-13 20:36:00,False,,,,
CMA CGM SYMI,9HA5600 ,9867839,MT,,CS,150844,229779000,1.18336531087,103.850490175,6.84211,13.298,1.17286,66.8454,1.20427718388,68.9996,2023-07-13 20:36:09,False,,,,
CMA CGM SYMI,9HA5600 ,9867839,MT,,CS,150844,229779000,1.1837268272,103.851366524,6.99644,13.5801,1.18682,67.6199,1.2217304764,69.9994,2023-07-13 20:36:19,False,,,,
CMA CGM SYMI,9HA5600 ,9867839,MT,,CS,150844,229779000,1.18389407278,103.85177491,6.99644,13.5727,1.18682,67.6957,1.2217304764,69.9994,2023-07-13 20:36:29,False,,,,
CMA CGM SYMI,9HA5600 ,9867839,MT,,CS,150844,229779000,1.184218478,103.852555625,7.04789,13.6922,1.18159,67.5491,1.2217304764,69.9994,2023-07-13 20:36:39,False,,,,
CMA CGM SYMI,9HA5600 ,9867839,MT,,CS,150844,229779000,1.18440511772,103.85303919,7.09933,13.7852,1.19555,68.3186,1.2217304764,69.9994,2023-07-13 20:36:49,False,,,,
CMA CGM SYMI,9HA5600 ,9867839,MT,,CS,150844,229779000,1.18472122077,103.853827882,7.15078,13.8862,1.19206,68.139,1.2217304764,69.9994,2023-07-13 20:37:00,False,,,,
CMA CGM SYMI,9HA5600 ,9867839,MT,,CS,150844,229779000,1.18488771527,103.85425199,7.20222,13.9694,1.18682,67.9321,1.2217304764,69.9994,2023-07-13 20:37:09,False,,,,
CMA CGM SYMI,9HA5600 ,9867839,MT,,CS,150844,229779000,1.18503028472,103.854625855,7.20222,13.9731,1.19904,68.539,1.2217304764,69.9994,2023-07-13 20:37:19,False,,,,
CMA CGM SYMI,9HA5600 ,9867839,MT,,CS,150844,229779000,1.18539954494,103.855591079,7.25367,14.0788,1.19381,68.9625,1.2217304764,69.9994,2023-07-13 20:37:29,False,,,,
CMA CGM SYMI,9HA5600 ,9867839,MT,,CS,150844,229779000,1.18556995159,103.85602215,7.25367,14.1825,1.19381,68.534,1.2217304764,69.9994,2023-07-13 20:37:39,False,,,,
CMA CGM SYMI,9HA5600 ,9867839,MT,,CS,150844,229779000,1.18590815049,103.856887597,7.35656,14.2691,1.19555,68.503,1.2217304764,69.9994,2023-07-13 20:37:49,False,,,,
CMA CGM SYMI,9HA5600 ,9867839,MT,,CS,150844,229779000,1.18607418524,103.857321205,7.35656,14.263,1.20602,68.9961,1.2217304764,69.9994,2023-07-13 20:38:00,False,,,,
CMA CGM SYMI,9HA5600 ,9867839,MT,,CS,150844,229779000,1.18626699744,103.857816957,7.408,14.27,1.19904,68.9233,1.2217304764,69.9994,2023-07-13 20:38:09,False,,,,
CMA CGM SYMI,9HA5600 ,9867839,MT,,CS,150844,229779000,1.18661286163,103.858700962,7.45944,14.4682,1.20079,68.8133,1.2217304764,69.9994,2023-07-13 20:38:19,False,,,,
CMA CGM SYMI,9HA5600 ,9867839,MT,,CS,150844,229779000,1.18678237575,103.859141875,7.45944,14.4542,1.20428,68.957,1.2217304764,69.9994,2023-07-13 20:38:29,False,,,,
CMA CGM SYMI,9HA5600 ,9867839,MT,,CS,150844,229779000,1.18712367352,103.860026329,7.51089,14.5519,1.20428,69.0229,1.2217304764,69.9994,2023-07-13 20:38:39,False,,,,
CMA CGM SYMI,9HA5600 ,9867839,MT,,CS,150844,229779000,1.18728846247,103.860466848,7.51089,14.5425,1.21126,69.3364,1.2217304764,69.9994,2023-07-13 20:38:49,False,,,,
CMA CGM SYMI,9HA5600 ,9867839,MT,,CS,150844,229779000,1.18765441761,103.861422557,7.56233,14.6471,1.21126,69.3283,1.2217304764,69.9994,2023-07-13 20:39:00,False,,,,
CMA CGM SYMI,9HA5600 ,9867839,MT,,CS,150844,229779000,1.18784890706,103.861925094,7.56233,14.6496,1.20602,69.088,1.2217304764,69.9994,2023-07-13 20:39:09,False,,,,
CMA CGM SYMI,9HA5600 ,9867839,MT,,CS,150844,229779000,1.18801763461,103.86237243,7.56233,14.6403,1.21126,69.3994,1.2217304764,69.9994,2023-07-13 20:39:19,False,,,,
CMA CGM SYMI,9HA5600 ,9867839,MT,,CS,150844,229779000,1.1883633206,103.86327283,7.61378,14.7518,1.20951,69.3202,1.2217304764,69.9994,2023-07-13 20:39:29,False,,,,
CMA CGM SYMI,9HA5600 ,9867839,MT,,CS,150844,229779000,1.18855961138,103.863773716,7.61378,14.7543,1.20428,69.0817,1.2217304764,69.9994,2023-07-13 20:39:39,False,,,,
CMA CGM SYMI,9HA5600 ,9867839,MT,,CS,150844,229779000,1.18872915112,103.864225316,7.61378,14.7449,1.21126,69.3909,1.2217304764,69.9994,2023-07-13 20:39:49,False,,,,
CMA CGM SYMI,9HA5600 ,9867839,MT,,CS,150844,229779000,1.18901361611,103.864957929,7.61378,14.7405,1.20777,69.2229,1.2217304764,69.9994,2023-07-13 20:40:00,False,,,,
CMA CGM SYMI,9HA5600 ,9867839,MT,,CS,150844,229779000,1.18918390636,103.86540823,7.66522,14.8245,1.21126,69.4264,1.2217304764,69.9994,2023-07-13 20:40:09,False,,,,
CMA CGM SYMI,9HA5600 ,9867839,MT,,CS,150844,229779000,1.18953247046,103.866310764,7.66522,14.827,1.20777,69.189,1.2217304764,69.9994,2023-07-13 20:40:19,False,,,,
CMA CGM SYMI,9HA5600 ,9867839,MT,,CS,150844,229779000,1.18970719399,103.866760618,7.66522,14.827,1.20777,69.189,1.2217304764,69.9994,2023-07-13 20:40:29,False,,,,
CMA CGM SYMI,9HA5600 ,9867839,MT,,CS,150844,229779000,1.1900567026,103.867669736,7.71667,14.9204,1.20428,69.0858,1.2217304764,69.9994,2023-07-13 20:40:39,False,,,,
CMA CGM SYMI,9HA5600 ,9867839,MT,,CS,150844,229779000,1.19024735787,103.868180827,7.66522,14.8314,1.20951,69.3561,1.23918376892,70.9991,2023-07-13 20:40:49,False,,,,
CMA CGM SYMI,9HA5600 ,9867839,MT,,CS,150844,229779000,1.19041709112,103.868641079,7.71667,14.9318,1.21824,69.8193,1.23918376892,70.9991,2023-07-13 20:41:00,False,,,,
CMA CGM SYMI,9HA5600 ,9867839,MT,,CS,150844,229779000,1.19080146565,103.869685516,7.71667,14.9549,1.22173,70.0105,1.25663706144,71.9989,2023-07-13 20:41:09,False,,,,
CMA CGM SYMI,9HA5600 ,9867839,MT,,CS,150844,229779000,1.19096558166,103.870147582,7.71667,14.96,1.22522,70.1759,1.25663706144,71.9989,2023-07-13 20:41:19,False,,,,
CMA CGM SYMI,9HA5600 ,9867839,MT,,CS,150844,229779000,1.1912779787,103.871010702,7.76811,15.058,1.22697,70.2317,1.25663706144,71.9989,2023-07-13 20:41:29,False,,,,
CMA CGM SYMI,9HA5600 ,9867839,MT,,CS,150844,229779000,1.19143632737,103.871475958,7.76811,15.0384,1.22697,70.4408,1.25663706144,71.9989,2023-07-13 20:41:39,False,,,,
CMA CGM SYMI,9HA5600 ,9867839,MT,,CS,150844,229779000,1.19160227123,103.871938634,7.76811,15.0266,1.22871,70.3462,1.25663706144,71.9989,2023-07-13 20:41:49,False,,,,
CMA CGM SYMI,9HA5600 ,9867839,MT,,CS,150844,229779000,1.19194725571,103.872914001,7.76811,14.9823,1.23395,70.6012,1.25663706144,71.9989,2023-07-13 20:42:00,False,,,,
CMA CGM SYMI,9HA5600 ,9867839,MT,,CS,150844,229779000,1.19209216274,103.873316574,7.76811,14.9704,1.2322,70.5063,1.25663706144,71.9989,2023-07-13 20:42:09,False,,,,
CMA CGM SYMI,9HA5600 ,9867839,MT,,CS,150844,229779000,1.19225171219,103.873773579,7.71667,14.8961,1.23569,70.6429,1.25663706144,71.9989,2023-07-13 20:42:19,False,,,,
CMA CGM SYMI,9HA5600 ,9867839,MT,,CS,150844,229779000,1.192596175,103.874741488,7.71667,14.8044,1.23395,70.5182,1.25663706144,71.9989,2023-07-13 20:42:29,False,,,,
CMA CGM SYMI,9HA5600 ,9867839,MT,,CS,150844,229779000,1.19277200501,103.875245556,7.71667,14.7117,1.23395,70.6314,1.25663706144,71.9989,2023-07-13 20:42:39,False,,,,
CMA CGM SYMI,9HA5600 ,9867839,MT,,CS,150844,229779000,1.19308141955,103.876125121,7.45944,14.4108,1.2322,70.5385,1.25663706144,71.9989,2023-07-13 20:42:49,False,,,,
CMA CGM SYMI,9HA5600 ,9867839,MT,,CS,150844,229779000,1.19323594346,103.876564523,7.408,14.3429,1.2322,70.6073,1.25663706144,71.9989,2023-07-13 20:43:00,False,,,,
CMA CGM SYMI,9HA5600 ,9867839,MT,,CS,150844,229779000,1.19350582368,103.877326602,7.30511,14.1898,1.22871,70.4729,1.25663706144,71.9989,2023-07-13 20:43:09,False,,,,
CMA CGM SYMI,9HA5600 ,9867839,MT,,CS,150844,229779000,1.1937046019,103.877875331,7.25367,14.1246,1.22173,70.0438,1.23918376892,70.9991,2023-07-13 20:43:19,False,,,,
CMA CGM SYMI,9HA5600 ,9867839,MT,,CS,150844,229779000,1.19386436283,103.87830394,7.25367,14.1263,1.21649,69.7946,1.23918376892,70.9991,2023-07-13 20:43:29,False,,,,
CMA CGM SYMI,9HA5600 ,9867839,MT,,CS,150844,229779000,1.19416255217,103.879100999,7.15078,13.9441,1.20951,69.5187,1.2217304764,69.9994,2023-07-13 20:43:39,False,,,,
CMA CGM SYMI,9HA5600 ,9867839,MT,,CS,150844,229779000,1.1943408192,103.879577922,7.15078,13.8509,1.20951,69.6322,1.2217304764,69.9994,2023-07-13 20:43:49,False,,,,
CMA CGM SYMI,9HA5600 ,9867839,MT,,CS,150844,229779000,1.19466505242,103.880411701,6.99644,13.6734,1.21126,69.5298,1.20427718388,68.9996,2023-07-13 20:44:00,False,,,,
CMA CGM SYMI,9HA5600 ,9867839,MT,,CS,150844,229779000,1.19485286645,103.880872632,6.99644,13.6713,1.20253,69.0912,1.20427718388,68.9996,2023-07-13 20:44:09,False,,,,
CMA CGM SYMI,9HA5600 ,9867839,MT,,CS,150844,229779000,1.19501378844,103.881286448,6.945,13.5755,1.20951,69.4632,1.20427718388,68.9996,2023-07-13 20:44:19,False,,,,
CMA CGM SYMI,9HA5600 ,9867839,MT,,CS,150844,229779000,1.19535659813,103.88215948,6.89356,13.4871,1.20253,69.0573,1.20427718388,68.9996,2023-07-13 20:44:29,False,,,,
CMA CGM SYMI,9HA5600 ,9867839,MT,,CS,150844,229779000,1.19551317478,103.882568271,6.84211,13.4802,1.20079,69.1345,1.20427718388,68.9996,2023-07-13 20:44:39,False,,,,
